video_id,video_path,emotion_label,emotion_id,dataset_source,match_type,video_hash,source_group_id,orig_duration_s,orig_frame_count,fps,window_index,parent_video_id,start_frame,end_frame,window_duration_s
DS1__exciting_ORG_EXT(130),/Users/rafiabhista/Documents/code/apple/c1_audio/emomv_2/aria/media/minhdanh/5e31d1e3-0187-4837-8530-60bbac61578f1/home/minhdanh/Documents/EmoMV/Dataset1/DS1_TRAIN_MATCH/exciting_ORG_EXT(130).mp4,exciting,0,DS1,match,5e0a5f9960e8e5c5335c2bd8fa70b223d4cd9709a2a44e53bcb1f29028a31d2a,DS1__exciting_ORG_EXT(130),31.4982,944,29.97,0,DS1__exciting_ORG_EXT(130),0,944,31.4982
DS1__exciting_TEST_MV(6)-3-of-26,/Users/rafiabhista/Documents/code/apple/c1_audio/emomv_2/aria/media/minhdanh/5e31d1e3-0187-4837-8530-60bbac61578f1/home/minhdanh/Documents/EmoMV/Dataset1/DS1_TRAIN_MATCH/exciting_TEST_MV(6)-3-of-26.mp4,exciting,0,DS1,match,10cad658ba962d5b3390b6fa67d584dba45ab0c1ec78de352fc35c593b40caee,DS1__exciting_TEST_MV(6),29.9966,899,29.97,0,DS1__exciting_TEST_MV(6)-3-of-26,0,899,29.9966
DS1__exciting_ORG_EXT(166),/Users/rafiabhista/Documents/code/apple/c1_audio/emomv_2/aria/media/minhdanh/5e31d1e3-0187-4837-8530-60bbac61578f1/home/minhdanh/Documents/EmoMV/Dataset1/DS1_TRAIN_MATCH/exciting_ORG_EXT(166).mp4,exciting,0,DS1,match,5f272bfbeeada30fd531ff7870d913576433c6d851929bf0fc85414c8e3d961b,DS1__exciting_ORG_EXT(166),29.52,738,25.0,0,DS1__exciting_ORG_EXT(166),0,738,29.52
DS1__exciting_ORG_EXT(189)__win0,/Users/rafiabhista/Documents/code/apple/c1_audio/emomv_2/aria/media/minhdanh/5e31d1e3-0187-4837-8530-60bbac61578f1/home/minhdanh/Documents/EmoMV/Dataset1/DS1_TRAIN_MATCH/exciting_ORG_EXT(189).mp4,exciting,0,DS1,match,e08fbb6486c828abacbed7acec6d4891bf2369c630b371b260d21ad2267604f5,DS1__exciting_ORG_EXT(189),60.769,1457,23.976,0,DS1__exciting_ORG_EXT(189),0,719,29.9883
DS1__exciting_ORG_EXT(189)__win1,/Users/rafiabhista/Documents/code/apple/c1_audio/emomv_2/aria/media/minhdanh/5e31d1e3-0187-4837-8530-60bbac61578f1/home/minhdanh/Documents/EmoMV/Dataset1/DS1_TRAIN_MATCH/exciting_ORG_EXT(189).mp4,exciting,0,DS1,match,e08fbb6486c828abacbed7acec6d4891bf2369c630b371b260d21ad2267604f5,DS1__exciting_ORG_EXT(189),60.769,1457,23.976,1,DS1__exciting_ORG_EXT(189),719,1438,29.9883
DS1__exciting_TEST_EXT(9)-69-of-95,/Users/rafiabhista/Documents/code/apple/c1_audio/emomv_2/aria/media/minhdanh/5e31d1e3-0187-4837-8530-60bbac61578f1/home/minhdanh/Documents/EmoMV/Dataset1/DS1_TRAIN_MATCH/exciting_TEST_EXT(9)-69-of-95.mp4,exciting,0,DS1,match,df83b249a0055af8c4657fb38818a67e02cb1e6f164bed8fc2fe7cee3daaaa36,DS1__exciting_TEST_EXT(9),29.44,736,25.0,0,DS1__exciting_TEST_EXT(9)-69-of-95,0,736,29.44
DS1__exciting_Ext_FINAL_DL(9),/Users/rafiabhista/Documents/code/apple/c1_audio/emomv_2/aria/media/minhdanh/5e31d1e3-0187-4837-8530-60bbac61578f1/home/minhdanh/Documents/EmoMV/Dataset1/DS1_TRAIN_MATCH/exciting_Ext_FINAL_DL(9).mp4,exciting,0,DS1,match,6e7548a545c8b60b10dc30b9b47dac6db2cd2d93e7f360faf03ef625f57f184e,DS1__exciting_Ext_FINAL_DL(9),30.0,900,30.0,0,DS1__exciting_Ext_FINAL_DL(9),0,900,30.0
DS1__exciting_TEST_EXT(15)-88-of-153,/Users/rafiabhista/Documents/code/apple/c1_audio/emomv_2/aria/media/minhdanh/5e31d1e3-0187-4837-8530-60bbac61578f1/home/minhdanh/Documents/EmoMV/Dataset1/DS1_TRAIN_MATCH/exciting_TEST_EXT(15)-88-of-153.mp4,exciting,0,DS1,match,4b4c3e661cf95d0bf8dc97b60c394ca1b9c29fe02c46df00b32ee7929d34a624,DS1__exciting_TEST_EXT(15),26.92,673,25.0,0,DS1__exciting_TEST_EXT(15)-88-of-153,0,673,26.92
DS1__exciting_REVIEW_EXT(21),/Users/rafiabhista/Documents/code/apple/c1_audio/emomv_2/aria/media/minhdanh/5e31d1e3-0187-4837-8530-60bbac61578f1/home/minhdanh/Documents/EmoMV/Dataset1/DS1_TRAIN_MATCH/exciting_REVIEW_EXT(21).mp4,exciting,0,DS1,match,a1348458601d6b3bb018813b63e97c9c14dd437c69bbaf5196fff365ced4f6f6,DS1__exciting_REVIEW_EXT(21),29.64,741,25.0,0,DS1__exciting_REVIEW_EXT(21),0,741,29.64
DS1__exciting_TEST_MV(8)-5-of-10,/Users/rafiabhista/Documents/code/apple/c1_audio/emomv_2/aria/media/minhdanh/5e31d1e3-0187-4837-8530-60bbac61578f1/home/minhdanh/Documents/EmoMV/Dataset1/DS1_TRAIN_MATCH/exciting_TEST_MV(8)-5-of-10.mp4,exciting,0,DS1,match,a36a93177f3ff2f1363222f63e5e730d244967888deabd0d04deaae37529b09c,DS1__exciting_TEST_MV(8),29.92,748,25.0,0,DS1__exciting_TEST_MV(8)-5-of-10,0,748,29.92
DS1__exciting_ORG_EXT(18),/Users/rafiabhista/Documents/code/apple/c1_audio/emomv_2/aria/media/minhdanh/5e31d1e3-0187-4837-8530-60bbac61578f1/home/minhdanh/Documents/EmoMV/Dataset1/DS1_TRAIN_MATCH/exciting_ORG_EXT(18).mp4,exciting,0,DS1,match,19ad2eec8f13c8e27d4a0edf99e6565711dbce7f9feb6897a74f132cc116a018,DS1__exciting_ORG_EXT(18),31.68,792,25.0,0,DS1__exciting_ORG_EXT(18),0,792,31.68
DS1__exciting_ORG_EXT(354),/Users/rafiabhista/Documents/code/apple/c1_audio/emomv_2/aria/media/minhdanh/5e31d1e3-0187-4837-8530-60bbac61578f1/home/minhdanh/Documents/EmoMV/Dataset1/DS1_TRAIN_MATCH/exciting_ORG_EXT(354).mp4,exciting,0,DS1,match,bcaec9cb57605a13480539f81c2366e5c32871b0a7fb2aae156eedd26c0bc118,DS1__exciting_ORG_EXT(354),29.7381,713,23.976,0,DS1__exciting_ORG_EXT(354),0,713,29.7381
DS1__exciting_Ext_FINAL_DL(13),/Users/rafiabhista/Documents/code/apple/c1_audio/emomv_2/aria/media/minhdanh/5e31d1e3-0187-4837-8530-60bbac61578f1/home/minhdanh/Documents/EmoMV/Dataset1/DS1_TRAIN_MATCH/exciting_Ext_FINAL_DL(13).mp4,exciting,0,DS1,match,e785038589ab74bba94d13bbe05cb80459c9d17b13d90f15f8716ea5579a5ffe,DS1__exciting_Ext_FINAL_DL(13),29.2667,878,30.0,0,DS1__exciting_Ext_FINAL_DL(13),0,878,29.2667
DS1__exciting_TEST_MV(10)-4-of-25,/Users/rafiabhista/Documents/code/apple/c1_audio/emomv_2/aria/media/minhdanh/5e31d1e3-0187-4837-8530-60bbac61578f1/home/minhdanh/Documents/EmoMV/Dataset1/DS1_TRAIN_MATCH/exciting_TEST_MV(10)-4-of-25.mp4,exciting,0,DS1,match,ac57a23bfad7f396bd18c8023d6a10062c59096d84ab73eddc9f9489f967e5b0,DS1__exciting_TEST_MV(10),29.6,888,30.0,0,DS1__exciting_TEST_MV(10)-4-of-25,0,888,29.6
DS1__exciting_ORG_EXT(223),/Users/rafiabhista/Documents/code/apple/c1_audio/emomv_2/aria/media/minhdanh/5e31d1e3-0187-4837-8530-60bbac61578f1/home/minhdanh/Documents/EmoMV/Dataset1/DS1_TRAIN_MATCH/exciting_ORG_EXT(223).mp4,exciting,0,DS1,match,b53d279a2a84bf63424374f29cb3d9f042f9cb6760a8f48978c86cb90ac0e1a8,DS1__exciting_ORG_EXT(223),28.5702,685,23.976,0,DS1__exciting_ORG_EXT(223),0,685,28.5702
DS1__exciting_ORG_EXT(79),/Users/rafiabhista/Documents/code/apple/c1_audio/emomv_2/aria/media/minhdanh/5e31d1e3-0187-4837-8530-60bbac61578f1/home/minhdanh/Documents/EmoMV/Dataset1/DS1_TRAIN_MATCH/exciting_ORG_EXT(79).mp4,exciting,0,DS1,match,9e1d553ecaa70ce446d05389beb09d60ca3c5439424e6935a915530ee6080872,DS1__exciting_ORG_EXT(79),30.36,759,25.0,0,DS1__exciting_ORG_EXT(79),0,759,30.36
DS1__exciting_DEAP_DB_EXTT(5),/Users/rafiabhista/Documents/code/apple/c1_audio/emomv_2/aria/media/minhdanh/5e31d1e3-0187-4837-8530-60bbac61578f1/home/minhdanh/Documents/EmoMV/Dataset1/DS1_TRAIN_MATCH/exciting_DEAP_DB_EXTT(5).mp4,exciting,0,DS1,match,84c91431343b58026f4630dd86299a296d30c86189f77a982c233a25031931f4,DS1__exciting_DEAP_DB_EXTT(5),28.8,720,25.0,0,DS1__exciting_DEAP_DB_EXTT(5),0,720,28.8
DS1__exciting_TEST_RELX(15)-7-of-9,/Users/rafiabhista/Documents/code/apple/c1_audio/emomv_2/aria/media/minhdanh/5e31d1e3-0187-4837-8530-60bbac61578f1/home/minhdanh/Documents/EmoMV/Dataset1/DS1_TRAIN_MATCH/exciting_TEST_RELX(15)-7-of-9.mp4,exciting,0,DS1,match,d0e72a2700f7780869c70809dd1010b6dd7736d52903ecdf50357f56b42bdc9b,DS1__exciting_TEST_RELX(15),28.7287,861,29.97,0,DS1__exciting_TEST_RELX(15)-7-of-9,0,861,28.7287
DS1__exciting_Exciting_MV_NC3(31)-4-of-7,/Users/rafiabhista/Documents/code/apple/c1_audio/emomv_2/aria/media/minhdanh/5e31d1e3-0187-4837-8530-60bbac61578f1/home/minhdanh/Documents/EmoMV/Dataset1/DS1_TRAIN_MATCH/exciting_Exciting_MV_NC3(31)-4-of-7.mp4,exciting,0,DS1,match,fa9a7a16d3491e0ae1eb6602f4198dee605b492443f84fd3d6e62df32ca143ba,DS1__exciting_Exciting_MV_NC3(31),29.32,703,23.9768,0,DS1__exciting_Exciting_MV_NC3(31)-4-of-7,0,703,29.32
DS1__exciting_Exciting_MV_3GPP(38)-4-of-9,/Users/rafiabhista/Documents/code/apple/c1_audio/emomv_2/aria/media/minhdanh/5e31d1e3-0187-4837-8530-60bbac61578f1/home/minhdanh/Documents/EmoMV/Dataset1/DS1_TRAIN_MATCH/exciting_Exciting_MV_3GPP(38)-4-of-9.mp4,exciting,0,DS1,match,eae568eac21f9493d9e6f27451e44c8328add8adf8041bb1412165b7e79152cc,DS1__exciting_Exciting_MV_3GPP(38),29.8,745,25.0,0,DS1__exciting_Exciting_MV_3GPP(38)-4-of-9,0,745,29.8
DS1__exciting_REVIEW_EXT(33),/Users/rafiabhista/Documents/code/apple/c1_audio/emomv_2/aria/media/minhdanh/5e31d1e3-0187-4837-8530-60bbac61578f1/home/minhdanh/Documents/EmoMV/Dataset1/DS1_TRAIN_MATCH/exciting_REVIEW_EXT(33).mp4,exciting,0,DS1,match,d06279f2f03f59400c40dd3a488f99f803a80fcddc1951fc7921f771dcd1ad32,DS1__exciting_REVIEW_EXT(33),32.0654,961,29.97,0,DS1__exciting_REVIEW_EXT(33),0,961,32.0654
DS1__exciting_ORG_EXT(157),/Users/rafiabhista/Documents/code/apple/c1_audio/emomv_2/aria/media/minhdanh/5e31d1e3-0187-4837-8530-60bbac61578f1/home/minhdanh/Documents/EmoMV/Dataset1/DS1_TRAIN_MATCH/exciting_ORG_EXT(157).mp4,exciting,0,DS1,match,7d5135a11595f0b2c41b9827c1964fa3d548c4fb0854a4205862af1d80a06343,DS1__exciting_ORG_EXT(157),30.0634,901,29.97,0,DS1__exciting_ORG_EXT(157),0,901,30.0634
DS1__exciting_DEAP_DBW_EXT(33),/Users/rafiabhista/Documents/code/apple/c1_audio/emomv_2/aria/media/minhdanh/5e31d1e3-0187-4837-8530-60bbac61578f1/home/minhdanh/Documents/EmoMV/Dataset1/DS1_TRAIN_MATCH/exciting_DEAP_DBW_EXT(33).mp4,exciting,0,DS1,match,72f5c9c71a5b6dd5820938f3b4121aa4fb8fcc7b32dd19e212dc3279968596c2,DS1__exciting_DEAP_DBW_EXT(33),29.1291,873,29.97,0,DS1__exciting_DEAP_DBW_EXT(33),0,873,29.1291
DS1__exciting_ORG_EXT(285),/Users/rafiabhista/Documents/code/apple/c1_audio/emomv_2/aria/media/minhdanh/5e31d1e3-0187-4837-8530-60bbac61578f1/home/minhdanh/Documents/EmoMV/Dataset1/DS1_TRAIN_MATCH/exciting_ORG_EXT(285).mp4,exciting,0,DS1,match,963e876a5701639882adc6798cff0562db9a7193fe4f94b9baef0b1338315e92,DS1__exciting_ORG_EXT(285),29.296,878,29.97,0,DS1__exciting_ORG_EXT(285),0,878,29.296
DS1__exciting_TEST_EXT(15)-102-of-153,/Users/rafiabhista/Documents/code/apple/c1_audio/emomv_2/aria/media/minhdanh/5e31d1e3-0187-4837-8530-60bbac61578f1/home/minhdanh/Documents/EmoMV/Dataset1/DS1_TRAIN_MATCH/exciting_TEST_EXT(15)-102-of-153.mp4,exciting,0,DS1,match,c9e6622259f59ae0cdad42651991560c8ec093a61854a878cfeaec8dc4453aec,DS1__exciting_TEST_EXT(15),25.64,641,25.0,0,DS1__exciting_TEST_EXT(15)-102-of-153,0,641,25.64
DS1__exciting_ORG_EXT(21),/Users/rafiabhista/Documents/code/apple/c1_audio/emomv_2/aria/media/minhdanh/5e31d1e3-0187-4837-8530-60bbac61578f1/home/minhdanh/Documents/EmoMV/Dataset1/DS1_TRAIN_MATCH/exciting_ORG_EXT(21).mp4,exciting,0,DS1,match,dfd66b011b457ddf995503e21223ef651b0ee058ee3668028acd8f25f37be62f,DS1__exciting_ORG_EXT(21),29.52,738,25.0,0,DS1__exciting_ORG_EXT(21),0,738,29.52
DS1__exciting_TEST_EXT(15)-16-of-153,/Users/rafiabhista/Documents/code/apple/c1_audio/emomv_2/aria/media/minhdanh/5e31d1e3-0187-4837-8530-60bbac61578f1/home/minhdanh/Documents/EmoMV/Dataset1/DS1_TRAIN_MATCH/exciting_TEST_EXT(15)-16-of-153.mp4,exciting,0,DS1,match,43f9b79873853ee4683370b3f54bc3966fcc890c7f4b1f92cbbef3b19abcb7cd,DS1__exciting_TEST_EXT(15),26.28,657,25.0,0,DS1__exciting_TEST_EXT(15)-16-of-153,0,657,26.28
DS1__exciting_ORG_EXT(315),/Users/rafiabhista/Documents/code/apple/c1_audio/emomv_2/aria/media/minhdanh/5e31d1e3-0187-4837-8530-60bbac61578f1/home/minhdanh/Documents/EmoMV/Dataset1/DS1_TRAIN_MATCH/exciting_ORG_EXT(315).mp4,exciting,0,DS1,match,e94c291eed0c6a6d61219307d4f5aa3b87431b8b2fbe5da57adf59dacef9a525,DS1__exciting_ORG_EXT(315),30.92,773,25.0,0,DS1__exciting_ORG_EXT(315),0,773,30.92
DS1__exciting_REVIEW_EXT_Q2(28),/Users/rafiabhista/Documents/code/apple/c1_audio/emomv_2/aria/media/minhdanh/5e31d1e3-0187-4837-8530-60bbac61578f1/home/minhdanh/Documents/EmoMV/Dataset1/DS1_TRAIN_MATCH/exciting_REVIEW_EXT_Q2(28).mp4,exciting,0,DS1,match,8f02db1f02f746b481200c876be3e57abd0aeccccf3ba5adea28299f5835b2da,DS1__exciting_REVIEW_EXT_Q2(28),29.2333,877,30.0,0,DS1__exciting_REVIEW_EXT_Q2(28),0,877,29.2333
DS1__exciting_HAPPY_HEA(61)-9-of-10,/Users/rafiabhista/Documents/code/apple/c1_audio/emomv_2/aria/media/minhdanh/5e31d1e3-0187-4837-8530-60bbac61578f1/home/minhdanh/Documents/EmoMV/Dataset1/DS1_TRAIN_MATCH/exciting_HAPPY_HEA(61)-9-of-10.mp4,exciting,0,DS1,match,ab8547cfaeb5e3a5f2be0e345e3a431bd9a7db2928ee14b900c9955d16900424,DS1__exciting_HAPPY_HEA(61),29.7797,714,23.976,0,DS1__exciting_HAPPY_HEA(61)-9-of-10,0,714,29.7797
DS1__exciting_REVIEW_EXT(58),/Users/rafiabhista/Documents/code/apple/c1_audio/emomv_2/aria/media/minhdanh/5e31d1e3-0187-4837-8530-60bbac61578f1/home/minhdanh/Documents/EmoMV/Dataset1/DS1_TRAIN_MATCH/exciting_REVIEW_EXT(58).mp4,exciting,0,DS1,match,1938b6fe81f071fe81d6c6c803c3560ca40e6447aad5781bb24004ab40d17495,DS1__exciting_REVIEW_EXT(58),30.0,750,25.0,0,DS1__exciting_REVIEW_EXT(58),0,750,30.0
DS1__exciting_DEAP_DB_EX(25),/Users/rafiabhista/Documents/code/apple/c1_audio/emomv_2/aria/media/minhdanh/5e31d1e3-0187-4837-8530-60bbac61578f1/home/minhdanh/Documents/EmoMV/Dataset1/DS1_TRAIN_MATCH/exciting_DEAP_DB_EX(25).mp4,exciting,0,DS1,match,ef6673223fe61066bb2d6af1febce2892101322a4da525c1cea526993f9cd37d,DS1__exciting_DEAP_DB_EX(25),29.2959,878,29.97,0,DS1__exciting_DEAP_DB_EX(25),0,878,29.2959
DS1__exciting_Exciting_10,/Users/rafiabhista/Documents/code/apple/c1_audio/emomv_2/aria/media/minhdanh/5e31d1e3-0187-4837-8530-60bbac61578f1/home/minhdanh/Documents/EmoMV/Dataset1/DS1_TRAIN_MATCH/exciting_Exciting_10.mp4,exciting,0,DS1,match,07ea7a81c02fd0fa976533add9943de1ee4d5b878d4620c65001cc610f8e6a10,DS1__exciting_Exciting_10,31.3647,940,29.97,0,DS1__exciting_Exciting_10,0,940,31.3647
DS1__exciting_TEST_MV(9)-10-of-12,/Users/rafiabhista/Documents/code/apple/c1_audio/emomv_2/aria/media/minhdanh/5e31d1e3-0187-4837-8530-60bbac61578f1/home/minhdanh/Documents/EmoMV/Dataset1/DS1_TRAIN_MATCH/exciting_TEST_MV(9)-10-of-12.mp4,exciting,0,DS1,match,a0443b171817330f7ee89edb7dbc7ac0360f3c3ee7383c844f6be4f51392f739,DS1__exciting_TEST_MV(9),30.0,720,24.0,0,DS1__exciting_TEST_MV(9)-10-of-12,0,720,30.0
DS1__exciting_ORG_EXT(107),/Users/rafiabhista/Documents/code/apple/c1_audio/emomv_2/aria/media/minhdanh/5e31d1e3-0187-4837-8530-60bbac61578f1/home/minhdanh/Documents/EmoMV/Dataset1/DS1_TRAIN_MATCH/exciting_ORG_EXT(107).mp4,exciting,0,DS1,match,08b8735a3bcbaabb2b62f5a0af88d13d3886264699e849cbc35a17c20815fb25,DS1__exciting_ORG_EXT(107),29.3209,703,23.9761,0,DS1__exciting_ORG_EXT(107),0,703,29.3209
DS1__exciting_TEST_EXT(10)-94-of-98,/Users/rafiabhista/Documents/code/apple/c1_audio/emomv_2/aria/media/minhdanh/5e31d1e3-0187-4837-8530-60bbac61578f1/home/minhdanh/Documents/EmoMV/Dataset1/DS1_TRAIN_MATCH/exciting_TEST_EXT(10)-94-of-98.mp4,exciting,0,DS1,match,7ab15864d1aedf4d3644dc4c33813a701ee915056856d815d513f8654e6c8056,DS1__exciting_TEST_EXT(10),28.2083,677,24.0,0,DS1__exciting_TEST_EXT(10)-94-of-98,0,677,28.2083
DS1__exciting_TEST_MV(9)-8-of-12,/Users/rafiabhista/Documents/code/apple/c1_audio/emomv_2/aria/media/minhdanh/5e31d1e3-0187-4837-8530-60bbac61578f1/home/minhdanh/Documents/EmoMV/Dataset1/DS1_TRAIN_MATCH/exciting_TEST_MV(9)-8-of-12.mp4,exciting,0,DS1,match,f364c0fedd3d98141a2ce2015653c88515aaa12e2f75f4f15996fe3df9290f6e,DS1__exciting_TEST_MV(9),30.0,720,24.0,0,DS1__exciting_TEST_MV(9)-8-of-12,0,720,30.0
DS1__exciting_ORG_EXT(203),/Users/rafiabhista/Documents/code/apple/c1_audio/emomv_2/aria/media/minhdanh/5e31d1e3-0187-4837-8530-60bbac61578f1/home/minhdanh/Documents/EmoMV/Dataset1/DS1_TRAIN_MATCH/exciting_ORG_EXT(203).mp4,exciting,0,DS1,match,9506a35d18a0124367d53efc5dac1f16a595bf564880531d7161419753e1f471,DS1__exciting_ORG_EXT(203),30.9059,741,23.976,0,DS1__exciting_ORG_EXT(203),0,741,30.9059
DS1__exciting_TEST_MV(6)-22-of-26,/Users/rafiabhista/Documents/code/apple/c1_audio/emomv_2/aria/media/minhdanh/5e31d1e3-0187-4837-8530-60bbac61578f1/home/minhdanh/Documents/EmoMV/Dataset1/DS1_TRAIN_MATCH/exciting_TEST_MV(6)-22-of-26.mp4,exciting,0,DS1,match,91a72be7095d44bf97afe5b23f17f410f645e09bc5755a9224f0dc5fc033db8c,DS1__exciting_TEST_MV(6),28.4284,852,29.97,0,DS1__exciting_TEST_MV(6)-22-of-26,0,852,28.4284
DS1__exciting_TEST_EXT(18)-59-of-73,/Users/rafiabhista/Documents/code/apple/c1_audio/emomv_2/aria/media/minhdanh/5e31d1e3-0187-4837-8530-60bbac61578f1/home/minhdanh/Documents/EmoMV/Dataset1/DS1_TRAIN_MATCH/exciting_TEST_EXT(18)-59-of-73.mp4,exciting,0,DS1,match,cad64e3b333597f5dedc2f404218c2d8df15f8b2c19c7062befb7e5442973a5c,DS1__exciting_TEST_EXT(18),28.9583,695,24.0,0,DS1__exciting_TEST_EXT(18)-59-of-73,0,695,28.9583
DS1__exciting_Exciting_MV_NC2(66)-5-of-10,/Users/rafiabhista/Documents/code/apple/c1_audio/emomv_2/aria/media/minhdanh/5e31d1e3-0187-4837-8530-60bbac61578f1/home/minhdanh/Documents/EmoMV/Dataset1/DS1_TRAIN_MATCH/exciting_Exciting_MV_NC2(66)-5-of-10.mp4,exciting,0,DS1,match,b5c2aa12627071bcb3083a676411aeca01b5985f102d3291ab495fe6d67d98d9,DS1__exciting_Exciting_MV_NC2(66),28.7,861,30.0,0,DS1__exciting_Exciting_MV_NC2(66)-5-of-10,0,861,28.7
DS1__exciting_TEST_MV(18)-6-of-7,/Users/rafiabhista/Documents/code/apple/c1_audio/emomv_2/aria/media/minhdanh/5e31d1e3-0187-4837-8530-60bbac61578f1/home/minhdanh/Documents/EmoMV/Dataset1/DS1_TRAIN_MATCH/exciting_TEST_MV(18)-6-of-7.mp4,exciting,0,DS1,match,8f7fc612fea0392de36b311f8f7f44f5d68363e427c927212f17eb3c50b450bf,DS1__exciting_TEST_MV(18),29.3528,879,29.946,0,DS1__exciting_TEST_MV(18)-6-of-7,0,879,29.3528
DS1__exciting_FINAL_DL-Ext(11),/Users/rafiabhista/Documents/code/apple/c1_audio/emomv_2/aria/media/minhdanh/5e31d1e3-0187-4837-8530-60bbac61578f1/home/minhdanh/Documents/EmoMV/Dataset1/DS1_TRAIN_MATCH/exciting_FINAL_DL-Ext(11).mp4,exciting,0,DS1,match,adfd0b0e9a4b86237a22e3147d6cf5dfee33ce4b28fcda3cf45b2a2be709d163,DS1__exciting_FINAL_DL-Ext(11),28.6536,687,23.976,0,DS1__exciting_FINAL_DL-Ext(11),0,687,28.6536
DS1__exciting_REVIEW_EXT(38),/Users/rafiabhista/Documents/code/apple/c1_audio/emomv_2/aria/media/minhdanh/5e31d1e3-0187-4837-8530-60bbac61578f1/home/minhdanh/Documents/EmoMV/Dataset1/DS1_TRAIN_MATCH/exciting_REVIEW_EXT(38).mp4,exciting,0,DS1,match,de93a2f53fbafd9ade5ce36fea145e3560ea97c2f2b0d22fda8be972fc19e715,DS1__exciting_REVIEW_EXT(38),29.738,713,23.976,0,DS1__exciting_REVIEW_EXT(38),0,713,29.738
DS1__exciting_TEST_EXT(16)-22-of-84,/Users/rafiabhista/Documents/code/apple/c1_audio/emomv_2/aria/media/minhdanh/5e31d1e3-0187-4837-8530-60bbac61578f1/home/minhdanh/Documents/EmoMV/Dataset1/DS1_TRAIN_MATCH/exciting_TEST_EXT(16)-22-of-84.mp4,exciting,0,DS1,match,0304b06a07843ae3006f7c8c5486fd4e38dbebd2e0f13aea47a8f81dd13c67fd,DS1__exciting_TEST_EXT(16),27.64,691,25.0,0,DS1__exciting_TEST_EXT(16)-22-of-84,0,691,27.64
DS1__exciting_DEAP_DB_EXTT(13),/Users/rafiabhista/Documents/code/apple/c1_audio/emomv_2/aria/media/minhdanh/5e31d1e3-0187-4837-8530-60bbac61578f1/home/minhdanh/Documents/EmoMV/Dataset1/DS1_TRAIN_MATCH/exciting_DEAP_DB_EXTT(13).mp4,exciting,0,DS1,match,c9870a4c85c013c0f776412a18913239f974bb7eb842c7f1100163723a19f262,DS1__exciting_DEAP_DB_EXTT(13),28.1615,844,29.97,0,DS1__exciting_DEAP_DB_EXTT(13),0,844,28.1615
DS1__exciting_ORG_EXT(69),/Users/rafiabhista/Documents/code/apple/c1_audio/emomv_2/aria/media/minhdanh/5e31d1e3-0187-4837-8530-60bbac61578f1/home/minhdanh/Documents/EmoMV/Dataset1/DS1_TRAIN_MATCH/exciting_ORG_EXT(69).mp4,exciting,0,DS1,match,0d99db40596f2e460c0d99e3db9f25e9f868fe34f8ff507be55c2b3aeabb8efc,DS1__exciting_ORG_EXT(69),28.64,716,25.0,0,DS1__exciting_ORG_EXT(69),0,716,28.64
DS1__exciting_REVIEW_EXT(27),/Users/rafiabhista/Documents/code/apple/c1_audio/emomv_2/aria/media/minhdanh/5e31d1e3-0187-4837-8530-60bbac61578f1/home/minhdanh/Documents/EmoMV/Dataset1/DS1_TRAIN_MATCH/exciting_REVIEW_EXT(27).mp4,exciting,0,DS1,match,4a1ed0e75f80eab8a09847887a82553c4e2ff94713ddcf06b346614245756695,DS1__exciting_REVIEW_EXT(27),28.9,867,30.0,0,DS1__exciting_REVIEW_EXT(27),0,867,28.9
DS1__exciting_58,/Users/rafiabhista/Documents/code/apple/c1_audio/emomv_2/aria/media/minhdanh/5e31d1e3-0187-4837-8530-60bbac61578f1/home/minhdanh/Documents/EmoMV/Dataset1/DS1_TRAIN_MATCH/exciting_58.mp4,exciting,0,DS1,match,7fe7d0c223ad20a67e1dfa7b411214b26b95903a91f9d203e53b266ca9dce66c,DS1__exciting_58,30.0,750,25.0,0,DS1__exciting_58,0,750,30.0
DS1__exciting_EXT_S1(24),/Users/rafiabhista/Documents/code/apple/c1_audio/emomv_2/aria/media/minhdanh/5e31d1e3-0187-4837-8530-60bbac61578f1/home/minhdanh/Documents/EmoMV/Dataset1/DS1_TRAIN_MATCH/exciting_EXT_S1(24).mp4,exciting,0,DS1,match,1f614ec2fcfde4a6e63607862bb90217df84ee14fecf214cf92f6a0acd526b84,DS1__exciting_EXT_S1(24),28.0,700,25.0,0,DS1__exciting_EXT_S1(24),0,700,28.0
DS1__exciting_Ext_FINAL_DL(23),/Users/rafiabhista/Documents/code/apple/c1_audio/emomv_2/aria/media/minhdanh/5e31d1e3-0187-4837-8530-60bbac61578f1/home/minhdanh/Documents/EmoMV/Dataset1/DS1_TRAIN_MATCH/exciting_Ext_FINAL_DL(23).mp4,exciting,0,DS1,match,f1afac6332e337533143744fa3b365e0cb688deffec703b952c2c53c93871f03,DS1__exciting_Ext_FINAL_DL(23),29.4461,706,23.976,0,DS1__exciting_Ext_FINAL_DL(23),0,706,29.4461
DS1__exciting_TEST_MV(13)-8-of-10,/Users/rafiabhista/Documents/code/apple/c1_audio/emomv_2/aria/media/minhdanh/5e31d1e3-0187-4837-8530-60bbac61578f1/home/minhdanh/Documents/EmoMV/Dataset1/DS1_TRAIN_MATCH/exciting_TEST_MV(13)-8-of-10.mp4,exciting,0,DS1,match,1796576b996b587adfc58a1a7f3d57fc77827e70368ac5cbc8ec35d084d1f85b,DS1__exciting_TEST_MV(13),29.0707,697,23.976,0,DS1__exciting_TEST_MV(13)-8-of-10,0,697,29.0707
DS1__exciting_HAPPY_HEA(83)-2-of-8,/Users/rafiabhista/Documents/code/apple/c1_audio/emomv_2/aria/media/minhdanh/5e31d1e3-0187-4837-8530-60bbac61578f1/home/minhdanh/Documents/EmoMV/Dataset1/DS1_TRAIN_MATCH/exciting_HAPPY_HEA(83)-2-of-8.mp4,exciting,0,DS1,match,53c3d76d165df31f5af4721fc2366c57fc78356019824fb34af95ea7299748cc,DS1__exciting_HAPPY_HEA(83),30.0,900,30.0,0,DS1__exciting_HAPPY_HEA(83)-2-of-8,0,900,30.0
DS1__exciting_TEST_EXT(16)-45-of-84,/Users/rafiabhista/Documents/code/apple/c1_audio/emomv_2/aria/media/minhdanh/5e31d1e3-0187-4837-8530-60bbac61578f1/home/minhdanh/Documents/EmoMV/Dataset1/DS1_TRAIN_MATCH/exciting_TEST_EXT(16)-45-of-84.mp4,exciting,0,DS1,match,30b6d6ae11ce4bce9590feea74bf379eee224fb6288b0282e90192dcfdc35ffc,DS1__exciting_TEST_EXT(16),29.6,740,25.0,0,DS1__exciting_TEST_EXT(16)-45-of-84,0,740,29.6
DS1__exciting_DEAP_DBW_EXT(6),/Users/rafiabhista/Documents/code/apple/c1_audio/emomv_2/aria/media/minhdanh/5e31d1e3-0187-4837-8530-60bbac61578f1/home/minhdanh/Documents/EmoMV/Dataset1/DS1_TRAIN_MATCH/exciting_DEAP_DBW_EXT(6).mp4,exciting,0,DS1,match,09901d4893b5bf62bde0632de0753b8b1d0afba3f8b91b9e174a66bd62390df1,DS1__exciting_DEAP_DBW_EXT(6),28.8955,866,29.97,0,DS1__exciting_DEAP_DBW_EXT(6),0,866,28.8955
DS1__exciting_TEST_EXT(15)-93-of-153,/Users/rafiabhista/Documents/code/apple/c1_audio/emomv_2/aria/media/minhdanh/5e31d1e3-0187-4837-8530-60bbac61578f1/home/minhdanh/Documents/EmoMV/Dataset1/DS1_TRAIN_MATCH/exciting_TEST_EXT(15)-93-of-153.mp4,exciting,0,DS1,match,60e9de9cf9230f5e4f62117aa2b9b9b96ad34bb22a1fa7b90630b2cac91b232c,DS1__exciting_TEST_EXT(15),28.32,708,25.0,0,DS1__exciting_TEST_EXT(15)-93-of-153,0,708,28.32
DS1__exciting_Exciting_MV_NC2(71)-5-of-6,/Users/rafiabhista/Documents/code/apple/c1_audio/emomv_2/aria/media/minhdanh/5e31d1e3-0187-4837-8530-60bbac61578f1/home/minhdanh/Documents/EmoMV/Dataset1/DS1_TRAIN_MATCH/exciting_Exciting_MV_NC2(71)-5-of-6.mp4,exciting,0,DS1,match,a5fcc72c095a63f0e2dedd4835a503647c69a3be97c6b6f9884c468ffdcdf068,DS1__exciting_Exciting_MV_NC2(71),29.8965,896,29.97,0,DS1__exciting_Exciting_MV_NC2(71)-5-of-6,0,896,29.8965
DS1__exciting_TEST_MV(6)-19-of-26,/Users/rafiabhista/Documents/code/apple/c1_audio/emomv_2/aria/media/minhdanh/5e31d1e3-0187-4837-8530-60bbac61578f1/home/minhdanh/Documents/EmoMV/Dataset1/DS1_TRAIN_MATCH/exciting_TEST_MV(6)-19-of-26.mp4,exciting,0,DS1,match,74499092f44bd205fff042401fb53b4fb3d0b91bd49e11f224ec427893eb8d96,DS1__exciting_TEST_MV(6),28.4951,854,29.97,0,DS1__exciting_TEST_MV(6)-19-of-26,0,854,28.4951
DS1__exciting_TEST_MV(10)-2-of-25,/Users/rafiabhista/Documents/code/apple/c1_audio/emomv_2/aria/media/minhdanh/5e31d1e3-0187-4837-8530-60bbac61578f1/home/minhdanh/Documents/EmoMV/Dataset1/DS1_TRAIN_MATCH/exciting_TEST_MV(10)-2-of-25.mp4,exciting,0,DS1,match,0df2dddf56a2642fcd756f237c380d6ec3a0a7d7e1adf94b6cf028331355ee9f,DS1__exciting_TEST_MV(10),29.9,897,30.0,0,DS1__exciting_TEST_MV(10)-2-of-25,0,897,29.9
DS1__exciting_ORG_EXT(194),/Users/rafiabhista/Documents/code/apple/c1_audio/emomv_2/aria/media/minhdanh/5e31d1e3-0187-4837-8530-60bbac61578f1/home/minhdanh/Documents/EmoMV/Dataset1/DS1_TRAIN_MATCH/exciting_ORG_EXT(194).mp4,exciting,0,DS1,match,60faffb0194ab2b39bfc03b4af680615d3651b177952f6de94e7cd6510c2be33,DS1__exciting_ORG_EXT(194),28.6537,687,23.976,0,DS1__exciting_ORG_EXT(194),0,687,28.6537
DS1__exciting_DEAP_DBW_EXT(32),/Users/rafiabhista/Documents/code/apple/c1_audio/emomv_2/aria/media/minhdanh/5e31d1e3-0187-4837-8530-60bbac61578f1/home/minhdanh/Documents/EmoMV/Dataset1/DS1_TRAIN_MATCH/exciting_DEAP_DBW_EXT(32).mp4,exciting,0,DS1,match,aaadd36a9154c08e7c5cf30ac748c51df0214a4e24da3fc15aca322acc2ac8e5,DS1__exciting_DEAP_DBW_EXT(32),29.663,889,29.97,0,DS1__exciting_DEAP_DBW_EXT(32),0,889,29.663
DS1__exciting_ORG_EXT(162),/Users/rafiabhista/Documents/code/apple/c1_audio/emomv_2/aria/media/minhdanh/5e31d1e3-0187-4837-8530-60bbac61578f1/home/minhdanh/Documents/EmoMV/Dataset1/DS1_TRAIN_MATCH/exciting_ORG_EXT(162).mp4,exciting,0,DS1,match,0c3f2b92ffd1ea25fa8b6599bb9800f911df054be00e2b2d211e421e58a0f59f,DS1__exciting_ORG_EXT(162),28.5285,684,23.976,0,DS1__exciting_ORG_EXT(162),0,684,28.5285
DS1__exciting_Exciting_MV_NC3(7)-7-of-8,/Users/rafiabhista/Documents/code/apple/c1_audio/emomv_2/aria/media/minhdanh/5e31d1e3-0187-4837-8530-60bbac61578f1/home/minhdanh/Documents/EmoMV/Dataset1/DS1_TRAIN_MATCH/exciting_Exciting_MV_NC3(7)-7-of-8.mp4,exciting,0,DS1,match,76fa0f834df9b1a6389afa596ed3ec6ff808909f420c47f2c82775663345bb38,DS1__exciting_Exciting_MV_NC3(7),30.0,900,30.0,0,DS1__exciting_Exciting_MV_NC3(7)-7-of-8,0,900,30.0
DS1__exciting_TEST_EXT(11)-14-of-56,/Users/rafiabhista/Documents/code/apple/c1_audio/emomv_2/aria/media/minhdanh/5e31d1e3-0187-4837-8530-60bbac61578f1/home/minhdanh/Documents/EmoMV/Dataset1/DS1_TRAIN_MATCH/exciting_TEST_EXT(11)-14-of-56.mp4,exciting,0,DS1,match,a843e8c59e271cfe02a5fc60d4cd03b601a6f24203bdc70e18630ca87ea9f6e6,DS1__exciting_TEST_EXT(11),29.4167,706,24.0,0,DS1__exciting_TEST_EXT(11)-14-of-56,0,706,29.4167
DS1__exciting_TEST_MV(56)-7-of-9,/Users/rafiabhista/Documents/code/apple/c1_audio/emomv_2/aria/media/minhdanh/5e31d1e3-0187-4837-8530-60bbac61578f1/home/minhdanh/Documents/EmoMV/Dataset1/DS1_TRAIN_MATCH/exciting_TEST_MV(56)-7-of-9.mp4,exciting,0,DS1,match,ff1f75ebb7323fa0d0af85222e8fba161b050183e809dd1fe3797ad989667c49,DS1__exciting_TEST_MV(56),29.9883,719,23.976,0,DS1__exciting_TEST_MV(56)-7-of-9,0,719,29.9883
DS1__exciting_ORG_EXT(77),/Users/rafiabhista/Documents/code/apple/c1_audio/emomv_2/aria/media/minhdanh/5e31d1e3-0187-4837-8530-60bbac61578f1/home/minhdanh/Documents/EmoMV/Dataset1/DS1_TRAIN_MATCH/exciting_ORG_EXT(77).mp4,exciting,0,DS1,match,9fd1894a9bf6de791fd36bfff111213aae086d2c6a2155e1713a6de9202d9494,DS1__exciting_ORG_EXT(77),30.9167,742,24.0,0,DS1__exciting_ORG_EXT(77),0,742,30.9167
DS1__exciting_TEST_MV(14)-5-of-21,/Users/rafiabhista/Documents/code/apple/c1_audio/emomv_2/aria/media/minhdanh/5e31d1e3-0187-4837-8530-60bbac61578f1/home/minhdanh/Documents/EmoMV/Dataset1/DS1_TRAIN_MATCH/exciting_TEST_MV(14)-5-of-21.mp4,exciting,0,DS1,match,5b7921fff39da469678b229a98868582cdbaae0b1d92bdb1618120c867a3b14c,DS1__exciting_TEST_MV(14),30.0,720,24.0,0,DS1__exciting_TEST_MV(14)-5-of-21,0,720,30.0
DS1__exciting_DEAP_DB_EXTT(8),/Users/rafiabhista/Documents/code/apple/c1_audio/emomv_2/aria/media/minhdanh/5e31d1e3-0187-4837-8530-60bbac61578f1/home/minhdanh/Documents/EmoMV/Dataset1/DS1_TRAIN_MATCH/exciting_DEAP_DB_EXTT(8).mp4,exciting,0,DS1,match,32388cbe2a413d04df3177ccf7d9da8969803e39b4d043e2d152585e01e8151e,DS1__exciting_DEAP_DB_EXTT(8),29.4294,882,29.97,0,DS1__exciting_DEAP_DB_EXTT(8),0,882,29.4294
DS1__exciting_Exciting_MV_NC2(23)-4-of-5,/Users/rafiabhista/Documents/code/apple/c1_audio/emomv_2/aria/media/minhdanh/5e31d1e3-0187-4837-8530-60bbac61578f1/home/minhdanh/Documents/EmoMV/Dataset1/DS1_TRAIN_MATCH/exciting_Exciting_MV_NC2(23)-4-of-5.mp4,exciting,0,DS1,match,5e2d77320368c59168da214f29ad9291c235fee28999fe02efe5aaa44243473b,DS1__exciting_Exciting_MV_NC2(23),29.9466,718,23.976,0,DS1__exciting_Exciting_MV_NC2(23)-4-of-5,0,718,29.9466
DS1__exciting_TEST_MV(10)-5-of-25,/Users/rafiabhista/Documents/code/apple/c1_audio/emomv_2/aria/media/minhdanh/5e31d1e3-0187-4837-8530-60bbac61578f1/home/minhdanh/Documents/EmoMV/Dataset1/DS1_TRAIN_MATCH/exciting_TEST_MV(10)-5-of-25.mp4,exciting,0,DS1,match,475571985b4665999960ebee47332f97f73817817d924b142031aad1fa5cac18,DS1__exciting_TEST_MV(10),28.7333,862,30.0,0,DS1__exciting_TEST_MV(10)-5-of-25,0,862,28.7333
DS1__exciting_Exciting_MV_NC2(63)-5-of-8,/Users/rafiabhista/Documents/code/apple/c1_audio/emomv_2/aria/media/minhdanh/5e31d1e3-0187-4837-8530-60bbac61578f1/home/minhdanh/Documents/EmoMV/Dataset1/DS1_TRAIN_MATCH/exciting_Exciting_MV_NC2(63)-5-of-8.mp4,exciting,0,DS1,match,ce138146509b8d15f6cd5bab77113ab258aefc13c87117dc639c98824d7b712c,DS1__exciting_Exciting_MV_NC2(63),30.0,720,24.0,0,DS1__exciting_Exciting_MV_NC2(63)-5-of-8,0,720,30.0
DS1__exciting_ORG_EXT(89),/Users/rafiabhista/Documents/code/apple/c1_audio/emomv_2/aria/media/minhdanh/5e31d1e3-0187-4837-8530-60bbac61578f1/home/minhdanh/Documents/EmoMV/Dataset1/DS1_TRAIN_MATCH/exciting_ORG_EXT(89).mp4,exciting,0,DS1,match,40921bfd5ab3957539032e61bbafc8540f54aad628dda2d9ceb6ac26a41e320e,DS1__exciting_ORG_EXT(89),27.6,690,25.0,0,DS1__exciting_ORG_EXT(89),0,690,27.6
DS1__exciting_TEST_EXT(15)-46-of-153,/Users/rafiabhista/Documents/code/apple/c1_audio/emomv_2/aria/media/minhdanh/5e31d1e3-0187-4837-8530-60bbac61578f1/home/minhdanh/Documents/EmoMV/Dataset1/DS1_TRAIN_MATCH/exciting_TEST_EXT(15)-46-of-153.mp4,exciting,0,DS1,match,1ac7276980315f5add24d8b1a4de56c57467ee97cabc1937a7da82509c7a7423,DS1__exciting_TEST_EXT(15),27.48,687,25.0,0,DS1__exciting_TEST_EXT(15)-46-of-153,0,687,27.48
DS1__exciting_EXT_S1(31),/Users/rafiabhista/Documents/code/apple/c1_audio/emomv_2/aria/media/minhdanh/5e31d1e3-0187-4837-8530-60bbac61578f1/home/minhdanh/Documents/EmoMV/Dataset1/DS1_TRAIN_MATCH/exciting_EXT_S1(31).mp4,exciting,0,DS1,match,3db9bb1969b4a4d69f477f7c2831124e99f1a9839678f7bd2e59c3be723a52c5,DS1__exciting_EXT_S1(31),29.5,708,24.0,0,DS1__exciting_EXT_S1(31),0,708,29.5
DS1__exciting_TEST_EXT(15)-130-of-153,/Users/rafiabhista/Documents/code/apple/c1_audio/emomv_2/aria/media/minhdanh/5e31d1e3-0187-4837-8530-60bbac61578f1/home/minhdanh/Documents/EmoMV/Dataset1/DS1_TRAIN_MATCH/exciting_TEST_EXT(15)-130-of-153.mp4,exciting,0,DS1,match,0b1cc5cc8072bac49c9d77d5089f92b7862039b45beb755ddcadf7f4e2487c52,DS1__exciting_TEST_EXT(15),27.64,691,25.0,0,DS1__exciting_TEST_EXT(15)-130-of-153,0,691,27.64
DS1__exciting_TT(17),/Users/rafiabhista/Documents/code/apple/c1_audio/emomv_2/aria/media/minhdanh/5e31d1e3-0187-4837-8530-60bbac61578f1/home/minhdanh/Documents/EmoMV/Dataset1/DS1_TRAIN_MATCH/exciting_TT(17).mp4,exciting,0,DS1,match,9ef19ef421abc7c8fe970ab0b3796abee909d37ab023d69e66ea76d82c98537a,DS1__exciting_TT(17),31.1979,935,29.97,0,DS1__exciting_TT(17),0,935,31.1979
DS1__exciting_ORG_EXT(71),/Users/rafiabhista/Documents/code/apple/c1_audio/emomv_2/aria/media/minhdanh/5e31d1e3-0187-4837-8530-60bbac61578f1/home/minhdanh/Documents/EmoMV/Dataset1/DS1_TRAIN_MATCH/exciting_ORG_EXT(71).mp4,exciting,0,DS1,match,bfe8e35023e7f3f16053884b22f020f04f86282fbc436ed1429701ffd707c10b,DS1__exciting_ORG_EXT(71),31.6568,759,23.9759,0,DS1__exciting_ORG_EXT(71),0,759,31.6568
DS1__exciting_REVIEW_EXT(45),/Users/rafiabhista/Documents/code/apple/c1_audio/emomv_2/aria/media/minhdanh/5e31d1e3-0187-4837-8530-60bbac61578f1/home/minhdanh/Documents/EmoMV/Dataset1/DS1_TRAIN_MATCH/exciting_REVIEW_EXT(45).mp4,exciting,0,DS1,match,7c7ce4c5e7559977c1f3bc405f57b407bb95ae654cb55c8fc13ecf0f33748437,DS1__exciting_REVIEW_EXT(45),29.16,729,25.0,0,DS1__exciting_REVIEW_EXT(45),0,729,29.16
DS1__exciting_TEST_MV(56)-2-of-9,/Users/rafiabhista/Documents/code/apple/c1_audio/emomv_2/aria/media/minhdanh/5e31d1e3-0187-4837-8530-60bbac61578f1/home/minhdanh/Documents/EmoMV/Dataset1/DS1_TRAIN_MATCH/exciting_TEST_MV(56)-2-of-9.mp4,exciting,0,DS1,match,3765a4eff4cada763800af5b5f0a0e01cf346183f2cf95977dce214d83d32ab9,DS1__exciting_TEST_MV(56),28.1114,674,23.976,0,DS1__exciting_TEST_MV(56)-2-of-9,0,674,28.1114
DS1__exciting_ORG_EXT(334),/Users/rafiabhista/Documents/code/apple/c1_audio/emomv_2/aria/media/minhdanh/5e31d1e3-0187-4837-8530-60bbac61578f1/home/minhdanh/Documents/EmoMV/Dataset1/DS1_TRAIN_MATCH/exciting_ORG_EXT(334).mp4,exciting,0,DS1,match,53593a49047a8681f39a6ab5707deb936942b7adfdbf8d15f00bfc0b5d9e6d24,DS1__exciting_ORG_EXT(334),31.4898,755,23.976,0,DS1__exciting_ORG_EXT(334),0,755,31.4898
DS1__exciting_Exciting_MV_3GPP(64)-7-of-8,/Users/rafiabhista/Documents/code/apple/c1_audio/emomv_2/aria/media/minhdanh/5e31d1e3-0187-4837-8530-60bbac61578f1/home/minhdanh/Documents/EmoMV/Dataset1/DS1_TRAIN_MATCH/exciting_Exciting_MV_3GPP(64)-7-of-8.mp4,exciting,0,DS1,match,10d1ea68c877cec6868c898203ec9bead05bb22221a3de0e88cb253194c478f6,DS1__exciting_Exciting_MV_3GPP(64),29.8298,894,29.97,0,DS1__exciting_Exciting_MV_3GPP(64)-7-of-8,0,894,29.8298
DS1__exciting_ORG_EXT(240),/Users/rafiabhista/Documents/code/apple/c1_audio/emomv_2/aria/media/minhdanh/5e31d1e3-0187-4837-8530-60bbac61578f1/home/minhdanh/Documents/EmoMV/Dataset1/DS1_TRAIN_MATCH/exciting_ORG_EXT(240).mp4,exciting,0,DS1,match,b34e11aa0b3d2a98174d61e14f83305259cbf58dcb00ddaaea6cb275abfa0bad,DS1__exciting_ORG_EXT(240),29.8297,894,29.9702,0,DS1__exciting_ORG_EXT(240),0,894,29.8297
DS1__exciting_REVIEW_EXT_Q2(7),/Users/rafiabhista/Documents/code/apple/c1_audio/emomv_2/aria/media/minhdanh/5e31d1e3-0187-4837-8530-60bbac61578f1/home/minhdanh/Documents/EmoMV/Dataset1/DS1_TRAIN_MATCH/exciting_REVIEW_EXT_Q2(7).mp4,exciting,0,DS1,match,8a18de3b2ae182ffa9ab9688988b9f294670251c52881d36c046cb92e2244637,DS1__exciting_REVIEW_EXT_Q2(7),29.72,743,25.0,0,DS1__exciting_REVIEW_EXT_Q2(7),0,743,29.72
DS1__exciting_TEST_MV(11)-5-of-6,/Users/rafiabhista/Documents/code/apple/c1_audio/emomv_2/aria/media/minhdanh/5e31d1e3-0187-4837-8530-60bbac61578f1/home/minhdanh/Documents/EmoMV/Dataset1/DS1_TRAIN_MATCH/exciting_TEST_MV(11)-5-of-6.mp4,exciting,0,DS1,match,91b2f967d5eac4b1407931b54fdd26e060dc96f7f88458ffda8146320312f72f,DS1__exciting_TEST_MV(11),30.0,750,25.0,0,DS1__exciting_TEST_MV(11)-5-of-6,0,750,30.0
DS1__exciting_TEST_MV(10)-10-of-25,/Users/rafiabhista/Documents/code/apple/c1_audio/emomv_2/aria/media/minhdanh/5e31d1e3-0187-4837-8530-60bbac61578f1/home/minhdanh/Documents/EmoMV/Dataset1/DS1_TRAIN_MATCH/exciting_TEST_MV(10)-10-of-25.mp4,exciting,0,DS1,match,5237c53faaea38da5b53d1260e882dfe9be659159ecd63a9610516c1cea2fe86,DS1__exciting_TEST_MV(10),28.4333,853,30.0,0,DS1__exciting_TEST_MV(10)-10-of-25,0,853,28.4333
DS1__exciting_TEST_MV(20)-6-of-8,/Users/rafiabhista/Documents/code/apple/c1_audio/emomv_2/aria/media/minhdanh/5e31d1e3-0187-4837-8530-60bbac61578f1/home/minhdanh/Documents/EmoMV/Dataset1/DS1_TRAIN_MATCH/exciting_TEST_MV(20)-6-of-8.mp4,exciting,0,DS1,match,624f532e3febf4f6ca3ef1fbaf45095063ef07608663027435c7e59c4fe2cffe,DS1__exciting_TEST_MV(20),29.76,744,25.0,0,DS1__exciting_TEST_MV(20)-6-of-8,0,744,29.76
DS1__exciting_TEST_MV(6)-8-of-26,/Users/rafiabhista/Documents/code/apple/c1_audio/emomv_2/aria/media/minhdanh/5e31d1e3-0187-4837-8530-60bbac61578f1/home/minhdanh/Documents/EmoMV/Dataset1/DS1_TRAIN_MATCH/exciting_TEST_MV(6)-8-of-26.mp4,exciting,0,DS1,match,4d74da1d0c0182c41a8e16b9d6fc9b819c627960aeb32792f98324ac6ce2bb55,DS1__exciting_TEST_MV(6),29.0957,872,29.97,0,DS1__exciting_TEST_MV(6)-8-of-26,0,872,29.0957
DS1__exciting_TEST_EXT(9)-23-of-95,/Users/rafiabhista/Documents/code/apple/c1_audio/emomv_2/aria/media/minhdanh/5e31d1e3-0187-4837-8530-60bbac61578f1/home/minhdanh/Documents/EmoMV/Dataset1/DS1_TRAIN_MATCH/exciting_TEST_EXT(9)-23-of-95.mp4,exciting,0,DS1,match,436fbd2cccfc11592bbba41ed5a853c903abf278be653a1e8317784b3855d7f4,DS1__exciting_TEST_EXT(9),28.84,721,25.0,0,DS1__exciting_TEST_EXT(9)-23-of-95,0,721,28.84
DS1__exciting_ORG_EXT(276),/Users/rafiabhista/Documents/code/apple/c1_audio/emomv_2/aria/media/minhdanh/5e31d1e3-0187-4837-8530-60bbac61578f1/home/minhdanh/Documents/EmoMV/Dataset1/DS1_TRAIN_MATCH/exciting_ORG_EXT(276).mp4,exciting,0,DS1,match,707a4e9861476a6b2cc7f16e9b218fd5b224613a545e55d407be574f28a1a83f,DS1__exciting_ORG_EXT(276),30.8642,740,23.976,0,DS1__exciting_ORG_EXT(276),0,740,30.8642
DS1__exciting_TEST(0)-4-of-7,/Users/rafiabhista/Documents/code/apple/c1_audio/emomv_2/aria/media/minhdanh/5e31d1e3-0187-4837-8530-60bbac61578f1/home/minhdanh/Documents/EmoMV/Dataset1/DS1_TRAIN_MATCH/exciting_TEST(0)-4-of-7.mp4,exciting,0,DS1,match,0a4ba5fd31aae823f3f0e6446094d67111bbe4cf4a65a4aa33fafdb3ebf0de39,DS1__exciting_TEST(0),29.6383,889,29.995,0,DS1__exciting_TEST(0)-4-of-7,0,889,29.6383
DS1__exciting_TEST_MV(7)-6-of-7,/Users/rafiabhista/Documents/code/apple/c1_audio/emomv_2/aria/media/minhdanh/5e31d1e3-0187-4837-8530-60bbac61578f1/home/minhdanh/Documents/EmoMV/Dataset1/DS1_TRAIN_MATCH/exciting_TEST_MV(7)-6-of-7.mp4,exciting,0,DS1,match,04b61e607a2d4efac16cec63fcb802590bf1fd0802b5f1dcbb713f412f8b545b,DS1__exciting_TEST_MV(7),29.0624,871,29.97,0,DS1__exciting_TEST_MV(7)-6-of-7,0,871,29.0624
DS1__exciting_REVIEW_EXT_Q2(14),/Users/rafiabhista/Documents/code/apple/c1_audio/emomv_2/aria/media/minhdanh/5e31d1e3-0187-4837-8530-60bbac61578f1/home/minhdanh/Documents/EmoMV/Dataset1/DS1_TRAIN_MATCH/exciting_REVIEW_EXT_Q2(14).mp4,exciting,0,DS1,match,acd77294ca470641774da37d70cdae74c04b55fee8f05b663f5ee242aba57d29,DS1__exciting_REVIEW_EXT_Q2(14),29.2667,878,30.0,0,DS1__exciting_REVIEW_EXT_Q2(14),0,878,29.2667
DS1__exciting_TEST_EXT(15)-26-of-153,/Users/rafiabhista/Documents/code/apple/c1_audio/emomv_2/aria/media/minhdanh/5e31d1e3-0187-4837-8530-60bbac61578f1/home/minhdanh/Documents/EmoMV/Dataset1/DS1_TRAIN_MATCH/exciting_TEST_EXT(15)-26-of-153.mp4,exciting,0,DS1,match,1e8d48f92017d067b885b065a51b92d9ab727da97729eb6c609161c6be36a245,DS1__exciting_TEST_EXT(15),26.04,651,25.0,0,DS1__exciting_TEST_EXT(15)-26-of-153,0,651,26.04
DS1__exciting_TEST_MV(10)-22-of-25,/Users/rafiabhista/Documents/code/apple/c1_audio/emomv_2/aria/media/minhdanh/5e31d1e3-0187-4837-8530-60bbac61578f1/home/minhdanh/Documents/EmoMV/Dataset1/DS1_TRAIN_MATCH/exciting_TEST_MV(10)-22-of-25.mp4,exciting,0,DS1,match,f1bffa9fb54a98f45fcc62ccb12f7521c05e93054bf17a4c0e2968dbdc0d0ba5,DS1__exciting_TEST_MV(10),28.6667,860,30.0,0,DS1__exciting_TEST_MV(10)-22-of-25,0,860,28.6667
DS1__exciting_Ext_FINAL_DL(1),/Users/rafiabhista/Documents/code/apple/c1_audio/emomv_2/aria/media/minhdanh/5e31d1e3-0187-4837-8530-60bbac61578f1/home/minhdanh/Documents/EmoMV/Dataset1/DS1_TRAIN_MATCH/exciting_Ext_FINAL_DL(1).mp4,exciting,0,DS1,match,230753fbe7aaf3e5a50a52b42bee63ba2fd6ac415e99978d59de6388d32ff191,DS1__exciting_Ext_FINAL_DL(1),30.0,720,24.0,0,DS1__exciting_Ext_FINAL_DL(1),0,720,30.0
DS1__exciting_TEST_EXT(18)-34-of-73,/Users/rafiabhista/Documents/code/apple/c1_audio/emomv_2/aria/media/minhdanh/5e31d1e3-0187-4837-8530-60bbac61578f1/home/minhdanh/Documents/EmoMV/Dataset1/DS1_TRAIN_MATCH/exciting_TEST_EXT(18)-34-of-73.mp4,exciting,0,DS1,match,ba0b51d9e7ecdac531a678c72b86db44f2200428d4ea87fde10481f5575390e0,DS1__exciting_TEST_EXT(18),29.0833,698,24.0,0,DS1__exciting_TEST_EXT(18)-34-of-73,0,698,29.0833
DS1__exciting_TEST_MV(14)-16-of-21,/Users/rafiabhista/Documents/code/apple/c1_audio/emomv_2/aria/media/minhdanh/5e31d1e3-0187-4837-8530-60bbac61578f1/home/minhdanh/Documents/EmoMV/Dataset1/DS1_TRAIN_MATCH/exciting_TEST_MV(14)-16-of-21.mp4,exciting,0,DS1,match,846a31f7011353978db8482ae14a79a4fe98183db8b1b396b89f31f0bed85987,DS1__exciting_TEST_MV(14),28.8333,692,24.0,0,DS1__exciting_TEST_MV(14)-16-of-21,0,692,28.8333
DS1__exciting_HAPPY_HEA(190)-2-of-9,/Users/rafiabhista/Documents/code/apple/c1_audio/emomv_2/aria/media/minhdanh/5e31d1e3-0187-4837-8530-60bbac61578f1/home/minhdanh/Documents/EmoMV/Dataset1/DS1_TRAIN_MATCH/exciting_HAPPY_HEA(190)-2-of-9.mp4,exciting,0,DS1,match,cadf5a4b2813f15e16231ede63a0eee14f6f45bdd154bdb2946929c55135a17e,DS1__exciting_HAPPY_HEA(190),29.9883,719,23.976,0,DS1__exciting_HAPPY_HEA(190)-2-of-9,0,719,29.9883
DS1__exciting_ORG_EXT(336),/Users/rafiabhista/Documents/code/apple/c1_audio/emomv_2/aria/media/minhdanh/5e31d1e3-0187-4837-8530-60bbac61578f1/home/minhdanh/Documents/EmoMV/Dataset1/DS1_TRAIN_MATCH/exciting_ORG_EXT(336).mp4,exciting,0,DS1,match,1831acd3d37c2594f3fd6b359aaa4a5505938fda34de04db6a9ba178fef218ee,DS1__exciting_ORG_EXT(336),28.6536,687,23.976,0,DS1__exciting_ORG_EXT(336),0,687,28.6536
DS1__exciting_146,/Users/rafiabhista/Documents/code/apple/c1_audio/emomv_2/aria/media/minhdanh/5e31d1e3-0187-4837-8530-60bbac61578f1/home/minhdanh/Documents/EmoMV/Dataset1/DS1_TRAIN_MATCH/exciting_146.mp4,exciting,0,DS1,match,0e8dea0ca29eaa1edfc0b784a7e4e562002b5abee0a20528b1ae162ac3e096aa,DS1__exciting_146,30.0,720,24.0,0,DS1__exciting_146,0,720,30.0
DS1__exciting_Ext_FINAL_DL(11),/Users/rafiabhista/Documents/code/apple/c1_audio/emomv_2/aria/media/minhdanh/5e31d1e3-0187-4837-8530-60bbac61578f1/home/minhdanh/Documents/EmoMV/Dataset1/DS1_TRAIN_MATCH/exciting_Ext_FINAL_DL(11).mp4,exciting,0,DS1,match,5dc0b111e2f573f4b4b79f4dd5d8064653b76627ec97d8bbf44198193232775d,DS1__exciting_Ext_FINAL_DL(11),29.0,870,30.0,0,DS1__exciting_Ext_FINAL_DL(11),0,870,29.0
DS1__exciting_DEAP_DBW_EXT(4),/Users/rafiabhista/Documents/code/apple/c1_audio/emomv_2/aria/media/minhdanh/5e31d1e3-0187-4837-8530-60bbac61578f1/home/minhdanh/Documents/EmoMV/Dataset1/DS1_TRAIN_MATCH/exciting_DEAP_DBW_EXT(4).mp4,exciting,0,DS1,match,e44f89a5d374ed320448a14e2b58e7527b384735e6d7b7e99b00bf5d9f8ee080,DS1__exciting_DEAP_DBW_EXT(4),29.3627,880,29.97,0,DS1__exciting_DEAP_DBW_EXT(4),0,880,29.3627
DS1__exciting_193,/Users/rafiabhista/Documents/code/apple/c1_audio/emomv_2/aria/media/minhdanh/5e31d1e3-0187-4837-8530-60bbac61578f1/home/minhdanh/Documents/EmoMV/Dataset1/DS1_TRAIN_MATCH/exciting_193.mp4,exciting,0,DS1,match,2d340385f29fe1d7673040aed96379e092f8953ee3e4d181e5ef37d4ae35abff,DS1__exciting_193,30.0,750,25.0,0,DS1__exciting_193,0,750,30.0
DS1__exciting_ORG_EXT(38),/Users/rafiabhista/Documents/code/apple/c1_audio/emomv_2/aria/media/minhdanh/5e31d1e3-0187-4837-8530-60bbac61578f1/home/minhdanh/Documents/EmoMV/Dataset1/DS1_TRAIN_MATCH/exciting_ORG_EXT(38).mp4,exciting,0,DS1,match,b8206186955ceb8653bfea7a088f3e169ed389a746c89cc1ed85ab916bf9c3b8,DS1__exciting_ORG_EXT(38),30.8642,925,29.97,0,DS1__exciting_ORG_EXT(38),0,925,30.8642
DS1__exciting_TEST_MV(6)-2-of-26,/Users/rafiabhista/Documents/code/apple/c1_audio/emomv_2/aria/media/minhdanh/5e31d1e3-0187-4837-8530-60bbac61578f1/home/minhdanh/Documents/EmoMV/Dataset1/DS1_TRAIN_MATCH/exciting_TEST_MV(6)-2-of-26.mp4,exciting,0,DS1,match,0df791fe52a10c617606c1d3127bb4d569a084d4412ca636191a5e8b104f48d8,DS1__exciting_TEST_MV(6),28.0947,842,29.97,0,DS1__exciting_TEST_MV(6)-2-of-26,0,842,28.0947
DS1__exciting_ORG_EXT(281),/Users/rafiabhista/Documents/code/apple/c1_audio/emomv_2/aria/media/minhdanh/5e31d1e3-0187-4837-8530-60bbac61578f1/home/minhdanh/Documents/EmoMV/Dataset1/DS1_TRAIN_MATCH/exciting_ORG_EXT(281).mp4,exciting,0,DS1,match,3b1e7afa3e8f92922152539962fe5c0e7cfd7de31074357ae96a860ae5fd57d0,DS1__exciting_ORG_EXT(281),30.56,764,25.0,0,DS1__exciting_ORG_EXT(281),0,764,30.56
DS1__exciting_REVIEW_EXT(109),/Users/rafiabhista/Documents/code/apple/c1_audio/emomv_2/aria/media/minhdanh/5e31d1e3-0187-4837-8530-60bbac61578f1/home/minhdanh/Documents/EmoMV/Dataset1/DS1_TRAIN_MATCH/exciting_REVIEW_EXT(109).mp4,exciting,0,DS1,match,75e636eb953516ecdb6c7b5dbe5ec5b380ada79b8a961151888f2e0a7aa11986,DS1__exciting_REVIEW_EXT(109),30.0,750,25.0,0,DS1__exciting_REVIEW_EXT(109),0,750,30.0
DS1__exciting_REVIEW_EXT(93),/Users/rafiabhista/Documents/code/apple/c1_audio/emomv_2/aria/media/minhdanh/5e31d1e3-0187-4837-8530-60bbac61578f1/home/minhdanh/Documents/EmoMV/Dataset1/DS1_TRAIN_MATCH/exciting_REVIEW_EXT(93).mp4,exciting,0,DS1,match,301fdfadd905b1b215195819c02eef5663c7e65f4bbc3a82a7784b13124ee786,DS1__exciting_REVIEW_EXT(93),30.0,750,25.0,0,DS1__exciting_REVIEW_EXT(93),0,750,30.0
DS1__exciting_TEST_MV(27)-6-of-7,/Users/rafiabhista/Documents/code/apple/c1_audio/emomv_2/aria/media/minhdanh/5e31d1e3-0187-4837-8530-60bbac61578f1/home/minhdanh/Documents/EmoMV/Dataset1/DS1_TRAIN_MATCH/exciting_TEST_MV(27)-6-of-7.mp4,exciting,0,DS1,match,d8949a616115c292a85b974937d6604f2ed8b80faef355f2d0af85785d7e03a7,DS1__exciting_TEST_MV(27),28.6536,687,23.976,0,DS1__exciting_TEST_MV(27)-6-of-7,0,687,28.6536
DS1__exciting_TEST_MV(6)-5-of-26,/Users/rafiabhista/Documents/code/apple/c1_audio/emomv_2/aria/media/minhdanh/5e31d1e3-0187-4837-8530-60bbac61578f1/home/minhdanh/Documents/EmoMV/Dataset1/DS1_TRAIN_MATCH/exciting_TEST_MV(6)-5-of-26.mp4,exciting,0,DS1,match,a7722c6c5b150c80e3ae69fcda0252698eb88b45a1c66b1ea4e1a06260deee45,DS1__exciting_TEST_MV(6),29.8965,896,29.97,0,DS1__exciting_TEST_MV(6)-5-of-26,0,896,29.8965
DS1__exciting_ORG_EXT(325),/Users/rafiabhista/Documents/code/apple/c1_audio/emomv_2/aria/media/minhdanh/5e31d1e3-0187-4837-8530-60bbac61578f1/home/minhdanh/Documents/EmoMV/Dataset1/DS1_TRAIN_MATCH/exciting_ORG_EXT(325).mp4,exciting,0,DS1,match,36ca0b3b08087057c823d34ea3600903b9664fa9a8216cb35da319a74eb70f97,DS1__exciting_ORG_EXT(325),29.8631,716,23.9761,0,DS1__exciting_ORG_EXT(325),0,716,29.8631
DS1__exciting_Exciting_MV_3GPP(25)-7-of-8,/Users/rafiabhista/Documents/code/apple/c1_audio/emomv_2/aria/media/minhdanh/5e31d1e3-0187-4837-8530-60bbac61578f1/home/minhdanh/Documents/EmoMV/Dataset1/DS1_TRAIN_MATCH/exciting_Exciting_MV_3GPP(25)-7-of-8.mp4,exciting,0,DS1,match,7a9e93d90da8431a894aed0b6a37c231f23880ff171ddee7a075ad8ca63f1cce,DS1__exciting_Exciting_MV_3GPP(25),28.28,707,25.0,0,DS1__exciting_Exciting_MV_3GPP(25)-7-of-8,0,707,28.28
DS1__exciting_EXT_S1(29),/Users/rafiabhista/Documents/code/apple/c1_audio/emomv_2/aria/media/minhdanh/5e31d1e3-0187-4837-8530-60bbac61578f1/home/minhdanh/Documents/EmoMV/Dataset1/DS1_TRAIN_MATCH/exciting_EXT_S1(29).mp4,exciting,0,DS1,match,4ed4b9f811f8778c0436157d115cfa3686d5b3b8565f8470a30cb5210539d50c,DS1__exciting_EXT_S1(29),29.1291,873,29.97,0,DS1__exciting_EXT_S1(29),0,873,29.1291
DS1__exciting_TEST_MV(6)-18-of-26,/Users/rafiabhista/Documents/code/apple/c1_audio/emomv_2/aria/media/minhdanh/5e31d1e3-0187-4837-8530-60bbac61578f1/home/minhdanh/Documents/EmoMV/Dataset1/DS1_TRAIN_MATCH/exciting_TEST_MV(6)-18-of-26.mp4,exciting,0,DS1,match,e40d1f18ec65312b2fa02c42199105ea3c07741327b34a68907014fe5f75d185,DS1__exciting_TEST_MV(6),29.0624,871,29.97,0,DS1__exciting_TEST_MV(6)-18-of-26,0,871,29.0624
DS1__exciting_HAPPY_HEA(91)-9-of-11,/Users/rafiabhista/Documents/code/apple/c1_audio/emomv_2/aria/media/minhdanh/5e31d1e3-0187-4837-8530-60bbac61578f1/home/minhdanh/Documents/EmoMV/Dataset1/DS1_TRAIN_MATCH/exciting_HAPPY_HEA(91)-9-of-11.mp4,exciting,0,DS1,match,da8b4eaffe8c7431f1edf2994d9a01d09eb1b1675837862e142b663bdc205e04,DS1__exciting_HAPPY_HEA(91),29.4294,882,29.97,0,DS1__exciting_HAPPY_HEA(91)-9-of-11,0,882,29.4294
DS1__exciting_ORG_EXT(84),/Users/rafiabhista/Documents/code/apple/c1_audio/emomv_2/aria/media/minhdanh/5e31d1e3-0187-4837-8530-60bbac61578f1/home/minhdanh/Documents/EmoMV/Dataset1/DS1_TRAIN_MATCH/exciting_ORG_EXT(84).mp4,exciting,0,DS1,match,ffa4828bab2af2f6e47e98e106d50d1b9bc98572c3329a8b752aee4559d47300,DS1__exciting_ORG_EXT(84),32.64,816,25.0,0,DS1__exciting_ORG_EXT(84),0,816,32.64
DS1__exciting_TEST_EXT(10)-16-of-98,/Users/rafiabhista/Documents/code/apple/c1_audio/emomv_2/aria/media/minhdanh/5e31d1e3-0187-4837-8530-60bbac61578f1/home/minhdanh/Documents/EmoMV/Dataset1/DS1_TRAIN_MATCH/exciting_TEST_EXT(10)-16-of-98.mp4,exciting,0,DS1,match,74d4f42dd471054c1d762496802bf388a7a071b93d2402923baf99a69d846dc5,DS1__exciting_TEST_EXT(10),28.4167,682,24.0,0,DS1__exciting_TEST_EXT(10)-16-of-98,0,682,28.4167
DS1__exciting_TEST_EXT(16)-39-of-84,/Users/rafiabhista/Documents/code/apple/c1_audio/emomv_2/aria/media/minhdanh/5e31d1e3-0187-4837-8530-60bbac61578f1/home/minhdanh/Documents/EmoMV/Dataset1/DS1_TRAIN_MATCH/exciting_TEST_EXT(16)-39-of-84.mp4,exciting,0,DS1,match,adc623bf4a649952e610caad8e72b9d01aa9c75e8619cb885047e5df083d047d,DS1__exciting_TEST_EXT(16),29.48,737,25.0,0,DS1__exciting_TEST_EXT(16)-39-of-84,0,737,29.48
DS1__exciting_TEST_MV(16)-3-of-4,/Users/rafiabhista/Documents/code/apple/c1_audio/emomv_2/aria/media/minhdanh/5e31d1e3-0187-4837-8530-60bbac61578f1/home/minhdanh/Documents/EmoMV/Dataset1/DS1_TRAIN_MATCH/exciting_TEST_MV(16)-3-of-4.mp4,exciting,0,DS1,match,6ca5036ca2821ecb297e463757d03b7f7b09dc4d689598a91faa33fa510d14d9,DS1__exciting_TEST_MV(16),29.1625,874,29.97,0,DS1__exciting_TEST_MV(16)-3-of-4,0,874,29.1625
DS1__exciting_TEST_EXT(9)-10-of-95,/Users/rafiabhista/Documents/code/apple/c1_audio/emomv_2/aria/media/minhdanh/5e31d1e3-0187-4837-8530-60bbac61578f1/home/minhdanh/Documents/EmoMV/Dataset1/DS1_TRAIN_MATCH/exciting_TEST_EXT(9)-10-of-95.mp4,exciting,0,DS1,match,d3ddc5a2412a3a509f4d8028bb156f3d395fe7279f977b71574fccac7c0fac4c,DS1__exciting_TEST_EXT(9),27.88,697,25.0,0,DS1__exciting_TEST_EXT(9)-10-of-95,0,697,27.88
DS1__exciting_ORG_EXT(241),/Users/rafiabhista/Documents/code/apple/c1_audio/emomv_2/aria/media/minhdanh/5e31d1e3-0187-4837-8530-60bbac61578f1/home/minhdanh/Documents/EmoMV/Dataset1/DS1_TRAIN_MATCH/exciting_ORG_EXT(241).mp4,exciting,0,DS1,match,00f0e11faf45289072175ffb26f07db59f17fffffb10fb53b22c80d9cee27e33,DS1__exciting_ORG_EXT(241),30.497,914,29.9702,0,DS1__exciting_ORG_EXT(241),0,914,30.497
DS1__exciting_ORG_EXT(133),/Users/rafiabhista/Documents/code/apple/c1_audio/emomv_2/aria/media/minhdanh/5e31d1e3-0187-4837-8530-60bbac61578f1/home/minhdanh/Documents/EmoMV/Dataset1/DS1_TRAIN_MATCH/exciting_ORG_EXT(133).mp4,exciting,0,DS1,match,638e916fd7e5d8c555c0a3950ffd2c9f2233a68cd85258eae2b7f1b4510f8bd7,DS1__exciting_ORG_EXT(133),29.2292,876,29.97,0,DS1__exciting_ORG_EXT(133),0,876,29.2292
DS1__exciting_EXT_S1(4),/Users/rafiabhista/Documents/code/apple/c1_audio/emomv_2/aria/media/minhdanh/5e31d1e3-0187-4837-8530-60bbac61578f1/home/minhdanh/Documents/EmoMV/Dataset1/DS1_TRAIN_MATCH/exciting_EXT_S1(4).mp4,exciting,0,DS1,match,08894ca1ada77786db0d589d9ce4892701e0b1195989f4a4dd88adc39c2d23a7,DS1__exciting_EXT_S1(4),28.3617,680,23.976,0,DS1__exciting_EXT_S1(4),0,680,28.3617
DS1__exciting_TEST_MV(7)-4-of-7,/Users/rafiabhista/Documents/code/apple/c1_audio/emomv_2/aria/media/minhdanh/5e31d1e3-0187-4837-8530-60bbac61578f1/home/minhdanh/Documents/EmoMV/Dataset1/DS1_TRAIN_MATCH/exciting_TEST_MV(7)-4-of-7.mp4,exciting,0,DS1,match,23251a2b1d5b8f49fd861ebbcea01c6e1f3ed234158be27df4918c71b99da122,DS1__exciting_TEST_MV(7),28.9623,868,29.97,0,DS1__exciting_TEST_MV(7)-4-of-7,0,868,28.9623
DS1__exciting_ORG_EXT(269),/Users/rafiabhista/Documents/code/apple/c1_audio/emomv_2/aria/media/minhdanh/5e31d1e3-0187-4837-8530-60bbac61578f1/home/minhdanh/Documents/EmoMV/Dataset1/DS1_TRAIN_MATCH/exciting_ORG_EXT(269).mp4,exciting,0,DS1,match,f334b41d500af357ef62e0213162ca128da2c79b0a834fea9bd3d75c756b8393,DS1__exciting_ORG_EXT(269),30.2802,726,23.976,0,DS1__exciting_ORG_EXT(269),0,726,30.2802
DS1__exciting_ORG_EXT(176),/Users/rafiabhista/Documents/code/apple/c1_audio/emomv_2/aria/media/minhdanh/5e31d1e3-0187-4837-8530-60bbac61578f1/home/minhdanh/Documents/EmoMV/Dataset1/DS1_TRAIN_MATCH/exciting_ORG_EXT(176).mp4,exciting,0,DS1,match,25387c7d7c364b4979706c09c757565717f3208a7e632bb9a6697a5b87fc52b1,DS1__exciting_ORG_EXT(176),30.4471,730,23.976,0,DS1__exciting_ORG_EXT(176),0,730,30.4471
DS1__exciting_TEST_EXT(15)-11-of-153,/Users/rafiabhista/Documents/code/apple/c1_audio/emomv_2/aria/media/minhdanh/5e31d1e3-0187-4837-8530-60bbac61578f1/home/minhdanh/Documents/EmoMV/Dataset1/DS1_TRAIN_MATCH/exciting_TEST_EXT(15)-11-of-153.mp4,exciting,0,DS1,match,1f48d7a4fb970dda7348a139a8282bd0c6d617a537b8861a9b2c23f1483d7309,DS1__exciting_TEST_EXT(15),29.96,749,25.0,0,DS1__exciting_TEST_EXT(15)-11-of-153,0,749,29.96
DS1__exciting_FINAL_DL(69)-12-of-27,/Users/rafiabhista/Documents/code/apple/c1_audio/emomv_2/aria/media/minhdanh/5e31d1e3-0187-4837-8530-60bbac61578f1/home/minhdanh/Documents/EmoMV/Dataset1/DS1_TRAIN_MATCH/exciting_FINAL_DL(69)-12-of-27.mp4,exciting,0,DS1,match,6c7eb59b0b64d2ff0cf8ccdd73ade5e725cdd70caeeed3d8d06a105732cc0d47,DS1__exciting_FINAL_DL(69),30.0,900,30.0,0,DS1__exciting_FINAL_DL(69)-12-of-27,0,900,30.0
DS1__exciting_ORG_EXT(132),/Users/rafiabhista/Documents/code/apple/c1_audio/emomv_2/aria/media/minhdanh/5e31d1e3-0187-4837-8530-60bbac61578f1/home/minhdanh/Documents/EmoMV/Dataset1/DS1_TRAIN_MATCH/exciting_ORG_EXT(132).mp4,exciting,0,DS1,match,cedf68bdb966a38f03cf65749d3687c1b7ae04a61b9cb06c2a8082ca94563f51,DS1__exciting_ORG_EXT(132),29.2292,876,29.97,0,DS1__exciting_ORG_EXT(132),0,876,29.2292
DS1__exciting_TEST_EXT(16)-73-of-84,/Users/rafiabhista/Documents/code/apple/c1_audio/emomv_2/aria/media/minhdanh/5e31d1e3-0187-4837-8530-60bbac61578f1/home/minhdanh/Documents/EmoMV/Dataset1/DS1_TRAIN_MATCH/exciting_TEST_EXT(16)-73-of-84.mp4,exciting,0,DS1,match,ea376685096b4d408bf8011fde523b2777e3dea1939e2f317d26fbd30fa1922d,DS1__exciting_TEST_EXT(16),28.36,709,25.0,0,DS1__exciting_TEST_EXT(16)-73-of-84,0,709,28.36
DS1__exciting_RELX_MEA(15)-5-of-8,/Users/rafiabhista/Documents/code/apple/c1_audio/emomv_2/aria/media/minhdanh/5e31d1e3-0187-4837-8530-60bbac61578f1/home/minhdanh/Documents/EmoMV/Dataset1/DS1_TRAIN_MATCH/exciting_RELX_MEA(15)-5-of-8.mp4,exciting,0,DS1,match,2ed1b1d751961377fd69cb34507015431863973f634778e2be4c793fe00c432a,DS1__exciting_RELX_MEA(15),30.0,720,24.0,0,DS1__exciting_RELX_MEA(15)-5-of-8,0,720,30.0
DS1__exciting_ORG_EXT(304),/Users/rafiabhista/Documents/code/apple/c1_audio/emomv_2/aria/media/minhdanh/5e31d1e3-0187-4837-8530-60bbac61578f1/home/minhdanh/Documents/EmoMV/Dataset1/DS1_TRAIN_MATCH/exciting_ORG_EXT(304).mp4,exciting,0,DS1,match,1078084eb0481cb8f17d53f46d0deba60561a681e2e68aa1a1230293eaee8a0b,DS1__exciting_ORG_EXT(304),32.9583,791,24.0,0,DS1__exciting_ORG_EXT(304),0,791,32.9583
DS1__exciting_TT(11),/Users/rafiabhista/Documents/code/apple/c1_audio/emomv_2/aria/media/minhdanh/5e31d1e3-0187-4837-8530-60bbac61578f1/home/minhdanh/Documents/EmoMV/Dataset1/DS1_TRAIN_MATCH/exciting_TT(11).mp4,exciting,0,DS1,match,61bd781c3b83ebfbc2403b1621ae0daedb149004260643b83c59c45d75caee0a,DS1__exciting_TT(11),28.5619,856,29.97,0,DS1__exciting_TT(11),0,856,28.5619
DS1__exciting_ORG_EXT(204),/Users/rafiabhista/Documents/code/apple/c1_audio/emomv_2/aria/media/minhdanh/5e31d1e3-0187-4837-8530-60bbac61578f1/home/minhdanh/Documents/EmoMV/Dataset1/DS1_TRAIN_MATCH/exciting_ORG_EXT(204).mp4,exciting,0,DS1,match,60171b4cce1d31f0f6aec54b121f730ad7001e5436239592bb92f1d425f474ac,DS1__exciting_ORG_EXT(204),29.6,740,25.0,0,DS1__exciting_ORG_EXT(204),0,740,29.6
DS1__exciting_REVIEW_EXT(82),/Users/rafiabhista/Documents/code/apple/c1_audio/emomv_2/aria/media/minhdanh/5e31d1e3-0187-4837-8530-60bbac61578f1/home/minhdanh/Documents/EmoMV/Dataset1/DS1_TRAIN_MATCH/exciting_REVIEW_EXT(82).mp4,exciting,0,DS1,match,f87e2926fb8838de42f3928a1e6227ff6f725db242f1e81d3c0aea7657c22138,DS1__exciting_REVIEW_EXT(82),30.0,750,25.0,0,DS1__exciting_REVIEW_EXT(82),0,750,30.0
DS1__exciting_Exciting_MV_NC2(43)-5-of-8,/Users/rafiabhista/Documents/code/apple/c1_audio/emomv_2/aria/media/minhdanh/5e31d1e3-0187-4837-8530-60bbac61578f1/home/minhdanh/Documents/EmoMV/Dataset1/DS1_TRAIN_MATCH/exciting_Exciting_MV_NC2(43)-5-of-8.mp4,exciting,0,DS1,match,d145f70eb8d48c793a5ebac329910aa2110cdcbc512d43ea52f388396b26bfc8,DS1__exciting_Exciting_MV_NC2(43),29.9049,717,23.976,0,DS1__exciting_Exciting_MV_NC2(43)-5-of-8,0,717,29.9049
DS1__exciting_ORG_EXT(148),/Users/rafiabhista/Documents/code/apple/c1_audio/emomv_2/aria/media/minhdanh/5e31d1e3-0187-4837-8530-60bbac61578f1/home/minhdanh/Documents/EmoMV/Dataset1/DS1_TRAIN_MATCH/exciting_ORG_EXT(148).mp4,exciting,0,DS1,match,b940b0808bfbf46c63751ce564b9e6392cfc14c45ada4e9060ac17dd0b7e55fa,DS1__exciting_ORG_EXT(148),29.2292,876,29.97,0,DS1__exciting_ORG_EXT(148),0,876,29.2292
DS1__exciting_TEST_MV(14)-14-of-21,/Users/rafiabhista/Documents/code/apple/c1_audio/emomv_2/aria/media/minhdanh/5e31d1e3-0187-4837-8530-60bbac61578f1/home/minhdanh/Documents/EmoMV/Dataset1/DS1_TRAIN_MATCH/exciting_TEST_MV(14)-14-of-21.mp4,exciting,0,DS1,match,4c4032fc2e08d81359e626b8550e1111f78e5b0d108c52d94a555fd75b8befd4,DS1__exciting_TEST_MV(14),30.0,720,24.0,0,DS1__exciting_TEST_MV(14)-14-of-21,0,720,30.0
DS1__exciting_ORG_EXT(287),/Users/rafiabhista/Documents/code/apple/c1_audio/emomv_2/aria/media/minhdanh/5e31d1e3-0187-4837-8530-60bbac61578f1/home/minhdanh/Documents/EmoMV/Dataset1/DS1_TRAIN_MATCH/exciting_ORG_EXT(287).mp4,exciting,0,DS1,match,547b6c6a0e7ed86bea164a2936bfca058d736a2c1ce7ba12566c5596c95b133a,DS1__exciting_ORG_EXT(287),29.296,878,29.97,0,DS1__exciting_ORG_EXT(287),0,878,29.296
DS1__exciting_ORG_EXT(80)__win0,/Users/rafiabhista/Documents/code/apple/c1_audio/emomv_2/aria/media/minhdanh/5e31d1e3-0187-4837-8530-60bbac61578f1/home/minhdanh/Documents/EmoMV/Dataset1/DS1_TRAIN_MATCH/exciting_ORG_EXT(80).mp4,exciting,0,DS1,match,5b26d288b1059605d22d70c1b0de1bb63acbfb82b67a920a19813332ca9ac0fd,DS1__exciting_ORG_EXT(80),37.84,946,25.0,0,DS1__exciting_ORG_EXT(80),0,750,30.0
DS1__exciting_ORG_EXT(80)__win1,/Users/rafiabhista/Documents/code/apple/c1_audio/emomv_2/aria/media/minhdanh/5e31d1e3-0187-4837-8530-60bbac61578f1/home/minhdanh/Documents/EmoMV/Dataset1/DS1_TRAIN_MATCH/exciting_ORG_EXT(80).mp4,exciting,0,DS1,match,5b26d288b1059605d22d70c1b0de1bb63acbfb82b67a920a19813332ca9ac0fd,DS1__exciting_ORG_EXT(80),37.84,946,25.0,1,DS1__exciting_ORG_EXT(80),750,946,7.84
DS1__exciting_TEST_MV(80)-2-of-6,/Users/rafiabhista/Documents/code/apple/c1_audio/emomv_2/aria/media/minhdanh/5e31d1e3-0187-4837-8530-60bbac61578f1/home/minhdanh/Documents/EmoMV/Dataset1/DS1_TRAIN_MATCH/exciting_TEST_MV(80)-2-of-6.mp4,exciting,0,DS1,match,54dff67c8090c13641b491e2cb618b6e10fc10e15163b341a2e81a318f8aa105,DS1__exciting_TEST_MV(80),29.4294,882,29.97,0,DS1__exciting_TEST_MV(80)-2-of-6,0,882,29.4294
DS1__exciting_REVIEW_EXT(52),/Users/rafiabhista/Documents/code/apple/c1_audio/emomv_2/aria/media/minhdanh/5e31d1e3-0187-4837-8530-60bbac61578f1/home/minhdanh/Documents/EmoMV/Dataset1/DS1_TRAIN_MATCH/exciting_REVIEW_EXT(52).mp4,exciting,0,DS1,match,89b81d6b2e1d7bc69bcfcbacc574a7067104ae320bb36127f956328c70d877eb,DS1__exciting_REVIEW_EXT(52),29.8632,895,29.97,0,DS1__exciting_REVIEW_EXT(52),0,895,29.8632
DS1__exciting_TEST_MV(19)-6-of-8,/Users/rafiabhista/Documents/code/apple/c1_audio/emomv_2/aria/media/minhdanh/5e31d1e3-0187-4837-8530-60bbac61578f1/home/minhdanh/Documents/EmoMV/Dataset1/DS1_TRAIN_MATCH/exciting_TEST_MV(19)-6-of-8.mp4,exciting,0,DS1,match,5f3f5f4ab922f06d15c328fb67f8e84080241dadd0a5079f32e4f17a2aa89a03,DS1__exciting_TEST_MV(19),29.1124,698,23.976,0,DS1__exciting_TEST_MV(19)-6-of-8,0,698,29.1124
DS1__exciting_TEST_EXT(15)-115-of-153,/Users/rafiabhista/Documents/code/apple/c1_audio/emomv_2/aria/media/minhdanh/5e31d1e3-0187-4837-8530-60bbac61578f1/home/minhdanh/Documents/EmoMV/Dataset1/DS1_TRAIN_MATCH/exciting_TEST_EXT(15)-115-of-153.mp4,exciting,0,DS1,match,82ea08c8838cd56777297c756b1451637b752fe686a0ba27a8ca6d933ddb30de,DS1__exciting_TEST_EXT(15),25.4,635,25.0,0,DS1__exciting_TEST_EXT(15)-115-of-153,0,635,25.4
DS1__exciting_ORG_EXT(182),/Users/rafiabhista/Documents/code/apple/c1_audio/emomv_2/aria/media/minhdanh/5e31d1e3-0187-4837-8530-60bbac61578f1/home/minhdanh/Documents/EmoMV/Dataset1/DS1_TRAIN_MATCH/exciting_ORG_EXT(182).mp4,exciting,0,DS1,match,0cb94f909af8551fea72f1f6aca317d5ea804222b0e334e15bdec97671bbe3a5,DS1__exciting_ORG_EXT(182),28.9457,694,23.9759,0,DS1__exciting_ORG_EXT(182),0,694,28.9457
DS1__exciting_Exciting_MV_NC02,/Users/rafiabhista/Documents/code/apple/c1_audio/emomv_2/aria/media/minhdanh/5e31d1e3-0187-4837-8530-60bbac61578f1/home/minhdanh/Documents/EmoMV/Dataset1/DS1_TRAIN_MATCH/exciting_Exciting_MV_NC02.mp4,exciting,0,DS1,match,ec5b0a8a2d4dce73f3e0137a8e6affd03c070c3e254d8ddfdc9bafadde212717,DS1__exciting_Exciting_MV_NC02,31.298,938,29.97,0,DS1__exciting_Exciting_MV_NC02,0,938,31.298
DS1__exciting_REVIEW_EXT_Q2(17),/Users/rafiabhista/Documents/code/apple/c1_audio/emomv_2/aria/media/minhdanh/5e31d1e3-0187-4837-8530-60bbac61578f1/home/minhdanh/Documents/EmoMV/Dataset1/DS1_TRAIN_MATCH/exciting_REVIEW_EXT_Q2(17).mp4,exciting,0,DS1,match,4af38ee7e5ae656b3e114057a29bc7f0ce9948d7701bfb045c46ba0cf250c010,DS1__exciting_REVIEW_EXT_Q2(17),29.52,738,25.0,0,DS1__exciting_REVIEW_EXT_Q2(17),0,738,29.52
DS1__exciting_REVIEW_EXT_Q2(93),/Users/rafiabhista/Documents/code/apple/c1_audio/emomv_2/aria/media/minhdanh/5e31d1e3-0187-4837-8530-60bbac61578f1/home/minhdanh/Documents/EmoMV/Dataset1/DS1_TRAIN_MATCH/exciting_REVIEW_EXT_Q2(93).mp4,exciting,0,DS1,match,4fe14c34e40b1bfdd4af7372fce08d114a1c6990580ffb05637081ba153d5171,DS1__exciting_REVIEW_EXT_Q2(93),30.0,900,30.0,0,DS1__exciting_REVIEW_EXT_Q2(93),0,900,30.0
DS1__exciting_ORG_EXT(351),/Users/rafiabhista/Documents/code/apple/c1_audio/emomv_2/aria/media/minhdanh/5e31d1e3-0187-4837-8530-60bbac61578f1/home/minhdanh/Documents/EmoMV/Dataset1/DS1_TRAIN_MATCH/exciting_ORG_EXT(351).mp4,exciting,0,DS1,match,e57a15c8cfd393c7c40246da952c41da45b29a071b3e832051a14d61573ec185,DS1__exciting_ORG_EXT(351),30.28,757,25.0,0,DS1__exciting_ORG_EXT(351),0,757,30.28
DS1__exciting_Exciting_MV_NC2(86)-2-of-7,/Users/rafiabhista/Documents/code/apple/c1_audio/emomv_2/aria/media/minhdanh/5e31d1e3-0187-4837-8530-60bbac61578f1/home/minhdanh/Documents/EmoMV/Dataset1/DS1_TRAIN_MATCH/exciting_Exciting_MV_NC2(86)-2-of-7.mp4,exciting,0,DS1,match,7073f7a8767a93efc49090cad58e612f4ffcdd30d042d07243ad351dcbd6dcb6,DS1__exciting_Exciting_MV_NC2(86),30.0,750,25.0,0,DS1__exciting_Exciting_MV_NC2(86)-2-of-7,0,750,30.0
DS1__exciting_TT(19),/Users/rafiabhista/Documents/code/apple/c1_audio/emomv_2/aria/media/minhdanh/5e31d1e3-0187-4837-8530-60bbac61578f1/home/minhdanh/Documents/EmoMV/Dataset1/DS1_TRAIN_MATCH/exciting_TT(19).mp4,exciting,0,DS1,match,ab7b7bf0389a33340a4c1befba798b8ee1c8f6bd1e4d0d5185e463faa6c74949,DS1__exciting_TT(19),30.0,750,25.0,0,DS1__exciting_TT(19),0,750,30.0
DS1__exciting_TEST_EXT(10)-26-of-98,/Users/rafiabhista/Documents/code/apple/c1_audio/emomv_2/aria/media/minhdanh/5e31d1e3-0187-4837-8530-60bbac61578f1/home/minhdanh/Documents/EmoMV/Dataset1/DS1_TRAIN_MATCH/exciting_TEST_EXT(10)-26-of-98.mp4,exciting,0,DS1,match,2ab7939cbb18f679b4f6508f39fb36e03991821718153ad8fcbe78ea0df39cdb,DS1__exciting_TEST_EXT(10),29.2917,703,24.0,0,DS1__exciting_TEST_EXT(10)-26-of-98,0,703,29.2917
DS1__exciting_ORG_EXT(272),/Users/rafiabhista/Documents/code/apple/c1_audio/emomv_2/aria/media/minhdanh/5e31d1e3-0187-4837-8530-60bbac61578f1/home/minhdanh/Documents/EmoMV/Dataset1/DS1_TRAIN_MATCH/exciting_ORG_EXT(272).mp4,exciting,0,DS1,match,9995138fcc900abd1517cfd4053c870057b67825a7e169744fbe347202133349,DS1__exciting_ORG_EXT(272),32.4658,973,29.97,0,DS1__exciting_ORG_EXT(272),0,973,32.4658
DS1__exciting_REVIEW_EXT(101),/Users/rafiabhista/Documents/code/apple/c1_audio/emomv_2/aria/media/minhdanh/5e31d1e3-0187-4837-8530-60bbac61578f1/home/minhdanh/Documents/EmoMV/Dataset1/DS1_TRAIN_MATCH/exciting_REVIEW_EXT(101).mp4,exciting,0,DS1,match,acf45427c8bd5ab7fd839a1403cf2d7fc6df7579456537a3fd2310cbdae37bd0,DS1__exciting_REVIEW_EXT(101),30.68,767,25.0,0,DS1__exciting_REVIEW_EXT(101),0,767,30.68
DS1__exciting_EXT_S1(32),/Users/rafiabhista/Documents/code/apple/c1_audio/emomv_2/aria/media/minhdanh/5e31d1e3-0187-4837-8530-60bbac61578f1/home/minhdanh/Documents/EmoMV/Dataset1/DS1_TRAIN_MATCH/exciting_EXT_S1(32).mp4,exciting,0,DS1,match,d472beea0bf815a56a2fe5d11e66f39edb0df1a292ceb7cf7c1765be7e9a0072,DS1__exciting_EXT_S1(32),27.84,696,25.0,0,DS1__exciting_EXT_S1(32),0,696,27.84
DS1__exciting_REVIEW_EXT(68),/Users/rafiabhista/Documents/code/apple/c1_audio/emomv_2/aria/media/minhdanh/5e31d1e3-0187-4837-8530-60bbac61578f1/home/minhdanh/Documents/EmoMV/Dataset1/DS1_TRAIN_MATCH/exciting_REVIEW_EXT(68).mp4,exciting,0,DS1,match,cb2a3a4eab1d3ff1b0f9ea93f9af46e51a2ce2eb26be3471a35388aeafeb681a,DS1__exciting_REVIEW_EXT(68),29.571,709,23.9762,0,DS1__exciting_REVIEW_EXT(68),0,709,29.571
DS1__exciting_Exciting_MV_NC(7)-4-of-8,/Users/rafiabhista/Documents/code/apple/c1_audio/emomv_2/aria/media/minhdanh/5e31d1e3-0187-4837-8530-60bbac61578f1/home/minhdanh/Documents/EmoMV/Dataset1/DS1_TRAIN_MATCH/exciting_Exciting_MV_NC(7)-4-of-8.mp4,exciting,0,DS1,match,75d8ee8d3f8c2344507a394220f939c9d20ab35019b970b3479e3c77fa7f17b0,DS1__exciting_Exciting_MV_NC(7),29.9299,897,29.97,0,DS1__exciting_Exciting_MV_NC(7)-4-of-8,0,897,29.9299
DS1__exciting_ORG_EXT(217),/Users/rafiabhista/Documents/code/apple/c1_audio/emomv_2/aria/media/minhdanh/5e31d1e3-0187-4837-8530-60bbac61578f1/home/minhdanh/Documents/EmoMV/Dataset1/DS1_TRAIN_MATCH/exciting_ORG_EXT(217).mp4,exciting,0,DS1,match,3d15bb1c7233c505a588c3d0eea1397ac620015097efcd8f48de0e9f4f030521,DS1__exciting_ORG_EXT(217),31.24,781,25.0,0,DS1__exciting_ORG_EXT(217),0,781,31.24
DS1__exciting_REVIEW_EXT(6),/Users/rafiabhista/Documents/code/apple/c1_audio/emomv_2/aria/media/minhdanh/5e31d1e3-0187-4837-8530-60bbac61578f1/home/minhdanh/Documents/EmoMV/Dataset1/DS1_TRAIN_MATCH/exciting_REVIEW_EXT(6).mp4,exciting,0,DS1,match,e0a49ec364df2fbfa477ca658c74deaba7510a0d40284106adf656af2794bea4,DS1__exciting_REVIEW_EXT(6),30.9309,927,29.97,0,DS1__exciting_REVIEW_EXT(6),0,927,30.9309
DS1__exciting_REVIEW_EXT_Q2(97),/Users/rafiabhista/Documents/code/apple/c1_audio/emomv_2/aria/media/minhdanh/5e31d1e3-0187-4837-8530-60bbac61578f1/home/minhdanh/Documents/EmoMV/Dataset1/DS1_TRAIN_MATCH/exciting_REVIEW_EXT_Q2(97).mp4,exciting,0,DS1,match,26cd28ac1ec240c1c45bf66e87852dda402c29e029ac8f7291aaf43c5520eb7b,DS1__exciting_REVIEW_EXT_Q2(97),29.96,749,25.0,0,DS1__exciting_REVIEW_EXT_Q2(97),0,749,29.96
DS1__exciting_TEST_MV(14)-12-of-21,/Users/rafiabhista/Documents/code/apple/c1_audio/emomv_2/aria/media/minhdanh/5e31d1e3-0187-4837-8530-60bbac61578f1/home/minhdanh/Documents/EmoMV/Dataset1/DS1_TRAIN_MATCH/exciting_TEST_MV(14)-12-of-21.mp4,exciting,0,DS1,match,a8726ae2b4c4334a01f04963765d2f452b3d2e5f7928a1f5859c3221d6c54aac,DS1__exciting_TEST_MV(14),29.0,696,24.0,0,DS1__exciting_TEST_MV(14)-12-of-21,0,696,29.0
DS1__exciting_REVIEW_EXT_Q2(1),/Users/rafiabhista/Documents/code/apple/c1_audio/emomv_2/aria/media/minhdanh/5e31d1e3-0187-4837-8530-60bbac61578f1/home/minhdanh/Documents/EmoMV/Dataset1/DS1_TRAIN_MATCH/exciting_REVIEW_EXT_Q2(1).mp4,exciting,0,DS1,match,fa562a3d7c7556deaf6bb8ea5b98b5611aa2685fbf0cdc9e78e9996014caa503,DS1__exciting_REVIEW_EXT_Q2(1),31.7985,953,29.97,0,DS1__exciting_REVIEW_EXT_Q2(1),0,953,31.7985
DS1__exciting_TEST_EXT(10)-2-of-98,/Users/rafiabhista/Documents/code/apple/c1_audio/emomv_2/aria/media/minhdanh/5e31d1e3-0187-4837-8530-60bbac61578f1/home/minhdanh/Documents/EmoMV/Dataset1/DS1_TRAIN_MATCH/exciting_TEST_EXT(10)-2-of-98.mp4,exciting,0,DS1,match,6c032c232856b191ca21177a0e67fe0298815edc676262e05f05c4cf82eea6cb,DS1__exciting_TEST_EXT(10),28.5833,686,24.0,0,DS1__exciting_TEST_EXT(10)-2-of-98,0,686,28.5833
DS1__exciting_REVIEW_EXT(29),/Users/rafiabhista/Documents/code/apple/c1_audio/emomv_2/aria/media/minhdanh/5e31d1e3-0187-4837-8530-60bbac61578f1/home/minhdanh/Documents/EmoMV/Dataset1/DS1_TRAIN_MATCH/exciting_REVIEW_EXT(29).mp4,exciting,0,DS1,match,0a262be8f396c1371d1619b32bb43d93362be11320ec25e7542f2369b9cd7655,DS1__exciting_REVIEW_EXT(29),30.0,750,25.0,0,DS1__exciting_REVIEW_EXT(29),0,750,30.0
DS1__exciting_REVIEW_EXT(110),/Users/rafiabhista/Documents/code/apple/c1_audio/emomv_2/aria/media/minhdanh/5e31d1e3-0187-4837-8530-60bbac61578f1/home/minhdanh/Documents/EmoMV/Dataset1/DS1_TRAIN_MATCH/exciting_REVIEW_EXT(110).mp4,exciting,0,DS1,match,0df0a58b9144327a46a76a6fac271878126e7e0dac3ff25d997522f7dde66df5,DS1__exciting_REVIEW_EXT(110),27.3607,820,29.97,0,DS1__exciting_REVIEW_EXT(110),0,820,27.3607
DS1__exciting_ORG_NEUTRAL(63),/Users/rafiabhista/Documents/code/apple/c1_audio/emomv_2/aria/media/minhdanh/5e31d1e3-0187-4837-8530-60bbac61578f1/home/minhdanh/Documents/EmoMV/Dataset1/DS1_TRAIN_MATCH/exciting_ORG_NEUTRAL(63).mp4,exciting,0,DS1,match,c5dd77331888269c683165bbe0c5cf2d41e6d7193e3f78fde60ff6d76a411fa8,DS1__exciting_ORG_NEUTRAL(63),31.3647,752,23.976,0,DS1__exciting_ORG_NEUTRAL(63),0,752,31.3647
DS1__exciting_ORG_EXT(10),/Users/rafiabhista/Documents/code/apple/c1_audio/emomv_2/aria/media/minhdanh/5e31d1e3-0187-4837-8530-60bbac61578f1/home/minhdanh/Documents/EmoMV/Dataset1/DS1_TRAIN_MATCH/exciting_ORG_EXT(10).mp4,exciting,0,DS1,match,c7c474111efdd6e0ad553feead1cb8e923ff35b63be95acaf61e3c110802e3e5,DS1__exciting_ORG_EXT(10),29.4461,706,23.976,0,DS1__exciting_ORG_EXT(10),0,706,29.4461
DS1__exciting_95,/Users/rafiabhista/Documents/code/apple/c1_audio/emomv_2/aria/media/minhdanh/5e31d1e3-0187-4837-8530-60bbac61578f1/home/minhdanh/Documents/EmoMV/Dataset1/DS1_TRAIN_MATCH/exciting_95.mp4,exciting,0,DS1,match,dee8f6139d009b0552d10e6bf0489605f8c27c6d1e5836a91e499ec4ec776f60,DS1__exciting_95,30.03,720,23.976,0,DS1__exciting_95,0,720,30.03
DS1__exciting_DEAP_DB_EX(3),/Users/rafiabhista/Documents/code/apple/c1_audio/emomv_2/aria/media/minhdanh/5e31d1e3-0187-4837-8530-60bbac61578f1/home/minhdanh/Documents/EmoMV/Dataset1/DS1_TRAIN_MATCH/exciting_DEAP_DB_EX(3).mp4,exciting,0,DS1,match,9ae9d412ea99ac812c715fe067617775c790c0a34aad949021e952b63c3865f2,DS1__exciting_DEAP_DB_EX(3),28.88,722,25.0,0,DS1__exciting_DEAP_DB_EX(3),0,722,28.88
DS1__exciting_ORG_EXT(342),/Users/rafiabhista/Documents/code/apple/c1_audio/emomv_2/aria/media/minhdanh/5e31d1e3-0187-4837-8530-60bbac61578f1/home/minhdanh/Documents/EmoMV/Dataset1/DS1_TRAIN_MATCH/exciting_ORG_EXT(342).mp4,exciting,0,DS1,match,7d814a8318ae781a1f9e4f37977081cd4df3423d4e71c4ddf71b3d0baae09343,DS1__exciting_ORG_EXT(342),30.0301,720,23.9759,0,DS1__exciting_ORG_EXT(342),0,720,30.0301
DS1__exciting_HAPPY_HEA(14)-6-of-8,/Users/rafiabhista/Documents/code/apple/c1_audio/emomv_2/aria/media/minhdanh/5e31d1e3-0187-4837-8530-60bbac61578f1/home/minhdanh/Documents/EmoMV/Dataset1/DS1_TRAIN_MATCH/exciting_HAPPY_HEA(14)-6-of-8.mp4,exciting,0,DS1,match,bacb0c14e5bfcc2539d025997e4ff223518f2a71b009f077570b1e9c0588df43,DS1__exciting_HAPPY_HEA(14),28.0697,673,23.976,0,DS1__exciting_HAPPY_HEA(14)-6-of-8,0,673,28.0697
DS1__exciting_TEST_MV(17)-4-of-15,/Users/rafiabhista/Documents/code/apple/c1_audio/emomv_2/aria/media/minhdanh/5e31d1e3-0187-4837-8530-60bbac61578f1/home/minhdanh/Documents/EmoMV/Dataset1/DS1_TRAIN_MATCH/exciting_TEST_MV(17)-4-of-15.mp4,exciting,0,DS1,match,e3bb3a201a34bb8a41f15989bec44d2924e13dca99e6ed8cd2076a322fb1a314,DS1__exciting_TEST_MV(17),28.16,704,25.0,0,DS1__exciting_TEST_MV(17)-4-of-15,0,704,28.16
DS1__exciting_ORG_EXT(25),/Users/rafiabhista/Documents/code/apple/c1_audio/emomv_2/aria/media/minhdanh/5e31d1e3-0187-4837-8530-60bbac61578f1/home/minhdanh/Documents/EmoMV/Dataset1/DS1_TRAIN_MATCH/exciting_ORG_EXT(25).mp4,exciting,0,DS1,match,8f745432fed4304d80e4277b4ca58fd6ea172eb745b5e215af792d1395daabd2,DS1__exciting_ORG_EXT(25),29.3293,879,29.97,0,DS1__exciting_ORG_EXT(25),0,879,29.3293
DS1__exciting_ORG_EXT(171),/Users/rafiabhista/Documents/code/apple/c1_audio/emomv_2/aria/media/minhdanh/5e31d1e3-0187-4837-8530-60bbac61578f1/home/minhdanh/Documents/EmoMV/Dataset1/DS1_TRAIN_MATCH/exciting_ORG_EXT(171).mp4,exciting,0,DS1,match,c628cdadabe17442c43365d9fa98f254a24e6be5d41b01e4f2c95feff7a52534,DS1__exciting_ORG_EXT(171),29.0707,697,23.976,0,DS1__exciting_ORG_EXT(171),0,697,29.0707
DS1__exciting_REVIEW_EXT(7),/Users/rafiabhista/Documents/code/apple/c1_audio/emomv_2/aria/media/minhdanh/5e31d1e3-0187-4837-8530-60bbac61578f1/home/minhdanh/Documents/EmoMV/Dataset1/DS1_TRAIN_MATCH/exciting_REVIEW_EXT(7).mp4,exciting,0,DS1,match,b29997405b715b3b396d587af7affb04b2cf447ababa2253700cf0effcab7ae5,DS1__exciting_REVIEW_EXT(7),31.0978,932,29.97,0,DS1__exciting_REVIEW_EXT(7),0,932,31.0978
DS1__exciting_ORG_EXT(88)__win0,/Users/rafiabhista/Documents/code/apple/c1_audio/emomv_2/aria/media/minhdanh/5e31d1e3-0187-4837-8530-60bbac61578f1/home/minhdanh/Documents/EmoMV/Dataset1/DS1_TRAIN_MATCH/exciting_ORG_EXT(88).mp4,exciting,0,DS1,match,f7ead74f86079430b0e30e00902b4d012b23e01a7bf504aff06e40e9300951c8,DS1__exciting_ORG_EXT(88),91.16,2279,25.0,0,DS1__exciting_ORG_EXT(88),0,750,30.0
DS1__exciting_ORG_EXT(88)__win1,/Users/rafiabhista/Documents/code/apple/c1_audio/emomv_2/aria/media/minhdanh/5e31d1e3-0187-4837-8530-60bbac61578f1/home/minhdanh/Documents/EmoMV/Dataset1/DS1_TRAIN_MATCH/exciting_ORG_EXT(88).mp4,exciting,0,DS1,match,f7ead74f86079430b0e30e00902b4d012b23e01a7bf504aff06e40e9300951c8,DS1__exciting_ORG_EXT(88),91.16,2279,25.0,1,DS1__exciting_ORG_EXT(88),750,1500,30.0
DS1__exciting_ORG_EXT(88)__win2,/Users/rafiabhista/Documents/code/apple/c1_audio/emomv_2/aria/media/minhdanh/5e31d1e3-0187-4837-8530-60bbac61578f1/home/minhdanh/Documents/EmoMV/Dataset1/DS1_TRAIN_MATCH/exciting_ORG_EXT(88).mp4,exciting,0,DS1,match,f7ead74f86079430b0e30e00902b4d012b23e01a7bf504aff06e40e9300951c8,DS1__exciting_ORG_EXT(88),91.16,2279,25.0,2,DS1__exciting_ORG_EXT(88),1500,2250,30.0
DS1__exciting_TEST_EXT(9)-73-of-95,/Users/rafiabhista/Documents/code/apple/c1_audio/emomv_2/aria/media/minhdanh/5e31d1e3-0187-4837-8530-60bbac61578f1/home/minhdanh/Documents/EmoMV/Dataset1/DS1_TRAIN_MATCH/exciting_TEST_EXT(9)-73-of-95.mp4,exciting,0,DS1,match,9adef260c2d929d59dccbcec1634b8aa862d5fead6642aff2c6bc5203e4fdddf,DS1__exciting_TEST_EXT(9),28.52,713,25.0,0,DS1__exciting_TEST_EXT(9)-73-of-95,0,713,28.52
DS1__exciting_ORG_EXT(78),/Users/rafiabhista/Documents/code/apple/c1_audio/emomv_2/aria/media/minhdanh/5e31d1e3-0187-4837-8530-60bbac61578f1/home/minhdanh/Documents/EmoMV/Dataset1/DS1_TRAIN_MATCH/exciting_ORG_EXT(78).mp4,exciting,0,DS1,match,da14f4dd3a566eb5e938a7d9c225bba63f4de80f553bcec9b4baaa1eeae370ef,DS1__exciting_ORG_EXT(78),29.5417,709,24.0,0,DS1__exciting_ORG_EXT(78),0,709,29.5417
DS1__exciting_REVIEW_EXT(85),/Users/rafiabhista/Documents/code/apple/c1_audio/emomv_2/aria/media/minhdanh/5e31d1e3-0187-4837-8530-60bbac61578f1/home/minhdanh/Documents/EmoMV/Dataset1/DS1_TRAIN_MATCH/exciting_REVIEW_EXT(85).mp4,exciting,0,DS1,match,fd96ebecc6510d6d2b5b07ba3b2fb287667b443a11ccfcd2fac9e284c71c9ebf,DS1__exciting_REVIEW_EXT(85),29.8965,896,29.97,0,DS1__exciting_REVIEW_EXT(85),0,896,29.8965
DS1__exciting_ORG_EXT(70),/Users/rafiabhista/Documents/code/apple/c1_audio/emomv_2/aria/media/minhdanh/5e31d1e3-0187-4837-8530-60bbac61578f1/home/minhdanh/Documents/EmoMV/Dataset1/DS1_TRAIN_MATCH/exciting_ORG_EXT(70).mp4,exciting,0,DS1,match,459b4169364f3c8f6970509b5c976e190b0ce20fcdb04fef68908a9f5a62d037,DS1__exciting_ORG_EXT(70),23.28,582,25.0,0,DS1__exciting_ORG_EXT(70),0,582,23.28
DS1__exciting_REVIEW_EXT_Q2(102),/Users/rafiabhista/Documents/code/apple/c1_audio/emomv_2/aria/media/minhdanh/5e31d1e3-0187-4837-8530-60bbac61578f1/home/minhdanh/Documents/EmoMV/Dataset1/DS1_TRAIN_MATCH/exciting_REVIEW_EXT_Q2(102).mp4,exciting,0,DS1,match,38f8eb1aff52c3d0d69bec5b0b27b099d79de0bfa7f54e4f8e3dceef857384ac,DS1__exciting_REVIEW_EXT_Q2(102),29.04,726,25.0,0,DS1__exciting_REVIEW_EXT_Q2(102),0,726,29.04
DS1__exciting_ORG_EXT(146),/Users/rafiabhista/Documents/code/apple/c1_audio/emomv_2/aria/media/minhdanh/5e31d1e3-0187-4837-8530-60bbac61578f1/home/minhdanh/Documents/EmoMV/Dataset1/DS1_TRAIN_MATCH/exciting_ORG_EXT(146).mp4,exciting,0,DS1,match,50f50b69b0fcb8b08bec5b3f0d514a84444aadb9426d64e34a266a36733f8b51,DS1__exciting_ORG_EXT(146),31.5315,945,29.97,0,DS1__exciting_ORG_EXT(146),0,945,31.5315
DS1__exciting_TEST_MV(10)-3-of-25,/Users/rafiabhista/Documents/code/apple/c1_audio/emomv_2/aria/media/minhdanh/5e31d1e3-0187-4837-8530-60bbac61578f1/home/minhdanh/Documents/EmoMV/Dataset1/DS1_TRAIN_MATCH/exciting_TEST_MV(10)-3-of-25.mp4,exciting,0,DS1,match,3b2dae70765787739234d834e4db9c93055c7985dd2d66837a87c0706c273706,DS1__exciting_TEST_MV(10),29.3333,880,30.0,0,DS1__exciting_TEST_MV(10)-3-of-25,0,880,29.3333
DS1__exciting_ORG_EXT(214),/Users/rafiabhista/Documents/code/apple/c1_audio/emomv_2/aria/media/minhdanh/5e31d1e3-0187-4837-8530-60bbac61578f1/home/minhdanh/Documents/EmoMV/Dataset1/DS1_TRAIN_MATCH/exciting_ORG_EXT(214).mp4,exciting,0,DS1,match,6713f5e75c5859dc27f1c80aa986571bcadf930c2913c8651d8018015b2234fe,DS1__exciting_ORG_EXT(214),24.316,583,23.976,0,DS1__exciting_ORG_EXT(214),0,583,24.316
DS1__exciting_TEST_EXT(18)-16-of-73,/Users/rafiabhista/Documents/code/apple/c1_audio/emomv_2/aria/media/minhdanh/5e31d1e3-0187-4837-8530-60bbac61578f1/home/minhdanh/Documents/EmoMV/Dataset1/DS1_TRAIN_MATCH/exciting_TEST_EXT(18)-16-of-73.mp4,exciting,0,DS1,match,04d26e3a770086dd005e2783309c7ee659b0952e4964e90e94fed1ef583e966c,DS1__exciting_TEST_EXT(18),28.875,693,24.0,0,DS1__exciting_TEST_EXT(18)-16-of-73,0,693,28.875
DS1__exciting_REVIEW_EXT(106),/Users/rafiabhista/Documents/code/apple/c1_audio/emomv_2/aria/media/minhdanh/5e31d1e3-0187-4837-8530-60bbac61578f1/home/minhdanh/Documents/EmoMV/Dataset1/DS1_TRAIN_MATCH/exciting_REVIEW_EXT(106).mp4,exciting,0,DS1,match,bcb19ff6554f7a703aa27081a983341174c8d68bd156fccdb18dab6a08e99347,DS1__exciting_REVIEW_EXT(106),29.9966,899,29.97,0,DS1__exciting_REVIEW_EXT(106),0,899,29.9966
DS1__exciting_ORG_EXT(345),/Users/rafiabhista/Documents/code/apple/c1_audio/emomv_2/aria/media/minhdanh/5e31d1e3-0187-4837-8530-60bbac61578f1/home/minhdanh/Documents/EmoMV/Dataset1/DS1_TRAIN_MATCH/exciting_ORG_EXT(345).mp4,exciting,0,DS1,match,f8b954874155c67bf6952c5502c6a0a52a02d5aee39a11fc58e2aaa112b91dbf,DS1__exciting_ORG_EXT(345),29.3626,704,23.9761,0,DS1__exciting_ORG_EXT(345),0,704,29.3626
DS1__exciting_REVIEW_EXT(43),/Users/rafiabhista/Documents/code/apple/c1_audio/emomv_2/aria/media/minhdanh/5e31d1e3-0187-4837-8530-60bbac61578f1/home/minhdanh/Documents/EmoMV/Dataset1/DS1_TRAIN_MATCH/exciting_REVIEW_EXT(43).mp4,exciting,0,DS1,match,56c75ef7acf6e42700a433163ca16de71b2e9741f8bd1274896b5fddb5d17d49,DS1__exciting_REVIEW_EXT(43),30.0,750,25.0,0,DS1__exciting_REVIEW_EXT(43),0,750,30.0
DS1__exciting_REVIEW_EXT_Q2(19),/Users/rafiabhista/Documents/code/apple/c1_audio/emomv_2/aria/media/minhdanh/5e31d1e3-0187-4837-8530-60bbac61578f1/home/minhdanh/Documents/EmoMV/Dataset1/DS1_TRAIN_MATCH/exciting_REVIEW_EXT_Q2(19).mp4,exciting,0,DS1,match,850c1e73236568103cdb7b7b36cc111e69565c2e2426324bc3bd0e6ac9139986,DS1__exciting_REVIEW_EXT_Q2(19),28.64,716,25.0,0,DS1__exciting_REVIEW_EXT_Q2(19),0,716,28.64
DS1__exciting_REVIEW_EXT(40),/Users/rafiabhista/Documents/code/apple/c1_audio/emomv_2/aria/media/minhdanh/5e31d1e3-0187-4837-8530-60bbac61578f1/home/minhdanh/Documents/EmoMV/Dataset1/DS1_TRAIN_MATCH/exciting_REVIEW_EXT(40).mp4,exciting,0,DS1,match,1b2f096c1ddaf02d952cccb3c6ee8dd8d24d97f6e376f8ea1e566dee3eb74439,DS1__exciting_REVIEW_EXT(40),30.0,750,25.0,0,DS1__exciting_REVIEW_EXT(40),0,750,30.0
DS1__exciting_TEST_MV(11)-4-of-6,/Users/rafiabhista/Documents/code/apple/c1_audio/emomv_2/aria/media/minhdanh/5e31d1e3-0187-4837-8530-60bbac61578f1/home/minhdanh/Documents/EmoMV/Dataset1/DS1_TRAIN_MATCH/exciting_TEST_MV(11)-4-of-6.mp4,exciting,0,DS1,match,db8f01414b94e12b5bb46a5fde7f5230e90d286de0a0399d26c59eb79422790d,DS1__exciting_TEST_MV(11),29.04,726,25.0,0,DS1__exciting_TEST_MV(11)-4-of-6,0,726,29.04
DS1__exciting_ORG_EXT(212),/Users/rafiabhista/Documents/code/apple/c1_audio/emomv_2/aria/media/minhdanh/5e31d1e3-0187-4837-8530-60bbac61578f1/home/minhdanh/Documents/EmoMV/Dataset1/DS1_TRAIN_MATCH/exciting_ORG_EXT(212).mp4,exciting,0,DS1,match,6fe50b14bd0df3492c18e44e93cfaee79fcd92e2e1851950d778c6b67f7eae2a,DS1__exciting_ORG_EXT(212),31.2396,749,23.976,0,DS1__exciting_ORG_EXT(212),0,749,31.2396
DS1__exciting_TEST_MV(19)-4-of-8,/Users/rafiabhista/Documents/code/apple/c1_audio/emomv_2/aria/media/minhdanh/5e31d1e3-0187-4837-8530-60bbac61578f1/home/minhdanh/Documents/EmoMV/Dataset1/DS1_TRAIN_MATCH/exciting_TEST_MV(19)-4-of-8.mp4,exciting,0,DS1,match,73916d28a68d65e9f06e25de3c5a4352a12c384c9f3460bb5189b7d98616d1e5,DS1__exciting_TEST_MV(19),28.6119,686,23.976,0,DS1__exciting_TEST_MV(19)-4-of-8,0,686,28.6119
DS1__exciting_ORG_EXT(186),/Users/rafiabhista/Documents/code/apple/c1_audio/emomv_2/aria/media/minhdanh/5e31d1e3-0187-4837-8530-60bbac61578f1/home/minhdanh/Documents/EmoMV/Dataset1/DS1_TRAIN_MATCH/exciting_ORG_EXT(186).mp4,exciting,0,DS1,match,dc792f4c80f1bfc24ca1438ded741a096c46c7d2e2d58681dbc46d7350a059a3,DS1__exciting_ORG_EXT(186),30.9477,742,23.9759,0,DS1__exciting_ORG_EXT(186),0,742,30.9477
DS1__exciting_REVIEW_EXT(81),/Users/rafiabhista/Documents/code/apple/c1_audio/emomv_2/aria/media/minhdanh/5e31d1e3-0187-4837-8530-60bbac61578f1/home/minhdanh/Documents/EmoMV/Dataset1/DS1_TRAIN_MATCH/exciting_REVIEW_EXT(81).mp4,exciting,0,DS1,match,d08f17da22e452a1b196603e4dffb8fd75f753d5431951ad22973b485266c704,DS1__exciting_REVIEW_EXT(81),30.0,750,25.0,0,DS1__exciting_REVIEW_EXT(81),0,750,30.0
DS1__exciting_DEAP_DBW_EXT(11),/Users/rafiabhista/Documents/code/apple/c1_audio/emomv_2/aria/media/minhdanh/5e31d1e3-0187-4837-8530-60bbac61578f1/home/minhdanh/Documents/EmoMV/Dataset1/DS1_TRAIN_MATCH/exciting_DEAP_DBW_EXT(11).mp4,exciting,0,DS1,match,bd86db2a021cbfb5ba6c0ca3f438e7a45b31118461f06650ed14045c50e01867,DS1__exciting_DEAP_DBW_EXT(11),29.9966,899,29.97,0,DS1__exciting_DEAP_DBW_EXT(11),0,899,29.9966
DS1__exciting_ORG_EXT(330),/Users/rafiabhista/Documents/code/apple/c1_audio/emomv_2/aria/media/minhdanh/5e31d1e3-0187-4837-8530-60bbac61578f1/home/minhdanh/Documents/EmoMV/Dataset1/DS1_TRAIN_MATCH/exciting_ORG_EXT(330).mp4,exciting,0,DS1,match,8554bd257f986b8f227f4fe3239a72d344f0e81f158279baa00bd9039b426a98,DS1__exciting_ORG_EXT(330),28.9958,869,29.9699,0,DS1__exciting_ORG_EXT(330),0,869,28.9958
DS1__exciting_Exciting_MV_3GPP(6)-2-of-7,/Users/rafiabhista/Documents/code/apple/c1_audio/emomv_2/aria/media/minhdanh/5e31d1e3-0187-4837-8530-60bbac61578f1/home/minhdanh/Documents/EmoMV/Dataset1/DS1_TRAIN_MATCH/exciting_Exciting_MV_3GPP(6)-2-of-7.mp4,exciting,0,DS1,match,bdcd9e4036a8db3d95dff5689c75a35f320a0cba72d74ec4774aeec07da563f4,DS1__exciting_Exciting_MV_3GPP(6),29.1291,873,29.97,0,DS1__exciting_Exciting_MV_3GPP(6)-2-of-7,0,873,29.1291
DS1__exciting_ORG_EXT(91),/Users/rafiabhista/Documents/code/apple/c1_audio/emomv_2/aria/media/minhdanh/5e31d1e3-0187-4837-8530-60bbac61578f1/home/minhdanh/Documents/EmoMV/Dataset1/DS1_TRAIN_MATCH/exciting_ORG_EXT(91).mp4,exciting,0,DS1,match,7371de7973592db7d816b763691daf3072a27bdd61af3f6f1f75f4406c27b4f4,DS1__exciting_ORG_EXT(91),31.64,791,25.0,0,DS1__exciting_ORG_EXT(91),0,791,31.64
DS1__exciting_ORG_EXT(303),/Users/rafiabhista/Documents/code/apple/c1_audio/emomv_2/aria/media/minhdanh/5e31d1e3-0187-4837-8530-60bbac61578f1/home/minhdanh/Documents/EmoMV/Dataset1/DS1_TRAIN_MATCH/exciting_ORG_EXT(303).mp4,exciting,0,DS1,match,d35e5238ab6233bcb0d2073a2c0a9b820d7d38aa90ca11c02470365bd54505a5,DS1__exciting_ORG_EXT(303),30.8642,740,23.976,0,DS1__exciting_ORG_EXT(303),0,740,30.8642
DS1__exciting_REVIEW_EXT(83),/Users/rafiabhista/Documents/code/apple/c1_audio/emomv_2/aria/media/minhdanh/5e31d1e3-0187-4837-8530-60bbac61578f1/home/minhdanh/Documents/EmoMV/Dataset1/DS1_TRAIN_MATCH/exciting_REVIEW_EXT(83).mp4,exciting,0,DS1,match,480dea7140828a1047af3a34cf8fbaad220b81523db76c0be2987e6d6e59ea6b,DS1__exciting_REVIEW_EXT(83),30.0,750,25.0,0,DS1__exciting_REVIEW_EXT(83),0,750,30.0
DS1__exciting_TEST_MV(10)-17-of-25,/Users/rafiabhista/Documents/code/apple/c1_audio/emomv_2/aria/media/minhdanh/5e31d1e3-0187-4837-8530-60bbac61578f1/home/minhdanh/Documents/EmoMV/Dataset1/DS1_TRAIN_MATCH/exciting_TEST_MV(10)-17-of-25.mp4,exciting,0,DS1,match,5d0b87dd8f4aee684551736930eec336d5a695bf4da391738c73d8dd72a7ff21,DS1__exciting_TEST_MV(10),29.9333,898,30.0,0,DS1__exciting_TEST_MV(10)-17-of-25,0,898,29.9333
DS1__exciting_ORG_EXT(231),/Users/rafiabhista/Documents/code/apple/c1_audio/emomv_2/aria/media/minhdanh/5e31d1e3-0187-4837-8530-60bbac61578f1/home/minhdanh/Documents/EmoMV/Dataset1/DS1_TRAIN_MATCH/exciting_ORG_EXT(231).mp4,exciting,0,DS1,match,decdb2a67e03bdb98b1e6554090b344e03a1ee6ce21842228fe822644a54b750,DS1__exciting_ORG_EXT(231),30.7808,738,23.976,0,DS1__exciting_ORG_EXT(231),0,738,30.7808
DS1__exciting_Exciting_MV_NC2(42)-3-of-9,/Users/rafiabhista/Documents/code/apple/c1_audio/emomv_2/aria/media/minhdanh/5e31d1e3-0187-4837-8530-60bbac61578f1/home/minhdanh/Documents/EmoMV/Dataset1/DS1_TRAIN_MATCH/exciting_Exciting_MV_NC2(42)-3-of-9.mp4,exciting,0,DS1,match,b335079855560eb7ba340c224e2568754f49a5a84478dac662cd810215459462,DS1__exciting_Exciting_MV_NC2(42),30.0,750,25.0,0,DS1__exciting_Exciting_MV_NC2(42)-3-of-9,0,750,30.0
DS1__exciting_ORG_NEUTRAL(172),/Users/rafiabhista/Documents/code/apple/c1_audio/emomv_2/aria/media/minhdanh/5e31d1e3-0187-4837-8530-60bbac61578f1/home/minhdanh/Documents/EmoMV/Dataset1/DS1_TRAIN_MATCH/exciting_ORG_NEUTRAL(172).mp4,exciting,0,DS1,match,6e551236fcf5611107a2090b69f467f161e24c785bf771c6cfa7ce71543f2839,DS1__exciting_ORG_NEUTRAL(172),30.03,720,23.976,0,DS1__exciting_ORG_NEUTRAL(172),0,720,30.03
DS1__exciting_HPY_EXT_LLT(13),/Users/rafiabhista/Documents/code/apple/c1_audio/emomv_2/aria/media/minhdanh/5e31d1e3-0187-4837-8530-60bbac61578f1/home/minhdanh/Documents/EmoMV/Dataset1/DS1_TRAIN_MATCH/exciting_HPY_EXT_LLT(13).mp4,exciting,0,DS1,match,da662e36bd1b23e1346b1595fcbd7d38ef14c2f630b9df808c6d4ee5c1c5af31,DS1__exciting_HPY_EXT_LLT(13),29.9883,719,23.976,0,DS1__exciting_HPY_EXT_LLT(13),0,719,29.9883
DS1__exciting_ORG_EXT(158),/Users/rafiabhista/Documents/code/apple/c1_audio/emomv_2/aria/media/minhdanh/5e31d1e3-0187-4837-8530-60bbac61578f1/home/minhdanh/Documents/EmoMV/Dataset1/DS1_TRAIN_MATCH/exciting_ORG_EXT(158).mp4,exciting,0,DS1,match,d041ab3ecdb29ef0cf01782b36c75def1f31fafeb00e69018bfa3f6da192ab72,DS1__exciting_ORG_EXT(158),29.9299,897,29.97,0,DS1__exciting_ORG_EXT(158),0,897,29.9299
DS1__exciting_TEST_MV(6)-9-of-26,/Users/rafiabhista/Documents/code/apple/c1_audio/emomv_2/aria/media/minhdanh/5e31d1e3-0187-4837-8530-60bbac61578f1/home/minhdanh/Documents/EmoMV/Dataset1/DS1_TRAIN_MATCH/exciting_TEST_MV(6)-9-of-26.mp4,exciting,0,DS1,match,48bcddebc8f9f2dab28a7eda6b7c04fdac21de0e8fd314394350a497885c6619,DS1__exciting_TEST_MV(6),28.1615,844,29.97,0,DS1__exciting_TEST_MV(6)-9-of-26,0,844,28.1615
DS1__exciting_EXT_S1(22),/Users/rafiabhista/Documents/code/apple/c1_audio/emomv_2/aria/media/minhdanh/5e31d1e3-0187-4837-8530-60bbac61578f1/home/minhdanh/Documents/EmoMV/Dataset1/DS1_TRAIN_MATCH/exciting_EXT_S1(22).mp4,exciting,0,DS1,match,b8a2170c83872e18c81fa4a02d60360a526ba9f71f6bd28aef61c13b08fee322,DS1__exciting_EXT_S1(22),29.9966,899,29.97,0,DS1__exciting_EXT_S1(22),0,899,29.9966
DS1__exciting_TEST_MV(42)-8-of-12,/Users/rafiabhista/Documents/code/apple/c1_audio/emomv_2/aria/media/minhdanh/5e31d1e3-0187-4837-8530-60bbac61578f1/home/minhdanh/Documents/EmoMV/Dataset1/DS1_TRAIN_MATCH/exciting_TEST_MV(42)-8-of-12.mp4,exciting,0,DS1,match,1c74beea4aab2f5e361e483d5a7a0d2d3c8714d51ba13c674646cbe2f9f89d49,DS1__exciting_TEST_MV(42),28.4167,682,24.0,0,DS1__exciting_TEST_MV(42)-8-of-12,0,682,28.4167
DS1__exciting_TEST_EXT(9)-2-of-95,/Users/rafiabhista/Documents/code/apple/c1_audio/emomv_2/aria/media/minhdanh/5e31d1e3-0187-4837-8530-60bbac61578f1/home/minhdanh/Documents/EmoMV/Dataset1/DS1_TRAIN_MATCH/exciting_TEST_EXT(9)-2-of-95.mp4,exciting,0,DS1,match,74055892bc97f360063db30c0bba7499ee2ead506932d5e011c0c0d87cc8cfc3,DS1__exciting_TEST_EXT(9),29.88,747,25.0,0,DS1__exciting_TEST_EXT(9)-2-of-95,0,747,29.88
DS1__exciting_TEST_EXT(16)-62-of-84,/Users/rafiabhista/Documents/code/apple/c1_audio/emomv_2/aria/media/minhdanh/5e31d1e3-0187-4837-8530-60bbac61578f1/home/minhdanh/Documents/EmoMV/Dataset1/DS1_TRAIN_MATCH/exciting_TEST_EXT(16)-62-of-84.mp4,exciting,0,DS1,match,fe4f2a821bd293a622cf8472d8e52a1e8c38275834a8aea66639f73450ea14e3,DS1__exciting_TEST_EXT(16),27.64,691,25.0,0,DS1__exciting_TEST_EXT(16)-62-of-84,0,691,27.64
DS1__exciting_TEST_MV(6)-4-of-26,/Users/rafiabhista/Documents/code/apple/c1_audio/emomv_2/aria/media/minhdanh/5e31d1e3-0187-4837-8530-60bbac61578f1/home/minhdanh/Documents/EmoMV/Dataset1/DS1_TRAIN_MATCH/exciting_TEST_MV(6)-4-of-26.mp4,exciting,0,DS1,match,30ca092874ce277a008e0069c84688a91b8f37726306a42abf6c2bdeda931158,DS1__exciting_TEST_MV(6),28.2616,847,29.97,0,DS1__exciting_TEST_MV(6)-4-of-26,0,847,28.2616
DS1__exciting_TEST_MV(10)-20-of-25,/Users/rafiabhista/Documents/code/apple/c1_audio/emomv_2/aria/media/minhdanh/5e31d1e3-0187-4837-8530-60bbac61578f1/home/minhdanh/Documents/EmoMV/Dataset1/DS1_TRAIN_MATCH/exciting_TEST_MV(10)-20-of-25.mp4,exciting,0,DS1,match,92768ebdb7c77a4bf5f016b961984f2db4f90715aae07afb6eafb324decc7295,DS1__exciting_TEST_MV(10),28.9,867,30.0,0,DS1__exciting_TEST_MV(10)-20-of-25,0,867,28.9
DS1__exciting_ORG_EXT(145),/Users/rafiabhista/Documents/code/apple/c1_audio/emomv_2/aria/media/minhdanh/5e31d1e3-0187-4837-8530-60bbac61578f1/home/minhdanh/Documents/EmoMV/Dataset1/DS1_TRAIN_MATCH/exciting_ORG_EXT(145).mp4,exciting,0,DS1,match,ac8d53ca400751033ba1fe429e1b80b8e8fd97862ca3448d26b5a9f2c53b6da2,DS1__exciting_ORG_EXT(145),29.2292,876,29.97,0,DS1__exciting_ORG_EXT(145),0,876,29.2292
DS1__exciting_REVIEW_EXT_Q2(39),/Users/rafiabhista/Documents/code/apple/c1_audio/emomv_2/aria/media/minhdanh/5e31d1e3-0187-4837-8530-60bbac61578f1/home/minhdanh/Documents/EmoMV/Dataset1/DS1_TRAIN_MATCH/exciting_REVIEW_EXT_Q2(39).mp4,exciting,0,DS1,match,5d9010efff0d6b5edb21b293c04dd8ab053df4f9fd03e96c30fa432b78750315,DS1__exciting_REVIEW_EXT_Q2(39),30.0,750,25.0,0,DS1__exciting_REVIEW_EXT_Q2(39),0,750,30.0
DS1__exciting_147,/Users/rafiabhista/Documents/code/apple/c1_audio/emomv_2/aria/media/minhdanh/5e31d1e3-0187-4837-8530-60bbac61578f1/home/minhdanh/Documents/EmoMV/Dataset1/DS1_TRAIN_MATCH/exciting_147.mp4,exciting,0,DS1,match,72fadd12d1f4bf3f94a5d1403a0f9e04f0ef97c22bd7ce997701ab898e100481,DS1__exciting_147,30.0,720,24.0,0,DS1__exciting_147,0,720,30.0
DS1__exciting_DEAP_DB_EX(29),/Users/rafiabhista/Documents/code/apple/c1_audio/emomv_2/aria/media/minhdanh/5e31d1e3-0187-4837-8530-60bbac61578f1/home/minhdanh/Documents/EmoMV/Dataset1/DS1_TRAIN_MATCH/exciting_DEAP_DB_EX(29).mp4,exciting,0,DS1,match,a77b3fad2ea034ea71de06dd628a5921191bd3a7f2d647a0e04c0387953e77cf,DS1__exciting_DEAP_DB_EX(29),28.5285,684,23.976,0,DS1__exciting_DEAP_DB_EX(29),0,684,28.5285
DS1__exciting_TEST_MV(6)-20-of-26,/Users/rafiabhista/Documents/code/apple/c1_audio/emomv_2/aria/media/minhdanh/5e31d1e3-0187-4837-8530-60bbac61578f1/home/minhdanh/Documents/EmoMV/Dataset1/DS1_TRAIN_MATCH/exciting_TEST_MV(6)-20-of-26.mp4,exciting,0,DS1,match,fd658a61a0ea547674eafa9589bd9245a74d7631e39ccb0ef75e485e82583335,DS1__exciting_TEST_MV(6),28.8288,864,29.97,0,DS1__exciting_TEST_MV(6)-20-of-26,0,864,28.8288
DS1__exciting_ORG_EXT(252),/Users/rafiabhista/Documents/code/apple/c1_audio/emomv_2/aria/media/minhdanh/5e31d1e3-0187-4837-8530-60bbac61578f1/home/minhdanh/Documents/EmoMV/Dataset1/DS1_TRAIN_MATCH/exciting_ORG_EXT(252).mp4,exciting,0,DS1,match,4872e1572452cc0a266c90ce7ea74fdee7e63d88c833096616f96eaae044470d,DS1__exciting_ORG_EXT(252),31.24,781,25.0,0,DS1__exciting_ORG_EXT(252),0,781,31.24
DS1__exciting_HAPPY_HEA(23)-3-of-8,/Users/rafiabhista/Documents/code/apple/c1_audio/emomv_2/aria/media/minhdanh/5e31d1e3-0187-4837-8530-60bbac61578f1/home/minhdanh/Documents/EmoMV/Dataset1/DS1_TRAIN_MATCH/exciting_HAPPY_HEA(23)-3-of-8.mp4,exciting,0,DS1,match,d1a778b0a71d9c79efa88f3e4fbc162b941d611ca9eff4c45a2344450db4fad3,DS1__exciting_HAPPY_HEA(23),28.6286,858,29.97,0,DS1__exciting_HAPPY_HEA(23)-3-of-8,0,858,28.6286
DS1__exciting_ORG_EXT(74),/Users/rafiabhista/Documents/code/apple/c1_audio/emomv_2/aria/media/minhdanh/5e31d1e3-0187-4837-8530-60bbac61578f1/home/minhdanh/Documents/EmoMV/Dataset1/DS1_TRAIN_MATCH/exciting_ORG_EXT(74).mp4,exciting,0,DS1,match,72f1298429aa785c45c03abc79d409a763754628ab14d04c46b73dc477d9bfda,DS1__exciting_ORG_EXT(74),30.75,738,24.0,0,DS1__exciting_ORG_EXT(74),0,738,30.75
DS1__exciting_ORG_EXT(191),/Users/rafiabhista/Documents/code/apple/c1_audio/emomv_2/aria/media/minhdanh/5e31d1e3-0187-4837-8530-60bbac61578f1/home/minhdanh/Documents/EmoMV/Dataset1/DS1_TRAIN_MATCH/exciting_ORG_EXT(191).mp4,exciting,0,DS1,match,e1949698133debccc9ed4d77f29f78bd180e6b48872ed16994b2f2ea0f5b4502,DS1__exciting_ORG_EXT(191),28.3616,680,23.9761,0,DS1__exciting_ORG_EXT(191),0,680,28.3616
DS1__exciting_TEST_EXT(15)-82-of-153,/Users/rafiabhista/Documents/code/apple/c1_audio/emomv_2/aria/media/minhdanh/5e31d1e3-0187-4837-8530-60bbac61578f1/home/minhdanh/Documents/EmoMV/Dataset1/DS1_TRAIN_MATCH/exciting_TEST_EXT(15)-82-of-153.mp4,exciting,0,DS1,match,047bea6d274f3ef1b6c496302b407d60cb663ac5eaa4a392c50628b64cb23427,DS1__exciting_TEST_EXT(15),27.48,687,25.0,0,DS1__exciting_TEST_EXT(15)-82-of-153,0,687,27.48
DS1__exciting_REVIEW_EXT(10),/Users/rafiabhista/Documents/code/apple/c1_audio/emomv_2/aria/media/minhdanh/5e31d1e3-0187-4837-8530-60bbac61578f1/home/minhdanh/Documents/EmoMV/Dataset1/DS1_TRAIN_MATCH/exciting_REVIEW_EXT(10).mp4,exciting,0,DS1,match,dbd7e0b423a7c999fe7c8df2d4d2f25bd2a61c6797fbdebdb8560a6ccef60a87,DS1__exciting_REVIEW_EXT(10),29.3,879,30.0,0,DS1__exciting_REVIEW_EXT(10),0,879,29.3
DS1__exciting_TEST_EXT(18)-2-of-73,/Users/rafiabhista/Documents/code/apple/c1_audio/emomv_2/aria/media/minhdanh/5e31d1e3-0187-4837-8530-60bbac61578f1/home/minhdanh/Documents/EmoMV/Dataset1/DS1_TRAIN_MATCH/exciting_TEST_EXT(18)-2-of-73.mp4,exciting,0,DS1,match,21d51b1eac477ea72d00b96a177b8f4ff680abe7cd54c1555e6f874942697595,DS1__exciting_TEST_EXT(18),28.9167,694,24.0,0,DS1__exciting_TEST_EXT(18)-2-of-73,0,694,28.9167
DS1__exciting_HAPPY_HEA(16)-6-of-7,/Users/rafiabhista/Documents/code/apple/c1_audio/emomv_2/aria/media/minhdanh/5e31d1e3-0187-4837-8530-60bbac61578f1/home/minhdanh/Documents/EmoMV/Dataset1/DS1_TRAIN_MATCH/exciting_HAPPY_HEA(16)-6-of-7.mp4,exciting,0,DS1,match,dab72d04196312872fded44bec1be5e9e19e7d822eb9263a21971d0ad29e71e3,DS1__exciting_HAPPY_HEA(16),30.0,750,25.0,0,DS1__exciting_HAPPY_HEA(16)-6-of-7,0,750,30.0
DS1__exciting_Exciting_MV_NC2(3)-3-of-10,/Users/rafiabhista/Documents/code/apple/c1_audio/emomv_2/aria/media/minhdanh/5e31d1e3-0187-4837-8530-60bbac61578f1/home/minhdanh/Documents/EmoMV/Dataset1/DS1_TRAIN_MATCH/exciting_Exciting_MV_NC2(3)-3-of-10.mp4,exciting,0,DS1,match,292bfa408559c7604e27ebc1f69209f4e5353bb3cb9e3782979a95986ef36cc5,DS1__exciting_Exciting_MV_NC2(3),28.9456,694,23.976,0,DS1__exciting_Exciting_MV_NC2(3)-3-of-10,0,694,28.9456
DS1__exciting_REVIEW_EXT_Q2(34),/Users/rafiabhista/Documents/code/apple/c1_audio/emomv_2/aria/media/minhdanh/5e31d1e3-0187-4837-8530-60bbac61578f1/home/minhdanh/Documents/EmoMV/Dataset1/DS1_TRAIN_MATCH/exciting_REVIEW_EXT_Q2(34).mp4,exciting,0,DS1,match,e80167c9002bc512684424e2fe2d976c987cce2d9d0c6887154c70c3eca72226,DS1__exciting_REVIEW_EXT_Q2(34),30.0,750,25.0,0,DS1__exciting_REVIEW_EXT_Q2(34),0,750,30.0
DS1__exciting_TEST_MV(53)-8-of-9,/Users/rafiabhista/Documents/code/apple/c1_audio/emomv_2/aria/media/minhdanh/5e31d1e3-0187-4837-8530-60bbac61578f1/home/minhdanh/Documents/EmoMV/Dataset1/DS1_TRAIN_MATCH/exciting_TEST_MV(53)-8-of-9.mp4,exciting,0,DS1,match,50f8371b22c446f339da5d61c7c4d07560f93e0b8ee7b969c3d1e86393746643,DS1__exciting_TEST_MV(53),28.9456,694,23.976,0,DS1__exciting_TEST_MV(53)-8-of-9,0,694,28.9456
DS1__exciting_TEST_MV(9)-7-of-12,/Users/rafiabhista/Documents/code/apple/c1_audio/emomv_2/aria/media/minhdanh/5e31d1e3-0187-4837-8530-60bbac61578f1/home/minhdanh/Documents/EmoMV/Dataset1/DS1_TRAIN_MATCH/exciting_TEST_MV(9)-7-of-12.mp4,exciting,0,DS1,match,42043fddcb6f9edaf775146d8e1022dcd9491a8b87c6dec77f7653abf37ea482,DS1__exciting_TEST_MV(9),30.0,720,24.0,0,DS1__exciting_TEST_MV(9)-7-of-12,0,720,30.0
DS1__exciting_EXT_S1(19),/Users/rafiabhista/Documents/code/apple/c1_audio/emomv_2/aria/media/minhdanh/5e31d1e3-0187-4837-8530-60bbac61578f1/home/minhdanh/Documents/EmoMV/Dataset1/DS1_TRAIN_MATCH/exciting_EXT_S1(19).mp4,exciting,0,DS1,match,aa8f9cfaaaddacd5f0e37d7b19b4b02ab40b25fb8cab4eb7d88bc29ba91b73b2,DS1__exciting_EXT_S1(19),31.4314,942,29.97,0,DS1__exciting_EXT_S1(19),0,942,31.4314
DS1__exciting_HAPPY_HEA(3)-2-of-8,/Users/rafiabhista/Documents/code/apple/c1_audio/emomv_2/aria/media/minhdanh/5e31d1e3-0187-4837-8530-60bbac61578f1/home/minhdanh/Documents/EmoMV/Dataset1/DS1_TRAIN_MATCH/exciting_HAPPY_HEA(3)-2-of-8.mp4,exciting,0,DS1,match,7bd4a7273e0efbaf7354eeefaf8f44c8705e7b3ff406eba9a3997f1bba6f2041,DS1__exciting_HAPPY_HEA(3),29.9966,899,29.97,0,DS1__exciting_HAPPY_HEA(3)-2-of-8,0,899,29.9966
DS1__exciting_ORG_EXT(233),/Users/rafiabhista/Documents/code/apple/c1_audio/emomv_2/aria/media/minhdanh/5e31d1e3-0187-4837-8530-60bbac61578f1/home/minhdanh/Documents/EmoMV/Dataset1/DS1_TRAIN_MATCH/exciting_ORG_EXT(233).mp4,exciting,0,DS1,match,e00c0f9ee54f9cdc4bbd611c2435826c6bc09b474b42b405df8220adedeb5ee0,DS1__exciting_ORG_EXT(233),31.16,779,25.0,0,DS1__exciting_ORG_EXT(233),0,779,31.16
DS1__exciting_HPY_NTR_LLT(30),/Users/rafiabhista/Documents/code/apple/c1_audio/emomv_2/aria/media/minhdanh/5e31d1e3-0187-4837-8530-60bbac61578f1/home/minhdanh/Documents/EmoMV/Dataset1/DS1_TRAIN_MATCH/exciting_HPY_NTR_LLT(30).mp4,exciting,0,DS1,match,f390959b0016f07b4a3fe5ff296845c149a2f144a70a1c9d0499b2db3090ba63,DS1__exciting_HPY_NTR_LLT(30),30.0,750,25.0,0,DS1__exciting_HPY_NTR_LLT(30),0,750,30.0
DS1__exciting_REVIEW_EXT_Q2(38),/Users/rafiabhista/Documents/code/apple/c1_audio/emomv_2/aria/media/minhdanh/5e31d1e3-0187-4837-8530-60bbac61578f1/home/minhdanh/Documents/EmoMV/Dataset1/DS1_TRAIN_MATCH/exciting_REVIEW_EXT_Q2(38).mp4,exciting,0,DS1,match,fd9844dd7df310e8b7e40bee7e3d0370693e8b83124bb6c12359d4302b3b63ff,DS1__exciting_REVIEW_EXT_Q2(38),29.9466,718,23.976,0,DS1__exciting_REVIEW_EXT_Q2(38),0,718,29.9466
DS1__exciting_ORG_EXT(117),/Users/rafiabhista/Documents/code/apple/c1_audio/emomv_2/aria/media/minhdanh/5e31d1e3-0187-4837-8530-60bbac61578f1/home/minhdanh/Documents/EmoMV/Dataset1/DS1_TRAIN_MATCH/exciting_ORG_EXT(117).mp4,exciting,0,DS1,match,afd6b26338aa77ff3c4e1c82b4d913f24ce1ba3be775a2c639da8c44be0396af,DS1__exciting_ORG_EXT(117),29.1543,699,23.9759,0,DS1__exciting_ORG_EXT(117),0,699,29.1543
DS1__exciting_TEST_MV(15)-2-of-13,/Users/rafiabhista/Documents/code/apple/c1_audio/emomv_2/aria/media/minhdanh/5e31d1e3-0187-4837-8530-60bbac61578f1/home/minhdanh/Documents/EmoMV/Dataset1/DS1_TRAIN_MATCH/exciting_TEST_MV(15)-2-of-13.mp4,exciting,0,DS1,match,6855602653de7dc0828c6e14318fff6873ac86d5a77039fd386d70139b5975f2,DS1__exciting_TEST_MV(15),29.029,696,23.976,0,DS1__exciting_TEST_MV(15)-2-of-13,0,696,29.029
DS1__exciting_TEST_EXT(9)-85-of-95,/Users/rafiabhista/Documents/code/apple/c1_audio/emomv_2/aria/media/minhdanh/5e31d1e3-0187-4837-8530-60bbac61578f1/home/minhdanh/Documents/EmoMV/Dataset1/DS1_TRAIN_MATCH/exciting_TEST_EXT(9)-85-of-95.mp4,exciting,0,DS1,match,e32ea2455162317a94865bda9bab923d345cd3bce90a8b55e1b99747e70c204e,DS1__exciting_TEST_EXT(9),29.04,726,25.0,0,DS1__exciting_TEST_EXT(9)-85-of-95,0,726,29.04
DS1__exciting_ORG_EXT(152),/Users/rafiabhista/Documents/code/apple/c1_audio/emomv_2/aria/media/minhdanh/5e31d1e3-0187-4837-8530-60bbac61578f1/home/minhdanh/Documents/EmoMV/Dataset1/DS1_TRAIN_MATCH/exciting_ORG_EXT(152).mp4,exciting,0,DS1,match,d1c68e4861f604c5e0d8b3bc178e2b8dd9a15e975228108163c6965b26c06d6a,DS1__exciting_ORG_EXT(152),31.6984,950,29.97,0,DS1__exciting_ORG_EXT(152),0,950,31.6984
DS1__exciting_TEST_MV(14)-17-of-21,/Users/rafiabhista/Documents/code/apple/c1_audio/emomv_2/aria/media/minhdanh/5e31d1e3-0187-4837-8530-60bbac61578f1/home/minhdanh/Documents/EmoMV/Dataset1/DS1_TRAIN_MATCH/exciting_TEST_MV(14)-17-of-21.mp4,exciting,0,DS1,match,eaddfebb7b2627dd43a4d7ef29138675ff168143b51e3579a529a08540a55315,DS1__exciting_TEST_MV(14),29.6667,712,24.0,0,DS1__exciting_TEST_MV(14)-17-of-21,0,712,29.6667
DS1__exciting_ORG_EXT(127),/Users/rafiabhista/Documents/code/apple/c1_audio/emomv_2/aria/media/minhdanh/5e31d1e3-0187-4837-8530-60bbac61578f1/home/minhdanh/Documents/EmoMV/Dataset1/DS1_TRAIN_MATCH/exciting_ORG_EXT(127).mp4,exciting,0,DS1,match,311591a6d927b273bc92386813e329874a3fc07a1b15c81043c5e6c810fe2519,DS1__exciting_ORG_EXT(127),30.7333,922,30.0,0,DS1__exciting_ORG_EXT(127),0,922,30.7333
DS1__exciting_REVIEW_EXT(55),/Users/rafiabhista/Documents/code/apple/c1_audio/emomv_2/aria/media/minhdanh/5e31d1e3-0187-4837-8530-60bbac61578f1/home/minhdanh/Documents/EmoMV/Dataset1/DS1_TRAIN_MATCH/exciting_REVIEW_EXT(55).mp4,exciting,0,DS1,match,497227f7844e63a798a1541f46a399bf900dfc1ad207c9867c75c8e08d56f86d,DS1__exciting_REVIEW_EXT(55),29.7964,893,29.97,0,DS1__exciting_REVIEW_EXT(55),0,893,29.7964
DS1__exciting_REVIEW_EXT(104),/Users/rafiabhista/Documents/code/apple/c1_audio/emomv_2/aria/media/minhdanh/5e31d1e3-0187-4837-8530-60bbac61578f1/home/minhdanh/Documents/EmoMV/Dataset1/DS1_TRAIN_MATCH/exciting_REVIEW_EXT(104).mp4,exciting,0,DS1,match,cca15ff735a76c69669e5197fe059b225a694861848e1fdbcf940ed05dd03148,DS1__exciting_REVIEW_EXT(104),30.0,750,25.0,0,DS1__exciting_REVIEW_EXT(104),0,750,30.0
DS1__exciting_REVIEW_EXT(102),/Users/rafiabhista/Documents/code/apple/c1_audio/emomv_2/aria/media/minhdanh/5e31d1e3-0187-4837-8530-60bbac61578f1/home/minhdanh/Documents/EmoMV/Dataset1/DS1_TRAIN_MATCH/exciting_REVIEW_EXT(102).mp4,exciting,0,DS1,match,152dfb08bc78aeaf39b62c77e68dc29d7d114ede8852d81a22dc79b3ed74de2b,DS1__exciting_REVIEW_EXT(102),29.7964,893,29.97,0,DS1__exciting_REVIEW_EXT(102),0,893,29.7964
DS1__exciting_ORG_EXT(131),/Users/rafiabhista/Documents/code/apple/c1_audio/emomv_2/aria/media/minhdanh/5e31d1e3-0187-4837-8530-60bbac61578f1/home/minhdanh/Documents/EmoMV/Dataset1/DS1_TRAIN_MATCH/exciting_ORG_EXT(131).mp4,exciting,0,DS1,match,53aa0d2dc1e6c2bc23937c506b7588ee6ab14dc11255ddf3960ec20ccf40ebfc,DS1__exciting_ORG_EXT(131),30.1969,905,29.97,0,DS1__exciting_ORG_EXT(131),0,905,30.1969
DS1__exciting_Ext_FINAL_DL(7),/Users/rafiabhista/Documents/code/apple/c1_audio/emomv_2/aria/media/minhdanh/5e31d1e3-0187-4837-8530-60bbac61578f1/home/minhdanh/Documents/EmoMV/Dataset1/DS1_TRAIN_MATCH/exciting_Ext_FINAL_DL(7).mp4,exciting,0,DS1,match,83ea6a3c3437a1e305ac49493fd49da2eb03a0ac2c2acb1383a66d3692ff2ef0,DS1__exciting_Ext_FINAL_DL(7),29.0,870,30.0,0,DS1__exciting_Ext_FINAL_DL(7),0,870,29.0
DS1__exciting_TEST_MV(10)-13-of-25,/Users/rafiabhista/Documents/code/apple/c1_audio/emomv_2/aria/media/minhdanh/5e31d1e3-0187-4837-8530-60bbac61578f1/home/minhdanh/Documents/EmoMV/Dataset1/DS1_TRAIN_MATCH/exciting_TEST_MV(10)-13-of-25.mp4,exciting,0,DS1,match,82849c8ca5a2f00d60cce3ca87e08a4140aa4b9888e200e4deb2d8fd6d3ed780,DS1__exciting_TEST_MV(10),28.3333,850,30.0,0,DS1__exciting_TEST_MV(10)-13-of-25,0,850,28.3333
DS1__exciting_Exciting_MV_NC2(49)-2-of-7,/Users/rafiabhista/Documents/code/apple/c1_audio/emomv_2/aria/media/minhdanh/5e31d1e3-0187-4837-8530-60bbac61578f1/home/minhdanh/Documents/EmoMV/Dataset1/DS1_TRAIN_MATCH/exciting_Exciting_MV_NC2(49)-2-of-7.mp4,exciting,0,DS1,match,962c5433a515a0213788fe5d7b8cc4a1ebd72cc86b5e561875d995819d5756ce,DS1__exciting_Exciting_MV_NC2(49),30.0,720,24.0,0,DS1__exciting_Exciting_MV_NC2(49)-2-of-7,0,720,30.0
DS1__exciting_TEST_EXT(9)-78-of-95,/Users/rafiabhista/Documents/code/apple/c1_audio/emomv_2/aria/media/minhdanh/5e31d1e3-0187-4837-8530-60bbac61578f1/home/minhdanh/Documents/EmoMV/Dataset1/DS1_TRAIN_MATCH/exciting_TEST_EXT(9)-78-of-95.mp4,exciting,0,DS1,match,fe65da4a2a2c9ebed23b1aa41dbab8ebf6a0fafc0ebd77572bae65c421f0ec2b,DS1__exciting_TEST_EXT(9),28.68,717,25.0,0,DS1__exciting_TEST_EXT(9)-78-of-95,0,717,28.68
DS1__exciting_TEST_MV(28)-2-of-7,/Users/rafiabhista/Documents/code/apple/c1_audio/emomv_2/aria/media/minhdanh/5e31d1e3-0187-4837-8530-60bbac61578f1/home/minhdanh/Documents/EmoMV/Dataset1/DS1_TRAIN_MATCH/exciting_TEST_MV(28)-2-of-7.mp4,exciting,0,DS1,match,c7287e45bcccfcdb433e145c6db7871ab779fbea18fe666433e29a78d6c0fe92,DS1__exciting_TEST_MV(28),28.96,724,25.0,0,DS1__exciting_TEST_MV(28)-2-of-7,0,724,28.96
DS1__exciting_TEST_EXT(15)-75-of-153,/Users/rafiabhista/Documents/code/apple/c1_audio/emomv_2/aria/media/minhdanh/5e31d1e3-0187-4837-8530-60bbac61578f1/home/minhdanh/Documents/EmoMV/Dataset1/DS1_TRAIN_MATCH/exciting_TEST_EXT(15)-75-of-153.mp4,exciting,0,DS1,match,a2bddb7e1b1eef37fb2cfed9816638724dce60c3dbefe31debad111e01e4a18f,DS1__exciting_TEST_EXT(15),26.08,652,25.0,0,DS1__exciting_TEST_EXT(15)-75-of-153,0,652,26.08
DS1__exciting_ORG_EXT(1),/Users/rafiabhista/Documents/code/apple/c1_audio/emomv_2/aria/media/minhdanh/5e31d1e3-0187-4837-8530-60bbac61578f1/home/minhdanh/Documents/EmoMV/Dataset1/DS1_TRAIN_MATCH/exciting_ORG_EXT(1).mp4,exciting,0,DS1,match,a6c02c39e279e190f34f0c738abe2df508ac8a0171e16d391f4c27739e1bb248,DS1__exciting_ORG_EXT(1),29.8632,895,29.97,0,DS1__exciting_ORG_EXT(1),0,895,29.8632
DS1__exciting_ORG_EXT(259),/Users/rafiabhista/Documents/code/apple/c1_audio/emomv_2/aria/media/minhdanh/5e31d1e3-0187-4837-8530-60bbac61578f1/home/minhdanh/Documents/EmoMV/Dataset1/DS1_TRAIN_MATCH/exciting_ORG_EXT(259).mp4,exciting,0,DS1,match,cf428f0ac764fc8ba1b24f6e41ff88755e7928f894ca5e26ebc1221420f569ab,DS1__exciting_ORG_EXT(259),31.84,796,25.0,0,DS1__exciting_ORG_EXT(259),0,796,31.84
DS1__exciting_TEST_MV(10)-18-of-25,/Users/rafiabhista/Documents/code/apple/c1_audio/emomv_2/aria/media/minhdanh/5e31d1e3-0187-4837-8530-60bbac61578f1/home/minhdanh/Documents/EmoMV/Dataset1/DS1_TRAIN_MATCH/exciting_TEST_MV(10)-18-of-25.mp4,exciting,0,DS1,match,df4479f06c0ca9f46a1178995532b6ed3f71a562cd3e9673c926d9306f10655b,DS1__exciting_TEST_MV(10),28.7,861,30.0,0,DS1__exciting_TEST_MV(10)-18-of-25,0,861,28.7
DS1__exciting_REVIEW_EXT(91),/Users/rafiabhista/Documents/code/apple/c1_audio/emomv_2/aria/media/minhdanh/5e31d1e3-0187-4837-8530-60bbac61578f1/home/minhdanh/Documents/EmoMV/Dataset1/DS1_TRAIN_MATCH/exciting_REVIEW_EXT(91).mp4,exciting,0,DS1,match,a39d7d4cb6778c25168918dad8e52766631c3c0cf53c88392e0219eccb16ca29,DS1__exciting_REVIEW_EXT(91),29.8215,715,23.976,0,DS1__exciting_REVIEW_EXT(91),0,715,29.8215
DS1__exciting_HAPPY_HEA(61)-2-of-10,/Users/rafiabhista/Documents/code/apple/c1_audio/emomv_2/aria/media/minhdanh/5e31d1e3-0187-4837-8530-60bbac61578f1/home/minhdanh/Documents/EmoMV/Dataset1/DS1_TRAIN_MATCH/exciting_HAPPY_HEA(61)-2-of-10.mp4,exciting,0,DS1,match,a858480b0ef84188c3335e81251dba35b4784a8ae74a2b91434a2bb58695d4db,DS1__exciting_HAPPY_HEA(61),29.9883,719,23.976,0,DS1__exciting_HAPPY_HEA(61)-2-of-10,0,719,29.9883
DS1__exciting_REVIEW_EXT_Q2(37),/Users/rafiabhista/Documents/code/apple/c1_audio/emomv_2/aria/media/minhdanh/5e31d1e3-0187-4837-8530-60bbac61578f1/home/minhdanh/Documents/EmoMV/Dataset1/DS1_TRAIN_MATCH/exciting_REVIEW_EXT_Q2(37).mp4,exciting,0,DS1,match,97e024c3c09fe90a32c3be968204f65d0c9e66f43f82707b24eae270e0b26c5d,DS1__exciting_REVIEW_EXT_Q2(37),29.9633,898,29.97,0,DS1__exciting_REVIEW_EXT_Q2(37),0,898,29.9633
DS1__exciting_REVIEW_EXT(108),/Users/rafiabhista/Documents/code/apple/c1_audio/emomv_2/aria/media/minhdanh/5e31d1e3-0187-4837-8530-60bbac61578f1/home/minhdanh/Documents/EmoMV/Dataset1/DS1_TRAIN_MATCH/exciting_REVIEW_EXT(108).mp4,exciting,0,DS1,match,d987c1392f2888464452cbbb01a6f638f88c60720452cd7693102ec661ea4aa5,DS1__exciting_REVIEW_EXT(108),29.92,748,25.0,0,DS1__exciting_REVIEW_EXT(108),0,748,29.92
DS1__exciting_EXT_S1(13),/Users/rafiabhista/Documents/code/apple/c1_audio/emomv_2/aria/media/minhdanh/5e31d1e3-0187-4837-8530-60bbac61578f1/home/minhdanh/Documents/EmoMV/Dataset1/DS1_TRAIN_MATCH/exciting_EXT_S1(13).mp4,exciting,0,DS1,match,0ed8aecac92ecbf62aebaa3362a53f74d084c10b644e3037494d7fa6137a1028,DS1__exciting_EXT_S1(13),30.7392,737,23.9759,0,DS1__exciting_EXT_S1(13),0,737,30.7392
DS1__exciting_ORG_NEUTRAL(194),/Users/rafiabhista/Documents/code/apple/c1_audio/emomv_2/aria/media/minhdanh/5e31d1e3-0187-4837-8530-60bbac61578f1/home/minhdanh/Documents/EmoMV/Dataset1/DS1_TRAIN_MATCH/exciting_ORG_NEUTRAL(194).mp4,exciting,0,DS1,match,395108575f87a1de67f8b5a8d7682d2d387a7e8d1eb6210e284b337a9f90984e,DS1__exciting_ORG_NEUTRAL(194),30.2385,725,23.9761,0,DS1__exciting_ORG_NEUTRAL(194),0,725,30.2385
DS1__exciting_REVIEW_EXT(74),/Users/rafiabhista/Documents/code/apple/c1_audio/emomv_2/aria/media/minhdanh/5e31d1e3-0187-4837-8530-60bbac61578f1/home/minhdanh/Documents/EmoMV/Dataset1/DS1_TRAIN_MATCH/exciting_REVIEW_EXT(74).mp4,exciting,0,DS1,match,eee4c9ca40a86ef4310715ecf0b7cff4b6133dbab6ff09a12e2692006123b01a,DS1__exciting_REVIEW_EXT(74),28.9289,867,29.97,0,DS1__exciting_REVIEW_EXT(74),0,867,28.9289
DS1__exciting_Exciting_MV_3GPP(4)-2-of-8,/Users/rafiabhista/Documents/code/apple/c1_audio/emomv_2/aria/media/minhdanh/5e31d1e3-0187-4837-8530-60bbac61578f1/home/minhdanh/Documents/EmoMV/Dataset1/DS1_TRAIN_MATCH/exciting_Exciting_MV_3GPP(4)-2-of-8.mp4,exciting,0,DS1,match,d03ff75a39761c6e46241afa29a5d1301e743b286eb5965e6b226bc57c784fdc,DS1__exciting_Exciting_MV_3GPP(4),29.9164,895,29.9167,0,DS1__exciting_Exciting_MV_3GPP(4)-2-of-8,0,895,29.9164
DS1__exciting_TEST_MV(17)-11-of-15,/Users/rafiabhista/Documents/code/apple/c1_audio/emomv_2/aria/media/minhdanh/5e31d1e3-0187-4837-8530-60bbac61578f1/home/minhdanh/Documents/EmoMV/Dataset1/DS1_TRAIN_MATCH/exciting_TEST_MV(17)-11-of-15.mp4,exciting,0,DS1,match,ed47dca5bdf9e33513fa56dd5f388ea98403e92cf10b03c296b1eab566e0b500,DS1__exciting_TEST_MV(17),29.52,738,25.0,0,DS1__exciting_TEST_MV(17)-11-of-15,0,738,29.52
DS1__exciting_REVIEW_EXT(72),/Users/rafiabhista/Documents/code/apple/c1_audio/emomv_2/aria/media/minhdanh/5e31d1e3-0187-4837-8530-60bbac61578f1/home/minhdanh/Documents/EmoMV/Dataset1/DS1_TRAIN_MATCH/exciting_REVIEW_EXT(72).mp4,exciting,0,DS1,match,32294b8e77d0643987c248ee1159fb98187c2af8e71dee73726c7ba761a57763,DS1__exciting_REVIEW_EXT(72),32.032,960,29.97,0,DS1__exciting_REVIEW_EXT(72),0,960,32.032
DS1__exciting_ORG_EXT(163),/Users/rafiabhista/Documents/code/apple/c1_audio/emomv_2/aria/media/minhdanh/5e31d1e3-0187-4837-8530-60bbac61578f1/home/minhdanh/Documents/EmoMV/Dataset1/DS1_TRAIN_MATCH/exciting_ORG_EXT(163).mp4,exciting,0,DS1,match,2837e8a385ba42e92626c35af3ede65c78c0b44f843618677276ea63a672ea2f,DS1__exciting_ORG_EXT(163),29.6964,712,23.976,0,DS1__exciting_ORG_EXT(163),0,712,29.6964
DS1__exciting_HAPPY_HEA(98)-6-of-8,/Users/rafiabhista/Documents/code/apple/c1_audio/emomv_2/aria/media/minhdanh/5e31d1e3-0187-4837-8530-60bbac61578f1/home/minhdanh/Documents/EmoMV/Dataset1/DS1_TRAIN_MATCH/exciting_HAPPY_HEA(98)-6-of-8.mp4,exciting,0,DS1,match,12fb89099d50c97f5377e9bd06c2d5a5629d0a26df480a7dafe86c797d0d3745,DS1__exciting_HAPPY_HEA(98),29.88,747,25.0,0,DS1__exciting_HAPPY_HEA(98)-6-of-8,0,747,29.88
DS1__exciting_TEST_MV(14)-8-of-21,/Users/rafiabhista/Documents/code/apple/c1_audio/emomv_2/aria/media/minhdanh/5e31d1e3-0187-4837-8530-60bbac61578f1/home/minhdanh/Documents/EmoMV/Dataset1/DS1_TRAIN_MATCH/exciting_TEST_MV(14)-8-of-21.mp4,exciting,0,DS1,match,ec5b84e4951d0703394e13170ae13159fce213f13f9e00b1002ec37d06f40225,DS1__exciting_TEST_MV(14),29.6667,712,24.0,0,DS1__exciting_TEST_MV(14)-8-of-21,0,712,29.6667
DS1__exciting_Exciting_MV_NC06,/Users/rafiabhista/Documents/code/apple/c1_audio/emomv_2/aria/media/minhdanh/5e31d1e3-0187-4837-8530-60bbac61578f1/home/minhdanh/Documents/EmoMV/Dataset1/DS1_TRAIN_MATCH/exciting_Exciting_MV_NC06.mp4,exciting,0,DS1,match,cdadbf21bb11146721bd3e208ca42324f7d3bcbc26fd2c2f72f74c7f82c06c74,DS1__exciting_Exciting_MV_NC06,30.0968,902,29.97,0,DS1__exciting_Exciting_MV_NC06,0,902,30.0968
DS1__exciting_TEST_MV(14)-9-of-21,/Users/rafiabhista/Documents/code/apple/c1_audio/emomv_2/aria/media/minhdanh/5e31d1e3-0187-4837-8530-60bbac61578f1/home/minhdanh/Documents/EmoMV/Dataset1/DS1_TRAIN_MATCH/exciting_TEST_MV(14)-9-of-21.mp4,exciting,0,DS1,match,c30b5306a8f5cbef9af52aa69779f29bf9bdf0d344d2383f0b132deb3a930236,DS1__exciting_TEST_MV(14),28.3333,680,24.0,0,DS1__exciting_TEST_MV(14)-9-of-21,0,680,28.3333
DS1__exciting_TT(7),/Users/rafiabhista/Documents/code/apple/c1_audio/emomv_2/aria/media/minhdanh/5e31d1e3-0187-4837-8530-60bbac61578f1/home/minhdanh/Documents/EmoMV/Dataset1/DS1_TRAIN_MATCH/exciting_TT(7).mp4,exciting,0,DS1,match,cb6bf3fc258753b7951ccd13983b4260a7b44960d7c33137c7b5f6dea56a925a,DS1__exciting_TT(7),30.0,750,25.0,0,DS1__exciting_TT(7),0,750,30.0
DS1__exciting_TT(9),/Users/rafiabhista/Documents/code/apple/c1_audio/emomv_2/aria/media/minhdanh/5e31d1e3-0187-4837-8530-60bbac61578f1/home/minhdanh/Documents/EmoMV/Dataset1/DS1_TRAIN_MATCH/exciting_TT(9).mp4,exciting,0,DS1,match,a52a1b65d56adb530b1e91ac5ec1d91de9515ec41385544fec9bcca8bc0c9fe4,DS1__exciting_TT(9),29.4583,707,24.0,0,DS1__exciting_TT(9),0,707,29.4583
DS1__exciting_ORG_EXT(104),/Users/rafiabhista/Documents/code/apple/c1_audio/emomv_2/aria/media/minhdanh/5e31d1e3-0187-4837-8530-60bbac61578f1/home/minhdanh/Documents/EmoMV/Dataset1/DS1_TRAIN_MATCH/exciting_ORG_EXT(104).mp4,exciting,0,DS1,match,5bef4dd54654348ea3f16dc9aaf2b020f90fccd9ced6056a4da25102a99fe528,DS1__exciting_ORG_EXT(104),29.9465,718,23.9761,0,DS1__exciting_ORG_EXT(104),0,718,29.9465
DS1__exciting_ORG_EXT(222),/Users/rafiabhista/Documents/code/apple/c1_audio/emomv_2/aria/media/minhdanh/5e31d1e3-0187-4837-8530-60bbac61578f1/home/minhdanh/Documents/EmoMV/Dataset1/DS1_TRAIN_MATCH/exciting_ORG_EXT(222).mp4,exciting,0,DS1,match,7222196c1062a2b4e3ca65b4e459e24040f25f99cdff8ed72aca4dcc4617fec2,DS1__exciting_ORG_EXT(222),30.84,771,25.0,0,DS1__exciting_ORG_EXT(222),0,771,30.84
DS1__exciting_DEAP_DBW_EXT(12),/Users/rafiabhista/Documents/code/apple/c1_audio/emomv_2/aria/media/minhdanh/5e31d1e3-0187-4837-8530-60bbac61578f1/home/minhdanh/Documents/EmoMV/Dataset1/DS1_TRAIN_MATCH/exciting_DEAP_DBW_EXT(12).mp4,exciting,0,DS1,match,579bc575d247b4ef820cb6b3268c6f12ae9f0445fd874e744134f0d9342c2997,DS1__exciting_DEAP_DBW_EXT(12),29.9299,897,29.97,0,DS1__exciting_DEAP_DBW_EXT(12),0,897,29.9299
DS1__exciting_ORG_EXT(267),/Users/rafiabhista/Documents/code/apple/c1_audio/emomv_2/aria/media/minhdanh/5e31d1e3-0187-4837-8530-60bbac61578f1/home/minhdanh/Documents/EmoMV/Dataset1/DS1_TRAIN_MATCH/exciting_ORG_EXT(267).mp4,exciting,0,DS1,match,7e41a6225db1951339460d5ab9d2f72d3866a94080ecd34b2cd5296da6ea9613,DS1__exciting_ORG_EXT(267),29.1625,874,29.97,0,DS1__exciting_ORG_EXT(267),0,874,29.1625
DS1__exciting_DEAP_DBW_RELX(49),/Users/rafiabhista/Documents/code/apple/c1_audio/emomv_2/aria/media/minhdanh/5e31d1e3-0187-4837-8530-60bbac61578f1/home/minhdanh/Documents/EmoMV/Dataset1/DS1_TRAIN_MATCH/exciting_DEAP_DBW_RELX(49).mp4,exciting,0,DS1,match,04917f60e44bc33ae092cdca457151bbe82ba5672c24fd6e89cfec48144a0be1,DS1__exciting_DEAP_DBW_RELX(49),29.36,734,25.0,0,DS1__exciting_DEAP_DBW_RELX(49),0,734,29.36
DS1__exciting_ORG_EXT(353),/Users/rafiabhista/Documents/code/apple/c1_audio/emomv_2/aria/media/minhdanh/5e31d1e3-0187-4837-8530-60bbac61578f1/home/minhdanh/Documents/EmoMV/Dataset1/DS1_TRAIN_MATCH/exciting_ORG_EXT(353).mp4,exciting,0,DS1,match,d5360aed855cabd9e74996d0285d119a5c1d6c3f2c281f5389e03bc432b4088d,DS1__exciting_ORG_EXT(353),30.7083,737,24.0,0,DS1__exciting_ORG_EXT(353),0,737,30.7083
DS1__exciting_TEST_MV(14)-6-of-21,/Users/rafiabhista/Documents/code/apple/c1_audio/emomv_2/aria/media/minhdanh/5e31d1e3-0187-4837-8530-60bbac61578f1/home/minhdanh/Documents/EmoMV/Dataset1/DS1_TRAIN_MATCH/exciting_TEST_MV(14)-6-of-21.mp4,exciting,0,DS1,match,98ff2a43d738d43bb421b394c0b6179e1ad55a3e7f26bf739173ad37ac2736de,DS1__exciting_TEST_MV(14),28.3333,680,24.0,0,DS1__exciting_TEST_MV(14)-6-of-21,0,680,28.3333
DS1__exciting_REVIEW_EXT(97),/Users/rafiabhista/Documents/code/apple/c1_audio/emomv_2/aria/media/minhdanh/5e31d1e3-0187-4837-8530-60bbac61578f1/home/minhdanh/Documents/EmoMV/Dataset1/DS1_TRAIN_MATCH/exciting_REVIEW_EXT(97).mp4,exciting,0,DS1,match,11f733d1eeab080cae4e4546f100fed6cdf2ea51466294609626d42ce9b19836,DS1__exciting_REVIEW_EXT(97),29.8215,715,23.976,0,DS1__exciting_REVIEW_EXT(97),0,715,29.8215
DS1__exciting_ORG_EXT(275),/Users/rafiabhista/Documents/code/apple/c1_audio/emomv_2/aria/media/minhdanh/5e31d1e3-0187-4837-8530-60bbac61578f1/home/minhdanh/Documents/EmoMV/Dataset1/DS1_TRAIN_MATCH/exciting_ORG_EXT(275).mp4,exciting,0,DS1,match,64fb71a92cdcffa302e1ce0d06e8ee687288530fd1f9df1b07f47b9a4fb9d6e3,DS1__exciting_ORG_EXT(275),29.04,726,25.0,0,DS1__exciting_ORG_EXT(275),0,726,29.04
DS1__exciting_TEST_MV(14)-19-of-21,/Users/rafiabhista/Documents/code/apple/c1_audio/emomv_2/aria/media/minhdanh/5e31d1e3-0187-4837-8530-60bbac61578f1/home/minhdanh/Documents/EmoMV/Dataset1/DS1_TRAIN_MATCH/exciting_TEST_MV(14)-19-of-21.mp4,exciting,0,DS1,match,fffa0a6fa9de88737abc7104a217629092ad5ea2c4f3ead814d1c2fc5e4045c8,DS1__exciting_TEST_MV(14),28.1667,676,24.0,0,DS1__exciting_TEST_MV(14)-19-of-21,0,676,28.1667
DS1__exciting_TEST_MV(88)-3-of-8,/Users/rafiabhista/Documents/code/apple/c1_audio/emomv_2/aria/media/minhdanh/5e31d1e3-0187-4837-8530-60bbac61578f1/home/minhdanh/Documents/EmoMV/Dataset1/DS1_TRAIN_MATCH/exciting_TEST_MV(88)-3-of-8.mp4,exciting,0,DS1,match,4dde3e839943cf949fa0c09e1c50f04e93e717aa5c42914305c38901a41e35c2,DS1__exciting_TEST_MV(88),29.04,726,25.0,0,DS1__exciting_TEST_MV(88)-3-of-8,0,726,29.04
DS1__exciting_TEST_MV(17)-3-of-15,/Users/rafiabhista/Documents/code/apple/c1_audio/emomv_2/aria/media/minhdanh/5e31d1e3-0187-4837-8530-60bbac61578f1/home/minhdanh/Documents/EmoMV/Dataset1/DS1_TRAIN_MATCH/exciting_TEST_MV(17)-3-of-15.mp4,exciting,0,DS1,match,06c5ccf60dbcf366f76f04754b0c705e3c74573941ae4a967e29c042a2ca33e0,DS1__exciting_TEST_MV(17),28.88,722,25.0,0,DS1__exciting_TEST_MV(17)-3-of-15,0,722,28.88
DS1__exciting_REVIEW_EXT(89),/Users/rafiabhista/Documents/code/apple/c1_audio/emomv_2/aria/media/minhdanh/5e31d1e3-0187-4837-8530-60bbac61578f1/home/minhdanh/Documents/EmoMV/Dataset1/DS1_TRAIN_MATCH/exciting_REVIEW_EXT(89).mp4,exciting,0,DS1,match,6bee2ab4d88a3cd7dd8f533d52d8c93c18a65ac0ca47ce1ae6be3214975ca077,DS1__exciting_REVIEW_EXT(89),29.8632,716,23.976,0,DS1__exciting_REVIEW_EXT(89),0,716,29.8632
DS1__exciting_ORG_EXT(119),/Users/rafiabhista/Documents/code/apple/c1_audio/emomv_2/aria/media/minhdanh/5e31d1e3-0187-4837-8530-60bbac61578f1/home/minhdanh/Documents/EmoMV/Dataset1/DS1_TRAIN_MATCH/exciting_ORG_EXT(119).mp4,exciting,0,DS1,match,46d8cc5d2b3fdea794ed13da7ce24ed09baeb3eef658694221f1384a8eb96c20,DS1__exciting_ORG_EXT(119),30.7392,737,23.9759,0,DS1__exciting_ORG_EXT(119),0,737,30.7392
DS1__exciting_DEAP_DB_NT(44),/Users/rafiabhista/Documents/code/apple/c1_audio/emomv_2/aria/media/minhdanh/5e31d1e3-0187-4837-8530-60bbac61578f1/home/minhdanh/Documents/EmoMV/Dataset1/DS1_TRAIN_MATCH/exciting_DEAP_DB_NT(44).mp4,exciting,0,DS1,match,16e894cf098cd8aa0a05872725d2c3d8f07b9454e9dc7c5d82965e8d4ed815a6,DS1__exciting_DEAP_DB_NT(44),30.0,720,24.0,0,DS1__exciting_DEAP_DB_NT(44),0,720,30.0
DS1__exciting_ORG_EXT(279),/Users/rafiabhista/Documents/code/apple/c1_audio/emomv_2/aria/media/minhdanh/5e31d1e3-0187-4837-8530-60bbac61578f1/home/minhdanh/Documents/EmoMV/Dataset1/DS1_TRAIN_MATCH/exciting_ORG_EXT(279).mp4,exciting,0,DS1,match,f2f7a2adb6895203fb74140e5e033d814ab6eb6ebeff76fe73155aa13a484bf0,DS1__exciting_ORG_EXT(279),29.2792,702,23.9761,0,DS1__exciting_ORG_EXT(279),0,702,29.2792
DS1__exciting_REVIEW_EXT(65),/Users/rafiabhista/Documents/code/apple/c1_audio/emomv_2/aria/media/minhdanh/5e31d1e3-0187-4837-8530-60bbac61578f1/home/minhdanh/Documents/EmoMV/Dataset1/DS1_TRAIN_MATCH/exciting_REVIEW_EXT(65).mp4,exciting,0,DS1,match,cfb5edab98dbb73c126c8134f7f1c4f75718838023a18fd8527991fa58019180,DS1__exciting_REVIEW_EXT(65),30.0,750,25.0,0,DS1__exciting_REVIEW_EXT(65),0,750,30.0
DS1__exciting_TEST_MV(17)-14-of-15,/Users/rafiabhista/Documents/code/apple/c1_audio/emomv_2/aria/media/minhdanh/5e31d1e3-0187-4837-8530-60bbac61578f1/home/minhdanh/Documents/EmoMV/Dataset1/DS1_TRAIN_MATCH/exciting_TEST_MV(17)-14-of-15.mp4,exciting,0,DS1,match,bb20f1a35755274340d783c88c90093f05e824db2482c4db9a57068dcbb3d082,DS1__exciting_TEST_MV(17),29.28,732,25.0,0,DS1__exciting_TEST_MV(17)-14-of-15,0,732,29.28
DS1__exciting_ORG_EXT(35),/Users/rafiabhista/Documents/code/apple/c1_audio/emomv_2/aria/media/minhdanh/5e31d1e3-0187-4837-8530-60bbac61578f1/home/minhdanh/Documents/EmoMV/Dataset1/DS1_TRAIN_MATCH/exciting_ORG_EXT(35).mp4,exciting,0,DS1,match,ee60cc34556594af8fc9508dc00a3a8a237fa6c4ce1f5a5a9abd6782f1737eb6,DS1__exciting_ORG_EXT(35),28.88,722,25.0,0,DS1__exciting_ORG_EXT(35),0,722,28.88
DS1__exciting_TEST_EXT(15)-144-of-153,/Users/rafiabhista/Documents/code/apple/c1_audio/emomv_2/aria/media/minhdanh/5e31d1e3-0187-4837-8530-60bbac61578f1/home/minhdanh/Documents/EmoMV/Dataset1/DS1_TRAIN_MATCH/exciting_TEST_EXT(15)-144-of-153.mp4,exciting,0,DS1,match,d6f5a3597a2d16dce469967c2b061f27a923f1b4101df4b9b1003c228f0d4944,DS1__exciting_TEST_EXT(15),25.64,641,25.0,0,DS1__exciting_TEST_EXT(15)-144-of-153,0,641,25.64
DS1__exciting_REVIEW_EXT_Q2(23),/Users/rafiabhista/Documents/code/apple/c1_audio/emomv_2/aria/media/minhdanh/5e31d1e3-0187-4837-8530-60bbac61578f1/home/minhdanh/Documents/EmoMV/Dataset1/DS1_TRAIN_MATCH/exciting_REVIEW_EXT_Q2(23).mp4,exciting,0,DS1,match,397923e4716b4afca7098187b2c36d62cd0126a5482628300434dcb77b04b33e,DS1__exciting_REVIEW_EXT_Q2(23),30.0,900,30.0,0,DS1__exciting_REVIEW_EXT_Q2(23),0,900,30.0
DS1__exciting_189,/Users/rafiabhista/Documents/code/apple/c1_audio/emomv_2/aria/media/minhdanh/5e31d1e3-0187-4837-8530-60bbac61578f1/home/minhdanh/Documents/EmoMV/Dataset1/DS1_TRAIN_MATCH/exciting_189.mp4,exciting,0,DS1,match,6a308101b223312c7d44b759ce136849a2a94df8e2e7ace031cdb39d0c810377,DS1__exciting_189,30.0,750,25.0,0,DS1__exciting_189,0,750,30.0
DS1__exciting_TEST_MV(6)-21-of-26,/Users/rafiabhista/Documents/code/apple/c1_audio/emomv_2/aria/media/minhdanh/5e31d1e3-0187-4837-8530-60bbac61578f1/home/minhdanh/Documents/EmoMV/Dataset1/DS1_TRAIN_MATCH/exciting_TEST_MV(6)-21-of-26.mp4,exciting,0,DS1,match,36980e301fa2510a1608466f3605b9ffd08d48af8eebec4234a5c7aa4a4e322f,DS1__exciting_TEST_MV(6),28.4618,853,29.97,0,DS1__exciting_TEST_MV(6)-21-of-26,0,853,28.4618
DS1__fear_ORG_FEAR(51),/Users/rafiabhista/Documents/code/apple/c1_audio/emomv_2/aria/media/minhdanh/5e31d1e3-0187-4837-8530-60bbac61578f1/home/minhdanh/Documents/EmoMV/Dataset1/DS1_TRAIN_MATCH/fear_ORG_FEAR(51).mp4,fear,1,DS1,match,8a5178795a7b77ea106c58796cff522beb6f783bb87fce94796c7d86b1d75be7,DS1__fear_ORG_FEAR(51),29.6296,888,29.97,0,DS1__fear_ORG_FEAR(51),0,888,29.6296
DS1__fear_ORG_FEAR(59),/Users/rafiabhista/Documents/code/apple/c1_audio/emomv_2/aria/media/minhdanh/5e31d1e3-0187-4837-8530-60bbac61578f1/home/minhdanh/Documents/EmoMV/Dataset1/DS1_TRAIN_MATCH/fear_ORG_FEAR(59).mp4,fear,1,DS1,match,d2b2f571209787e069e1c0b025ebe31b9b0d934138ff27be064745b3bb3ded36,DS1__fear_ORG_FEAR(59),29.7381,713,23.976,0,DS1__fear_ORG_FEAR(59),0,713,29.7381
DS1__fear_TEST_TENS(27)-4-of-9,/Users/rafiabhista/Documents/code/apple/c1_audio/emomv_2/aria/media/minhdanh/5e31d1e3-0187-4837-8530-60bbac61578f1/home/minhdanh/Documents/EmoMV/Dataset1/DS1_TRAIN_MATCH/fear_TEST_TENS(27)-4-of-9.mp4,fear,1,DS1,match,29256b9861c120d4dcce2c5fa0ff9478aa18f2c555f7abdf2481843bb112b0f9,DS1__fear_TEST_TENS(27),27.8278,834,29.97,0,DS1__fear_TEST_TENS(27)-4-of-9,0,834,27.8278
DS1__fear_LLT_HRR_MR(6),/Users/rafiabhista/Documents/code/apple/c1_audio/emomv_2/aria/media/minhdanh/5e31d1e3-0187-4837-8530-60bbac61578f1/home/minhdanh/Documents/EmoMV/Dataset1/DS1_TRAIN_MATCH/fear_LLT_HRR_MR(6).mp4,fear,1,DS1,match,59d388186af16e9e7d03b212dd64227096d995aae1d1205ea51ed4c300a82906,DS1__fear_LLT_HRR_MR(6),29.9966,899,29.97,0,DS1__fear_LLT_HRR_MR(6),0,899,29.9966
DS1__fear_LLT_DL(0)-2-of-10,/Users/rafiabhista/Documents/code/apple/c1_audio/emomv_2/aria/media/minhdanh/5e31d1e3-0187-4837-8530-60bbac61578f1/home/minhdanh/Documents/EmoMV/Dataset1/DS1_TRAIN_MATCH/fear_LLT_DL(0)-2-of-10.mp4,fear,1,DS1,match,4fc3841d02522306ac851df787a52d8a18509b9f772319c633b311a399a514a5,DS1__fear_LLT_DL(0),29.4333,883,30.0,0,DS1__fear_LLT_DL(0)-2-of-10,0,883,29.4333
DS1__fear_FEAR_TEST(13)-7-of-8,/Users/rafiabhista/Documents/code/apple/c1_audio/emomv_2/aria/media/minhdanh/5e31d1e3-0187-4837-8530-60bbac61578f1/home/minhdanh/Documents/EmoMV/Dataset1/DS1_TRAIN_MATCH/fear_FEAR_TEST(13)-7-of-8.mp4,fear,1,DS1,match,514de70375dc8feecf81576e4d7123add87966f05ef92085b4b91091cdca32e1,DS1__fear_FEAR_TEST(13),28.3617,680,23.976,0,DS1__fear_FEAR_TEST(13)-7-of-8,0,680,28.3617
DS1__fear_ORG_FEAR(6),/Users/rafiabhista/Documents/code/apple/c1_audio/emomv_2/aria/media/minhdanh/5e31d1e3-0187-4837-8530-60bbac61578f1/home/minhdanh/Documents/EmoMV/Dataset1/DS1_TRAIN_MATCH/fear_ORG_FEAR(6).mp4,fear,1,DS1,match,95b397bf220e58e5c2c737d0d6f0a9f9c2a24c714e2b919134601dcfc9182c96,DS1__fear_ORG_FEAR(6),30.1284,751,24.9267,0,DS1__fear_ORG_FEAR(6),0,751,30.1284
DS1__fear_FEAR_TEST(19)-5-of-11,/Users/rafiabhista/Documents/code/apple/c1_audio/emomv_2/aria/media/minhdanh/5e31d1e3-0187-4837-8530-60bbac61578f1/home/minhdanh/Documents/EmoMV/Dataset1/DS1_TRAIN_MATCH/fear_FEAR_TEST(19)-5-of-11.mp4,fear,1,DS1,match,526cacc0d5f749893a581ad03f6e59aef023e2faac56ff65d9a92d333a73da3f,DS1__fear_FEAR_TEST(19),29.321,703,23.976,0,DS1__fear_FEAR_TEST(19)-5-of-11,0,703,29.321
DS1__fear_FINAL_FEAR(24),/Users/rafiabhista/Documents/code/apple/c1_audio/emomv_2/aria/media/minhdanh/5e31d1e3-0187-4837-8530-60bbac61578f1/home/minhdanh/Documents/EmoMV/Dataset1/DS1_TRAIN_MATCH/fear_FINAL_FEAR(24).mp4,fear,1,DS1,match,5366e08826255dfd937fad4f2682d15a6a3554ac847d10a5a9ff20b57cf8a91d,DS1__fear_FINAL_FEAR(24),29.8215,715,23.976,0,DS1__fear_FINAL_FEAR(24),0,715,29.8215
DS1__fear_TEST_MV(61)-8-of-10,/Users/rafiabhista/Documents/code/apple/c1_audio/emomv_2/aria/media/minhdanh/5e31d1e3-0187-4837-8530-60bbac61578f1/home/minhdanh/Documents/EmoMV/Dataset1/DS1_TRAIN_MATCH/fear_TEST_MV(61)-8-of-10.mp4,fear,1,DS1,match,133d1c44f65124165d69ce373f8b31e405634d5a6a870aaa4144527c3606b1ac,DS1__fear_TEST_MV(61),27.8195,667,23.976,0,DS1__fear_TEST_MV(61)-8-of-10,0,667,27.8195
DS1__fear_DEAP_DB_HR(23),/Users/rafiabhista/Documents/code/apple/c1_audio/emomv_2/aria/media/minhdanh/5e31d1e3-0187-4837-8530-60bbac61578f1/home/minhdanh/Documents/EmoMV/Dataset1/DS1_TRAIN_MATCH/fear_DEAP_DB_HR(23).mp4,fear,1,DS1,match,39ec5684a92e53a97eb3cd92deed9fa128f0e4315e6efbb0520c80e077cbb06b,DS1__fear_DEAP_DB_HR(23),29.9299,897,29.97,0,DS1__fear_DEAP_DB_HR(23),0,897,29.9299
DS1__fear_LLT_FEAR(3)-5-of-8,/Users/rafiabhista/Documents/code/apple/c1_audio/emomv_2/aria/media/minhdanh/5e31d1e3-0187-4837-8530-60bbac61578f1/home/minhdanh/Documents/EmoMV/Dataset1/DS1_TRAIN_MATCH/fear_LLT_FEAR(3)-5-of-8.mp4,fear,1,DS1,match,42e9e622ae165083cf672a967b97582e2ebacdcc4af31edde8a1c65f6699f7c6,DS1__fear_LLT_FEAR(3),29.1958,700,23.976,0,DS1__fear_LLT_FEAR(3)-5-of-8,0,700,29.1958
DS1__fear_ORG_FEAR(79),/Users/rafiabhista/Documents/code/apple/c1_audio/emomv_2/aria/media/minhdanh/5e31d1e3-0187-4837-8530-60bbac61578f1/home/minhdanh/Documents/EmoMV/Dataset1/DS1_TRAIN_MATCH/fear_ORG_FEAR(79).mp4,fear,1,DS1,match,04bfc8b12b4f3c2f392139bdf9ffa7472130606b65763f696c25583de1ffed29,DS1__fear_ORG_FEAR(79),31.6667,760,24.0,0,DS1__fear_ORG_FEAR(79),0,760,31.6667
DS1__fear_REVIEW_FEAR(45),/Users/rafiabhista/Documents/code/apple/c1_audio/emomv_2/aria/media/minhdanh/5e31d1e3-0187-4837-8530-60bbac61578f1/home/minhdanh/Documents/EmoMV/Dataset1/DS1_TRAIN_MATCH/fear_REVIEW_FEAR(45).mp4,fear,1,DS1,match,8aa7f896d391e719ddc93c445636bf34a168e5df0d7b27a201deb2803fbeb615,DS1__fear_REVIEW_FEAR(45),29.7797,714,23.976,0,DS1__fear_REVIEW_FEAR(45),0,714,29.7797
DS1__fear_TEST_TENS(26)-7-of-8,/Users/rafiabhista/Documents/code/apple/c1_audio/emomv_2/aria/media/minhdanh/5e31d1e3-0187-4837-8530-60bbac61578f1/home/minhdanh/Documents/EmoMV/Dataset1/DS1_TRAIN_MATCH/fear_TEST_TENS(26)-7-of-8.mp4,fear,1,DS1,match,44c48e27b02b28ac9abbd1b83c4caeb4c192065eeb7b4eb7b28d8769809fc6ff,DS1__fear_TEST_TENS(26),29.2792,702,23.976,0,DS1__fear_TEST_TENS(26)-7-of-8,0,702,29.2792
DS1__fear_LLT_FEAR(3)-2-of-8,/Users/rafiabhista/Documents/code/apple/c1_audio/emomv_2/aria/media/minhdanh/5e31d1e3-0187-4837-8530-60bbac61578f1/home/minhdanh/Documents/EmoMV/Dataset1/DS1_TRAIN_MATCH/fear_LLT_FEAR(3)-2-of-8.mp4,fear,1,DS1,match,74eda55142c1b7837a45d4687e8d108a7337a8de54c73e15053ded2c8b5d061d,DS1__fear_LLT_FEAR(3),29.2792,702,23.976,0,DS1__fear_LLT_FEAR(3)-2-of-8,0,702,29.2792
DS1__fear_LLT_HRR(2),/Users/rafiabhista/Documents/code/apple/c1_audio/emomv_2/aria/media/minhdanh/5e31d1e3-0187-4837-8530-60bbac61578f1/home/minhdanh/Documents/EmoMV/Dataset1/DS1_TRAIN_MATCH/fear_LLT_HRR(2).mp4,fear,1,DS1,match,504ecbaf6f4db11393ef06cae1ce610ef10a579127e1f0c320a2796bfbf64d8c,DS1__fear_LLT_HRR(2),29.7297,891,29.97,0,DS1__fear_LLT_HRR(2),0,891,29.7297
DS1__fear_ORG_FEAR(103),/Users/rafiabhista/Documents/code/apple/c1_audio/emomv_2/aria/media/minhdanh/5e31d1e3-0187-4837-8530-60bbac61578f1/home/minhdanh/Documents/EmoMV/Dataset1/DS1_TRAIN_MATCH/fear_ORG_FEAR(103).mp4,fear,1,DS1,match,dc8d6cfa9458ff71339d4e0474cdadd91900101f41bfd28a8878daa072153292,DS1__fear_ORG_FEAR(103),28.5619,856,29.97,0,DS1__fear_ORG_FEAR(103),0,856,28.5619
DS1__fear_ORG_FEAR(208),/Users/rafiabhista/Documents/code/apple/c1_audio/emomv_2/aria/media/minhdanh/5e31d1e3-0187-4837-8530-60bbac61578f1/home/minhdanh/Documents/EmoMV/Dataset1/DS1_TRAIN_MATCH/fear_ORG_FEAR(208).mp4,fear,1,DS1,match,c29776b7c12c47ccadf185cf3ccb77c2d6b42c385fcadc15b990a507dc013f92,DS1__fear_ORG_FEAR(208),30.5305,732,23.976,0,DS1__fear_ORG_FEAR(208),0,732,30.5305
DS1__fear_DEAP_DB_HR(6),/Users/rafiabhista/Documents/code/apple/c1_audio/emomv_2/aria/media/minhdanh/5e31d1e3-0187-4837-8530-60bbac61578f1/home/minhdanh/Documents/EmoMV/Dataset1/DS1_TRAIN_MATCH/fear_DEAP_DB_HR(6).mp4,fear,1,DS1,match,f23be21d8acdc461f16277fc5caf92c2a41db85af9699d6349ac644d14de5418,DS1__fear_DEAP_DB_HR(6),30.0,750,25.0,0,DS1__fear_DEAP_DB_HR(6),0,750,30.0
DS1__fear_ORG_TENS(147),/Users/rafiabhista/Documents/code/apple/c1_audio/emomv_2/aria/media/minhdanh/5e31d1e3-0187-4837-8530-60bbac61578f1/home/minhdanh/Documents/EmoMV/Dataset1/DS1_TRAIN_MATCH/fear_ORG_TENS(147).mp4,fear,1,DS1,match,eff2970656d9cf1a163a75c7f79289a042d68812c08a5109c2e745753047487e,DS1__fear_ORG_TENS(147),30.1969,724,23.976,0,DS1__fear_ORG_TENS(147),0,724,30.1969
DS1__fear_REVIEW_FEAR(13),/Users/rafiabhista/Documents/code/apple/c1_audio/emomv_2/aria/media/minhdanh/5e31d1e3-0187-4837-8530-60bbac61578f1/home/minhdanh/Documents/EmoMV/Dataset1/DS1_TRAIN_MATCH/fear_REVIEW_FEAR(13).mp4,fear,1,DS1,match,c77fac62258e8d779e78f262a11ba77da5ebc0d3d10f28263408831e4c37509a,DS1__fear_REVIEW_FEAR(13),30.0,750,25.0,0,DS1__fear_REVIEW_FEAR(13),0,750,30.0
DS1__fear_104,/Users/rafiabhista/Documents/code/apple/c1_audio/emomv_2/aria/media/minhdanh/5e31d1e3-0187-4837-8530-60bbac61578f1/home/minhdanh/Documents/EmoMV/Dataset1/DS1_TRAIN_MATCH/fear_104.mp4,fear,1,DS1,match,cf283c09ab49507ee4f6b7cc635feff0c41eef1d4a5393ec94f6b8970412085b,DS1__fear_104,30.0,750,25.0,0,DS1__fear_104,0,750,30.0
DS1__fear_REVIEW_FEAR(18),/Users/rafiabhista/Documents/code/apple/c1_audio/emomv_2/aria/media/minhdanh/5e31d1e3-0187-4837-8530-60bbac61578f1/home/minhdanh/Documents/EmoMV/Dataset1/DS1_TRAIN_MATCH/fear_REVIEW_FEAR(18).mp4,fear,1,DS1,match,d447fc949cf81acc0c021db917ab442e053423bb00d2c5c0ef8cb57e7e2a930b,DS1__fear_REVIEW_FEAR(18),30.0,900,30.0,0,DS1__fear_REVIEW_FEAR(18),0,900,30.0
DS1__fear_ORG_FEAR(105),/Users/rafiabhista/Documents/code/apple/c1_audio/emomv_2/aria/media/minhdanh/5e31d1e3-0187-4837-8530-60bbac61578f1/home/minhdanh/Documents/EmoMV/Dataset1/DS1_TRAIN_MATCH/fear_ORG_FEAR(105).mp4,fear,1,DS1,match,29da394a5a5cdb2f5d3280f15c5be96b2a56f55017c7a22e25b2907d89c64307,DS1__fear_ORG_FEAR(105),22.7895,683,29.97,0,DS1__fear_ORG_FEAR(105),0,683,22.7895
DS1__fear_Exciting_MV_3GPP(5)-2-of-7,/Users/rafiabhista/Documents/code/apple/c1_audio/emomv_2/aria/media/minhdanh/5e31d1e3-0187-4837-8530-60bbac61578f1/home/minhdanh/Documents/EmoMV/Dataset1/DS1_TRAIN_MATCH/fear_Exciting_MV_3GPP(5)-2-of-7.mp4,fear,1,DS1,match,13570c50c1571c31b7b11fec4f473f9957186f3ca38374959957fe0765ad597d,DS1__fear_Exciting_MV_3GPP(5),29.84,746,25.0,0,DS1__fear_Exciting_MV_3GPP(5)-2-of-7,0,746,29.84
DS1__fear_DEAP_DP_TENSxx(12),/Users/rafiabhista/Documents/code/apple/c1_audio/emomv_2/aria/media/minhdanh/5e31d1e3-0187-4837-8530-60bbac61578f1/home/minhdanh/Documents/EmoMV/Dataset1/DS1_TRAIN_MATCH/fear_DEAP_DP_TENSxx(12).mp4,fear,1,DS1,match,973f2f4b8330201056e1586f7a13cf4d0be485d73ca9390857db3a8c3eefff8b,DS1__fear_DEAP_DP_TENSxx(12),29.28,732,25.0,0,DS1__fear_DEAP_DP_TENSxx(12),0,732,29.28
DS1__fear_ORG_FEAR(96),/Users/rafiabhista/Documents/code/apple/c1_audio/emomv_2/aria/media/minhdanh/5e31d1e3-0187-4837-8530-60bbac61578f1/home/minhdanh/Documents/EmoMV/Dataset1/DS1_TRAIN_MATCH/fear_ORG_FEAR(96).mp4,fear,1,DS1,match,3418db645498bdca51606ed351476f75fb7971ac3ee194418905e428fd56f453,DS1__fear_ORG_FEAR(96),28.32,708,25.0,0,DS1__fear_ORG_FEAR(96),0,708,28.32
DS1__fear_ORG_FEAR(94),/Users/rafiabhista/Documents/code/apple/c1_audio/emomv_2/aria/media/minhdanh/5e31d1e3-0187-4837-8530-60bbac61578f1/home/minhdanh/Documents/EmoMV/Dataset1/DS1_TRAIN_MATCH/fear_ORG_FEAR(94).mp4,fear,1,DS1,match,a5013f0680a0cebfa1f5a7c03bbcd246db719f80ea26b3a7ac6bd2b02b674e8b,DS1__fear_ORG_FEAR(94),28.7369,689,23.9761,0,DS1__fear_ORG_FEAR(94),0,689,28.7369
DS1__fear_ORG_TENS(66),/Users/rafiabhista/Documents/code/apple/c1_audio/emomv_2/aria/media/minhdanh/5e31d1e3-0187-4837-8530-60bbac61578f1/home/minhdanh/Documents/EmoMV/Dataset1/DS1_TRAIN_MATCH/fear_ORG_TENS(66).mp4,fear,1,DS1,match,87289ed24f7dc359adb02d5a1f3fd74e73051f7a1d30576ad8afb6d52992e248,DS1__fear_ORG_TENS(66),29.1291,873,29.97,0,DS1__fear_ORG_TENS(66),0,873,29.1291
DS1__fear_ORG_TENS(325),/Users/rafiabhista/Documents/code/apple/c1_audio/emomv_2/aria/media/minhdanh/5e31d1e3-0187-4837-8530-60bbac61578f1/home/minhdanh/Documents/EmoMV/Dataset1/DS1_TRAIN_MATCH/fear_ORG_TENS(325).mp4,fear,1,DS1,match,392ca1765a6c30c98ed05f3eacb23ffee854e2c8661874ae049d9f7866f024e2,DS1__fear_ORG_TENS(325),29.72,743,25.0,0,DS1__fear_ORG_TENS(325),0,743,29.72
DS1__fear_ORG_FEAR(343),/Users/rafiabhista/Documents/code/apple/c1_audio/emomv_2/aria/media/minhdanh/5e31d1e3-0187-4837-8530-60bbac61578f1/home/minhdanh/Documents/EmoMV/Dataset1/DS1_TRAIN_MATCH/fear_ORG_FEAR(343).mp4,fear,1,DS1,match,10f0e7deb714a13f3c13eaea6c55906f96c0330caea6d118eae5371196a1bb1d,DS1__fear_ORG_FEAR(343),27.6609,829,29.9701,0,DS1__fear_ORG_FEAR(343),0,829,27.6609
DS1__fear_LLT_TENS(4)-4-of-14,/Users/rafiabhista/Documents/code/apple/c1_audio/emomv_2/aria/media/minhdanh/5e31d1e3-0187-4837-8530-60bbac61578f1/home/minhdanh/Documents/EmoMV/Dataset1/DS1_TRAIN_MATCH/fear_LLT_TENS(4)-4-of-14.mp4,fear,1,DS1,match,99f5d2036565e25dc79ca6f9a624cdcc7b56ba1bf90e399852c4f520eb318409,DS1__fear_LLT_TENS(4),29.0624,871,29.97,0,DS1__fear_LLT_TENS(4)-4-of-14,0,871,29.0624
DS1__fear_LLT_HRR(15),/Users/rafiabhista/Documents/code/apple/c1_audio/emomv_2/aria/media/minhdanh/5e31d1e3-0187-4837-8530-60bbac61578f1/home/minhdanh/Documents/EmoMV/Dataset1/DS1_TRAIN_MATCH/fear_LLT_HRR(15).mp4,fear,1,DS1,match,63550ca7729fbb65341d42dbfc57f34e982ff5910d7ed135e9f5c32e81fdeab6,DS1__fear_LLT_HRR(15),28.9167,694,24.0,0,DS1__fear_LLT_HRR(15),0,694,28.9167
DS1__fear_Fear_FINAL_DL(23),/Users/rafiabhista/Documents/code/apple/c1_audio/emomv_2/aria/media/minhdanh/5e31d1e3-0187-4837-8530-60bbac61578f1/home/minhdanh/Documents/EmoMV/Dataset1/DS1_TRAIN_MATCH/fear_Fear_FINAL_DL(23).mp4,fear,1,DS1,match,80b67b09bbee5ffe12fb4ee26ef2293cc705365a399018dcd942772336efd1d9,DS1__fear_Fear_FINAL_DL(23),28.1948,676,23.976,0,DS1__fear_Fear_FINAL_DL(23),0,676,28.1948
DS1__fear_ORG_FEAR(155),/Users/rafiabhista/Documents/code/apple/c1_audio/emomv_2/aria/media/minhdanh/5e31d1e3-0187-4837-8530-60bbac61578f1/home/minhdanh/Documents/EmoMV/Dataset1/DS1_TRAIN_MATCH/fear_ORG_FEAR(155).mp4,fear,1,DS1,match,c7f8071ac5f9ac355c8ab62741f6561f21bf06d329310d2e6840feda1da6b762,DS1__fear_ORG_FEAR(155),29.9048,717,23.9761,0,DS1__fear_ORG_FEAR(155),0,717,29.9048
DS1__fear_LLT_DL(10)-2-of-10,/Users/rafiabhista/Documents/code/apple/c1_audio/emomv_2/aria/media/minhdanh/5e31d1e3-0187-4837-8530-60bbac61578f1/home/minhdanh/Documents/EmoMV/Dataset1/DS1_TRAIN_MATCH/fear_LLT_DL(10)-2-of-10.mp4,fear,1,DS1,match,7ad6bbeebbbd0e55c74bd932bbad14ec5777458883cf051c6e9c87ace26c7ebb,DS1__fear_LLT_DL(10),29.6129,710,23.976,0,DS1__fear_LLT_DL(10)-2-of-10,0,710,29.6129
DS1__fear_ORG_FEAR(299),/Users/rafiabhista/Documents/code/apple/c1_audio/emomv_2/aria/media/minhdanh/5e31d1e3-0187-4837-8530-60bbac61578f1/home/minhdanh/Documents/EmoMV/Dataset1/DS1_TRAIN_MATCH/fear_ORG_FEAR(299).mp4,fear,1,DS1,match,8cfb4be9828a79abd470cf5312122f69215424f19c3f51392cbcec60b5c61a60,DS1__fear_ORG_FEAR(299),28.929,867,29.9699,0,DS1__fear_ORG_FEAR(299),0,867,28.929
DS1__fear_ORG_FEAR(70),/Users/rafiabhista/Documents/code/apple/c1_audio/emomv_2/aria/media/minhdanh/5e31d1e3-0187-4837-8530-60bbac61578f1/home/minhdanh/Documents/EmoMV/Dataset1/DS1_TRAIN_MATCH/fear_ORG_FEAR(70).mp4,fear,1,DS1,match,7701eb8fad4de2273be4cff937aa5c32cd0028f94695ce1bf444ecad04f39ac4,DS1__fear_ORG_FEAR(70),29.8299,894,29.9699,0,DS1__fear_ORG_FEAR(70),0,894,29.8299
DS1__fear_TEST_MV(68)-8-of-10,/Users/rafiabhista/Documents/code/apple/c1_audio/emomv_2/aria/media/minhdanh/5e31d1e3-0187-4837-8530-60bbac61578f1/home/minhdanh/Documents/EmoMV/Dataset1/DS1_TRAIN_MATCH/fear_TEST_MV(68)-8-of-10.mp4,fear,1,DS1,match,91c3149f6f92787c1fcb8f523d123340b8f6fcd587007c637bcbac773fefd149,DS1__fear_TEST_MV(68),29.738,713,23.976,0,DS1__fear_TEST_MV(68)-8-of-10,0,713,29.738
DS1__fear_TEST_MV(38)-6-of-12,/Users/rafiabhista/Documents/code/apple/c1_audio/emomv_2/aria/media/minhdanh/5e31d1e3-0187-4837-8530-60bbac61578f1/home/minhdanh/Documents/EmoMV/Dataset1/DS1_TRAIN_MATCH/fear_TEST_MV(38)-6-of-12.mp4,fear,1,DS1,match,14a983d15b27d48792276c037daa4f50582408ea00f6f8872e13abe0c7f932a3,DS1__fear_TEST_MV(38),27.68,692,25.0,0,DS1__fear_TEST_MV(38)-6-of-12,0,692,27.68
DS1__fear_ORG_FEAR(341),/Users/rafiabhista/Documents/code/apple/c1_audio/emomv_2/aria/media/minhdanh/5e31d1e3-0187-4837-8530-60bbac61578f1/home/minhdanh/Documents/EmoMV/Dataset1/DS1_TRAIN_MATCH/fear_ORG_FEAR(341).mp4,fear,1,DS1,match,d716614e6de07cbcb4347a143ade4b9ab769cc6883b972ef50d6e4bbddbdd4c2,DS1__fear_ORG_FEAR(341),27.9444,670,23.9761,0,DS1__fear_ORG_FEAR(341),0,670,27.9444
DS1__fear_FINAL_DL_Fear(47),/Users/rafiabhista/Documents/code/apple/c1_audio/emomv_2/aria/media/minhdanh/5e31d1e3-0187-4837-8530-60bbac61578f1/home/minhdanh/Documents/EmoMV/Dataset1/DS1_TRAIN_MATCH/fear_FINAL_DL_Fear(47).mp4,fear,1,DS1,match,ccff8619cfaee5a087a196dddcf1222a01c3d2178aa4b7e88ed7b15641556c64,DS1__fear_FINAL_DL_Fear(47),29.2292,876,29.97,0,DS1__fear_FINAL_DL_Fear(47),0,876,29.2292
DS1__fear_DEAP_DB_HR(24),/Users/rafiabhista/Documents/code/apple/c1_audio/emomv_2/aria/media/minhdanh/5e31d1e3-0187-4837-8530-60bbac61578f1/home/minhdanh/Documents/EmoMV/Dataset1/DS1_TRAIN_MATCH/fear_DEAP_DB_HR(24).mp4,fear,1,DS1,match,9d708d0684752f5c204ea7923a9b5a057a6e8af0c2077ea49cefa5a9b8da6a63,DS1__fear_DEAP_DB_HR(24),29.9299,897,29.97,0,DS1__fear_DEAP_DB_HR(24),0,897,29.9299
DS1__fear_FINAL_DL_Fearr(14),/Users/rafiabhista/Documents/code/apple/c1_audio/emomv_2/aria/media/minhdanh/5e31d1e3-0187-4837-8530-60bbac61578f1/home/minhdanh/Documents/EmoMV/Dataset1/DS1_TRAIN_MATCH/fear_FINAL_DL_Fearr(14).mp4,fear,1,DS1,match,b2815a9bab14abbe6effa7fac1ac6bb41efd7ad153974c0b26aa521c2210d838,DS1__fear_FINAL_DL_Fearr(14),29.4461,706,23.976,0,DS1__fear_FINAL_DL_Fearr(14),0,706,29.4461
DS1__fear_ORG_FEAR(338),/Users/rafiabhista/Documents/code/apple/c1_audio/emomv_2/aria/media/minhdanh/5e31d1e3-0187-4837-8530-60bbac61578f1/home/minhdanh/Documents/EmoMV/Dataset1/DS1_TRAIN_MATCH/fear_ORG_FEAR(338).mp4,fear,1,DS1,match,3013c656140ac8840715094aa14227626fdd6687b66b04be1e163fc5510a9ec5,DS1__fear_ORG_FEAR(338),29.6333,889,30.0,0,DS1__fear_ORG_FEAR(338),0,889,29.6333
DS1__fear_TT(19),/Users/rafiabhista/Documents/code/apple/c1_audio/emomv_2/aria/media/minhdanh/5e31d1e3-0187-4837-8530-60bbac61578f1/home/minhdanh/Documents/EmoMV/Dataset1/DS1_TRAIN_MATCH/fear_TT(19).mp4,fear,1,DS1,match,921a469397787f85e8edfa474407955dcc97b9714134ed4a5c696d9091f32c7c,DS1__fear_TT(19),31.08,777,25.0,0,DS1__fear_TT(19),0,777,31.08
DS1__fear_ORG_TENS(130),/Users/rafiabhista/Documents/code/apple/c1_audio/emomv_2/aria/media/minhdanh/5e31d1e3-0187-4837-8530-60bbac61578f1/home/minhdanh/Documents/EmoMV/Dataset1/DS1_TRAIN_MATCH/fear_ORG_TENS(130).mp4,fear,1,DS1,match,b269bbe1b0c5859a1049b604c660614a9f7be3aad6c2ce785ead67aa98686be8,DS1__fear_ORG_TENS(130),28.662,859,29.97,0,DS1__fear_ORG_TENS(130),0,859,28.662
DS1__fear_DEAP_DB_FEARR(1),/Users/rafiabhista/Documents/code/apple/c1_audio/emomv_2/aria/media/minhdanh/5e31d1e3-0187-4837-8530-60bbac61578f1/home/minhdanh/Documents/EmoMV/Dataset1/DS1_TRAIN_MATCH/fear_DEAP_DB_FEARR(1).mp4,fear,1,DS1,match,d178aef0c1c92b906d534139dd4af958ca8f6d011934dc9cb3e132ba503ab6c5,DS1__fear_DEAP_DB_FEARR(1),28.8622,692,23.976,0,DS1__fear_DEAP_DB_FEARR(1),0,692,28.8622
DS1__fear_ORG_FEAR(207),/Users/rafiabhista/Documents/code/apple/c1_audio/emomv_2/aria/media/minhdanh/5e31d1e3-0187-4837-8530-60bbac61578f1/home/minhdanh/Documents/EmoMV/Dataset1/DS1_TRAIN_MATCH/fear_ORG_FEAR(207).mp4,fear,1,DS1,match,865c497999a33a526f74d4cd4c0ac1bf965b0b831772dd182f8e795b62e520a4,DS1__fear_ORG_FEAR(207),30.1134,722,23.976,0,DS1__fear_ORG_FEAR(207),0,722,30.1134
DS1__fear_ORG_FEAR(360),/Users/rafiabhista/Documents/code/apple/c1_audio/emomv_2/aria/media/minhdanh/5e31d1e3-0187-4837-8530-60bbac61578f1/home/minhdanh/Documents/EmoMV/Dataset1/DS1_TRAIN_MATCH/fear_ORG_FEAR(360).mp4,fear,1,DS1,match,b1ff89bd9ad29da062323fa28fdb95f4bb99b6678675b17c8fe01d4b7678e336,DS1__fear_ORG_FEAR(360),29.84,746,25.0,0,DS1__fear_ORG_FEAR(360),0,746,29.84
DS1__fear_DEAP_DB_HR(34),/Users/rafiabhista/Documents/code/apple/c1_audio/emomv_2/aria/media/minhdanh/5e31d1e3-0187-4837-8530-60bbac61578f1/home/minhdanh/Documents/EmoMV/Dataset1/DS1_TRAIN_MATCH/fear_DEAP_DB_HR(34).mp4,fear,1,DS1,match,dcd9aed16adec74d9087aecfd9b60edffb7d3a1098d288885910e63ad887c894,DS1__fear_DEAP_DB_HR(34),28.8,720,25.0,0,DS1__fear_DEAP_DB_HR(34),0,720,28.8
DS1__fear_FINAL_DL_Fearr(1),/Users/rafiabhista/Documents/code/apple/c1_audio/emomv_2/aria/media/minhdanh/5e31d1e3-0187-4837-8530-60bbac61578f1/home/minhdanh/Documents/EmoMV/Dataset1/DS1_TRAIN_MATCH/fear_FINAL_DL_Fearr(1).mp4,fear,1,DS1,match,7143cb04af09ae1e7d8d0ad5dcf216ce26274cc4dfa7bf2e0b31512fa12ec4e0,DS1__fear_FINAL_DL_Fearr(1),28.8288,864,29.97,0,DS1__fear_FINAL_DL_Fearr(1),0,864,28.8288
DS1__fear_REVIEW_TENS(42),/Users/rafiabhista/Documents/code/apple/c1_audio/emomv_2/aria/media/minhdanh/5e31d1e3-0187-4837-8530-60bbac61578f1/home/minhdanh/Documents/EmoMV/Dataset1/DS1_TRAIN_MATCH/fear_REVIEW_TENS(42).mp4,fear,1,DS1,match,e0e698d229fffdef2525312be917e3162dc8094b0c9fc455f59ce0c8835bc2e1,DS1__fear_REVIEW_TENS(42),29.8215,715,23.976,0,DS1__fear_REVIEW_TENS(42),0,715,29.8215
DS1__fear_ORG_FEAR(348),/Users/rafiabhista/Documents/code/apple/c1_audio/emomv_2/aria/media/minhdanh/5e31d1e3-0187-4837-8530-60bbac61578f1/home/minhdanh/Documents/EmoMV/Dataset1/DS1_TRAIN_MATCH/fear_ORG_FEAR(348).mp4,fear,1,DS1,match,85830d452c5c264d48743d090eafc01afcf35b6079b78ce0c9b76ccca8a9356e,DS1__fear_ORG_FEAR(348),32.0,800,25.0,0,DS1__fear_ORG_FEAR(348),0,800,32.0
DS1__fear_FEAR_TEST(10)-7-of-12,/Users/rafiabhista/Documents/code/apple/c1_audio/emomv_2/aria/media/minhdanh/5e31d1e3-0187-4837-8530-60bbac61578f1/home/minhdanh/Documents/EmoMV/Dataset1/DS1_TRAIN_MATCH/fear_FEAR_TEST(10)-7-of-12.mp4,fear,1,DS1,match,3f1fd6bd92d3ba041eefd881ff7facf3f82aabf92b340dadadb6fb02e458c601,DS1__fear_FEAR_TEST(10),29.4461,706,23.976,0,DS1__fear_FEAR_TEST(10)-7-of-12,0,706,29.4461
DS1__fear_TEST_MV(74)-5-of-8,/Users/rafiabhista/Documents/code/apple/c1_audio/emomv_2/aria/media/minhdanh/5e31d1e3-0187-4837-8530-60bbac61578f1/home/minhdanh/Documents/EmoMV/Dataset1/DS1_TRAIN_MATCH/fear_TEST_MV(74)-5-of-8.mp4,fear,1,DS1,match,0b84303c009bfe1dc3897700956edf013b6a011b4b726bf2eb49d828da351234,DS1__fear_TEST_MV(74),29.7083,713,24.0,0,DS1__fear_TEST_MV(74)-5-of-8,0,713,29.7083
DS1__fear_LLT_HRR(17),/Users/rafiabhista/Documents/code/apple/c1_audio/emomv_2/aria/media/minhdanh/5e31d1e3-0187-4837-8530-60bbac61578f1/home/minhdanh/Documents/EmoMV/Dataset1/DS1_TRAIN_MATCH/fear_LLT_HRR(17).mp4,fear,1,DS1,match,56a51867fac461e0e893e26a2ce91dbb07e99c7e96e636c8e719884268613098,DS1__fear_LLT_HRR(17),28.9873,695,23.976,0,DS1__fear_LLT_HRR(17),0,695,28.9873
DS1__fear_TEST_TENS(26)-4-of-8,/Users/rafiabhista/Documents/code/apple/c1_audio/emomv_2/aria/media/minhdanh/5e31d1e3-0187-4837-8530-60bbac61578f1/home/minhdanh/Documents/EmoMV/Dataset1/DS1_TRAIN_MATCH/fear_TEST_TENS(26)-4-of-8.mp4,fear,1,DS1,match,e334b87668c10d26d5c06fac7e049ff11703093ca629a5896f2aac21e74cb18b,DS1__fear_TEST_TENS(26),28.9873,695,23.976,0,DS1__fear_TEST_TENS(26)-4-of-8,0,695,28.9873
DS1__fear_ORG_TENS(131),/Users/rafiabhista/Documents/code/apple/c1_audio/emomv_2/aria/media/minhdanh/5e31d1e3-0187-4837-8530-60bbac61578f1/home/minhdanh/Documents/EmoMV/Dataset1/DS1_TRAIN_MATCH/fear_ORG_TENS(131).mp4,fear,1,DS1,match,ed8f15973ff3dafb7e2d83f6d106440212357388030f121645884b4a70d20403,DS1__fear_ORG_TENS(131),30.9309,927,29.97,0,DS1__fear_ORG_TENS(131),0,927,30.9309
DS1__fear_FINAL_FEAR(1),/Users/rafiabhista/Documents/code/apple/c1_audio/emomv_2/aria/media/minhdanh/5e31d1e3-0187-4837-8530-60bbac61578f1/home/minhdanh/Documents/EmoMV/Dataset1/DS1_TRAIN_MATCH/fear_FINAL_FEAR(1).mp4,fear,1,DS1,match,a50fb9c62edfa24d8937611621ec29c348579b466aa51e8147fed368f9bb6b67,DS1__fear_FINAL_FEAR(1),29.4,735,25.0,0,DS1__fear_FINAL_FEAR(1),0,735,29.4
DS1__fear_REVIEW_FEAR(6),/Users/rafiabhista/Documents/code/apple/c1_audio/emomv_2/aria/media/minhdanh/5e31d1e3-0187-4837-8530-60bbac61578f1/home/minhdanh/Documents/EmoMV/Dataset1/DS1_TRAIN_MATCH/fear_REVIEW_FEAR(6).mp4,fear,1,DS1,match,877bc5d94c10ea04983014940918d25c7ed4d3b3c99a7d3c61b2093178bd389c,DS1__fear_REVIEW_FEAR(6),27.88,697,25.0,0,DS1__fear_REVIEW_FEAR(6),0,697,27.88
DS1__fear_LLT_DL(0)-7-of-10,/Users/rafiabhista/Documents/code/apple/c1_audio/emomv_2/aria/media/minhdanh/5e31d1e3-0187-4837-8530-60bbac61578f1/home/minhdanh/Documents/EmoMV/Dataset1/DS1_TRAIN_MATCH/fear_LLT_DL(0)-7-of-10.mp4,fear,1,DS1,match,afe57c76275ba387b58cbb2b2229afd6a087627e417226b88340d63e7766fc4e,DS1__fear_LLT_DL(0),29.7333,892,30.0,0,DS1__fear_LLT_DL(0)-7-of-10,0,892,29.7333
DS1__fear_FINAL_DL_Fearr(34),/Users/rafiabhista/Documents/code/apple/c1_audio/emomv_2/aria/media/minhdanh/5e31d1e3-0187-4837-8530-60bbac61578f1/home/minhdanh/Documents/EmoMV/Dataset1/DS1_TRAIN_MATCH/fear_FINAL_DL_Fearr(34).mp4,fear,1,DS1,match,3507c4b8f41303c7f7ee233bdfbe212cfc874ae540a545aadab9a6ece6c757b5,DS1__fear_FINAL_DL_Fearr(34),29.5712,709,23.976,0,DS1__fear_FINAL_DL_Fearr(34),0,709,29.5712
DS1__fear_LLT_DL(9)-3-of-6,/Users/rafiabhista/Documents/code/apple/c1_audio/emomv_2/aria/media/minhdanh/5e31d1e3-0187-4837-8530-60bbac61578f1/home/minhdanh/Documents/EmoMV/Dataset1/DS1_TRAIN_MATCH/fear_LLT_DL(9)-3-of-6.mp4,fear,1,DS1,match,874d7439aecfc17532c712e9faece80e5d6d2a565e32567544d3d428c60c187e,DS1__fear_LLT_DL(9),29.16,729,25.0,0,DS1__fear_LLT_DL(9)-3-of-6,0,729,29.16
DS1__fear_ORG_FEAR(117),/Users/rafiabhista/Documents/code/apple/c1_audio/emomv_2/aria/media/minhdanh/5e31d1e3-0187-4837-8530-60bbac61578f1/home/minhdanh/Documents/EmoMV/Dataset1/DS1_TRAIN_MATCH/fear_ORG_FEAR(117).mp4,fear,1,DS1,match,6625e608d46ec4c68895c903397095702ddb864cc048416ded5d99677c8799d5,DS1__fear_ORG_FEAR(117),28.9,867,30.0,0,DS1__fear_ORG_FEAR(117),0,867,28.9
DS1__fear_TEST_FEAR(5)-2-of-9,/Users/rafiabhista/Documents/code/apple/c1_audio/emomv_2/aria/media/minhdanh/5e31d1e3-0187-4837-8530-60bbac61578f1/home/minhdanh/Documents/EmoMV/Dataset1/DS1_TRAIN_MATCH/fear_TEST_FEAR(5)-2-of-9.mp4,fear,1,DS1,match,da02df10c467894e586921ad3c4e44fa201606c8802675fe019734e76e35f3f8,DS1__fear_TEST_FEAR(5),29.2292,876,29.97,0,DS1__fear_TEST_FEAR(5)-2-of-9,0,876,29.2292
DS1__fear_ORG_FEAR(171),/Users/rafiabhista/Documents/code/apple/c1_audio/emomv_2/aria/media/minhdanh/5e31d1e3-0187-4837-8530-60bbac61578f1/home/minhdanh/Documents/EmoMV/Dataset1/DS1_TRAIN_MATCH/fear_ORG_FEAR(171).mp4,fear,1,DS1,match,ee5fe8dbfe3ee8a8674b2e2cb60cc69427c67a9d02fae63ac278fb63f7ea201c,DS1__fear_ORG_FEAR(171),31.1144,746,23.976,0,DS1__fear_ORG_FEAR(171),0,746,31.1144
DS1__fear_LLT_HRR(22),/Users/rafiabhista/Documents/code/apple/c1_audio/emomv_2/aria/media/minhdanh/5e31d1e3-0187-4837-8530-60bbac61578f1/home/minhdanh/Documents/EmoMV/Dataset1/DS1_TRAIN_MATCH/fear_LLT_HRR(22).mp4,fear,1,DS1,match,0cd0af8bfbff442d3c77aaecaf55cac074ac1d3410498e51ee2fc0fa5203d662,DS1__fear_LLT_HRR(22),28.9565,666,23.0,0,DS1__fear_LLT_HRR(22),0,666,28.9565
DS1__fear_DEAP_DP_TENSMM(0),/Users/rafiabhista/Documents/code/apple/c1_audio/emomv_2/aria/media/minhdanh/5e31d1e3-0187-4837-8530-60bbac61578f1/home/minhdanh/Documents/EmoMV/Dataset1/DS1_TRAIN_MATCH/fear_DEAP_DP_TENSMM(0).mp4,fear,1,DS1,match,55e45d75e3b294e27386123f9aa5b5e0454b0baf89e34bc5cca478e9bf022165,DS1__fear_DEAP_DP_TENSMM(0),29.9299,897,29.97,0,DS1__fear_DEAP_DP_TENSMM(0),0,897,29.9299
DS1__fear_ORG_FEAR(175),/Users/rafiabhista/Documents/code/apple/c1_audio/emomv_2/aria/media/minhdanh/5e31d1e3-0187-4837-8530-60bbac61578f1/home/minhdanh/Documents/EmoMV/Dataset1/DS1_TRAIN_MATCH/fear_ORG_FEAR(175).mp4,fear,1,DS1,match,2ff3f39e66eef45ed448cabcd60afe82c4568ddc09b5a46a9497c66382432187,DS1__fear_ORG_FEAR(175),30.1134,722,23.976,0,DS1__fear_ORG_FEAR(175),0,722,30.1134
DS1__fear_FINAL_DL_Fear(78),/Users/rafiabhista/Documents/code/apple/c1_audio/emomv_2/aria/media/minhdanh/5e31d1e3-0187-4837-8530-60bbac61578f1/home/minhdanh/Documents/EmoMV/Dataset1/DS1_TRAIN_MATCH/fear_FINAL_DL_Fear(78).mp4,fear,1,DS1,match,0a7fff6dfab086c58bf63956fef390e00ecea30f0c4da121d1d8c1535d1f1028,DS1__fear_FINAL_DL_Fear(78),28.6536,687,23.976,0,DS1__fear_FINAL_DL_Fear(78),0,687,28.6536
DS1__fear_ORG_FEAR(246),/Users/rafiabhista/Documents/code/apple/c1_audio/emomv_2/aria/media/minhdanh/5e31d1e3-0187-4837-8530-60bbac61578f1/home/minhdanh/Documents/EmoMV/Dataset1/DS1_TRAIN_MATCH/fear_ORG_FEAR(246).mp4,fear,1,DS1,match,cfc5f891b8090a2d5f7b0cf061188052c51416790ffe477ea9ccf0edba229792,DS1__fear_ORG_FEAR(246),28.9457,694,23.976,0,DS1__fear_ORG_FEAR(246),0,694,28.9457
DS1__fear_ORG_FEAR(202),/Users/rafiabhista/Documents/code/apple/c1_audio/emomv_2/aria/media/minhdanh/5e31d1e3-0187-4837-8530-60bbac61578f1/home/minhdanh/Documents/EmoMV/Dataset1/DS1_TRAIN_MATCH/fear_ORG_FEAR(202).mp4,fear,1,DS1,match,81fcbdcaf931ce1e05cbc2f4993b2c8399dccba459b9067039fb0ea0028475c3,DS1__fear_ORG_FEAR(202),29.1959,700,23.976,0,DS1__fear_ORG_FEAR(202),0,700,29.1959
DS1__fear_TT(7),/Users/rafiabhista/Documents/code/apple/c1_audio/emomv_2/aria/media/minhdanh/5e31d1e3-0187-4837-8530-60bbac61578f1/home/minhdanh/Documents/EmoMV/Dataset1/DS1_TRAIN_MATCH/fear_TT(7).mp4,fear,1,DS1,match,c7d61cbdb6873dca0a591b1204f20ba0cae1366f9cc94371b8acfe51158858a8,DS1__fear_TT(7),29.08,727,25.0,0,DS1__fear_TT(7),0,727,29.08
DS1__fear_TEST_MV(38)-10-of-12,/Users/rafiabhista/Documents/code/apple/c1_audio/emomv_2/aria/media/minhdanh/5e31d1e3-0187-4837-8530-60bbac61578f1/home/minhdanh/Documents/EmoMV/Dataset1/DS1_TRAIN_MATCH/fear_TEST_MV(38)-10-of-12.mp4,fear,1,DS1,match,1bfe54b3f1918329e0c19656f55a5e10c1289cb6ef4ba842322547b59c8926ac,DS1__fear_TEST_MV(38),28.04,701,25.0,0,DS1__fear_TEST_MV(38)-10-of-12,0,701,28.04
DS1__fear_ORG_FEAR(227),/Users/rafiabhista/Documents/code/apple/c1_audio/emomv_2/aria/media/minhdanh/5e31d1e3-0187-4837-8530-60bbac61578f1/home/minhdanh/Documents/EmoMV/Dataset1/DS1_TRAIN_MATCH/fear_ORG_FEAR(227).mp4,fear,1,DS1,match,f84b1fb6e1091ef62732ea9ef9e8e57ba528461ac989bda2ca60ac56e70a9189,DS1__fear_ORG_FEAR(227),20.04,501,25.0,0,DS1__fear_ORG_FEAR(227),0,501,20.04
DS1__fear_FINAL_DL_Fear(46),/Users/rafiabhista/Documents/code/apple/c1_audio/emomv_2/aria/media/minhdanh/5e31d1e3-0187-4837-8530-60bbac61578f1/home/minhdanh/Documents/EmoMV/Dataset1/DS1_TRAIN_MATCH/fear_FINAL_DL_Fear(46).mp4,fear,1,DS1,match,e4e18a1593f0619902a879f03d97e130367d5b7b8e57945dd6dd71a936aad1b0,DS1__fear_FINAL_DL_Fear(46),29.396,881,29.97,0,DS1__fear_FINAL_DL_Fear(46),0,881,29.396
DS1__fear_ORG_FEAR(291),/Users/rafiabhista/Documents/code/apple/c1_audio/emomv_2/aria/media/minhdanh/5e31d1e3-0187-4837-8530-60bbac61578f1/home/minhdanh/Documents/EmoMV/Dataset1/DS1_TRAIN_MATCH/fear_ORG_FEAR(291).mp4,fear,1,DS1,match,0324699cd63e825a60116470b41af9858ec26bc38db0fa6da9b385678d397d55,DS1__fear_ORG_FEAR(291),29.0,870,30.0,0,DS1__fear_ORG_FEAR(291),0,870,29.0
DS1__fear_ORG_FEAR(163),/Users/rafiabhista/Documents/code/apple/c1_audio/emomv_2/aria/media/minhdanh/5e31d1e3-0187-4837-8530-60bbac61578f1/home/minhdanh/Documents/EmoMV/Dataset1/DS1_TRAIN_MATCH/fear_ORG_FEAR(163).mp4,fear,1,DS1,match,eaeb373105fae71730cb64f7707d2748fee0408be8765b8aace7233fc9d71b79,DS1__fear_ORG_FEAR(163),20.2285,485,23.976,0,DS1__fear_ORG_FEAR(163),0,485,20.2285
DS1__fear_FINAL_FEAR(20),/Users/rafiabhista/Documents/code/apple/c1_audio/emomv_2/aria/media/minhdanh/5e31d1e3-0187-4837-8530-60bbac61578f1/home/minhdanh/Documents/EmoMV/Dataset1/DS1_TRAIN_MATCH/fear_FINAL_FEAR(20).mp4,fear,1,DS1,match,ac5b8cbeb845511ea9bfc6f5d20e0a6a574fce3a2413e9f3cfd1b04280efa7ea,DS1__fear_FINAL_FEAR(20),29.9966,899,29.97,0,DS1__fear_FINAL_FEAR(20),0,899,29.9966
DS1__fear_160,/Users/rafiabhista/Documents/code/apple/c1_audio/emomv_2/aria/media/minhdanh/5e31d1e3-0187-4837-8530-60bbac61578f1/home/minhdanh/Documents/EmoMV/Dataset1/DS1_TRAIN_MATCH/fear_160.mp4,fear,1,DS1,match,fa6405dbd2bb8b19c84a2ac3da5093ee05dc9af8d6f1a33be8037785f94a4898,DS1__fear_160,30.03,900,29.97,0,DS1__fear_160,0,900,30.03
DS1__fear_LLT_DL(12)-4-of-7,/Users/rafiabhista/Documents/code/apple/c1_audio/emomv_2/aria/media/minhdanh/5e31d1e3-0187-4837-8530-60bbac61578f1/home/minhdanh/Documents/EmoMV/Dataset1/DS1_TRAIN_MATCH/fear_LLT_DL(12)-4-of-7.mp4,fear,1,DS1,match,d7e242e0a0fbf1ae229ead7791e1321ec0d79e3154602c1253945a2cd0181639,DS1__fear_LLT_DL(12),29.8215,715,23.976,0,DS1__fear_LLT_DL(12)-4-of-7,0,715,29.8215
DS1__fear_LLT_DL(9)-5-of-6,/Users/rafiabhista/Documents/code/apple/c1_audio/emomv_2/aria/media/minhdanh/5e31d1e3-0187-4837-8530-60bbac61578f1/home/minhdanh/Documents/EmoMV/Dataset1/DS1_TRAIN_MATCH/fear_LLT_DL(9)-5-of-6.mp4,fear,1,DS1,match,a999bb909f650f6bb79f65d675685f4a96e327d9bf6d5eaf2a4e1de05fd36c45,DS1__fear_LLT_DL(9),28.28,707,25.0,0,DS1__fear_LLT_DL(9)-5-of-6,0,707,28.28
DS1__fear_TEST_MV(75)-4-of-13,/Users/rafiabhista/Documents/code/apple/c1_audio/emomv_2/aria/media/minhdanh/5e31d1e3-0187-4837-8530-60bbac61578f1/home/minhdanh/Documents/EmoMV/Dataset1/DS1_TRAIN_MATCH/fear_TEST_MV(75)-4-of-13.mp4,fear,1,DS1,match,c72af4966fb36a5e37691106a0df1ea519bf1d0cbf845101874de2e804b12424,DS1__fear_TEST_MV(75),29.738,713,23.976,0,DS1__fear_TEST_MV(75)-4-of-13,0,713,29.738
DS1__fear_ORG_FEAR(244),/Users/rafiabhista/Documents/code/apple/c1_audio/emomv_2/aria/media/minhdanh/5e31d1e3-0187-4837-8530-60bbac61578f1/home/minhdanh/Documents/EmoMV/Dataset1/DS1_TRAIN_MATCH/fear_ORG_FEAR(244).mp4,fear,1,DS1,match,86573185e2221074bcfa66057c900c5ebc7d30034e104d6c599884e0ada87059,DS1__fear_ORG_FEAR(244),29.9884,719,23.976,0,DS1__fear_ORG_FEAR(244),0,719,29.9884
DS1__fear_TT(5),/Users/rafiabhista/Documents/code/apple/c1_audio/emomv_2/aria/media/minhdanh/5e31d1e3-0187-4837-8530-60bbac61578f1/home/minhdanh/Documents/EmoMV/Dataset1/DS1_TRAIN_MATCH/fear_TT(5).mp4,fear,1,DS1,match,53be96fd8323666f0b51ab0a789c18331d52ec58b474f83af3f21f57b7841423,DS1__fear_TT(5),28.36,709,25.0,0,DS1__fear_TT(5),0,709,28.36
DS1__fear_ORG_FEAR(181),/Users/rafiabhista/Documents/code/apple/c1_audio/emomv_2/aria/media/minhdanh/5e31d1e3-0187-4837-8530-60bbac61578f1/home/minhdanh/Documents/EmoMV/Dataset1/DS1_TRAIN_MATCH/fear_ORG_FEAR(181).mp4,fear,1,DS1,match,204863cfaa8f5c3314f8dd0bce1ed2c9578920a54edf40e5bb7f23eaf67572a7,DS1__fear_ORG_FEAR(181),29.1123,698,23.9761,0,DS1__fear_ORG_FEAR(181),0,698,29.1123
DS1__fear_DEAP_DB_HR(8),/Users/rafiabhista/Documents/code/apple/c1_audio/emomv_2/aria/media/minhdanh/5e31d1e3-0187-4837-8530-60bbac61578f1/home/minhdanh/Documents/EmoMV/Dataset1/DS1_TRAIN_MATCH/fear_DEAP_DB_HR(8).mp4,fear,1,DS1,match,04322cc8a4ba331b5e140be9e5aab1d67dd1945b9118c47cbdd2a915460172e3,DS1__fear_DEAP_DB_HR(8),30.0,750,25.0,0,DS1__fear_DEAP_DB_HR(8),0,750,30.0
DS1__fear_LLT_DL(8)-2-of-9,/Users/rafiabhista/Documents/code/apple/c1_audio/emomv_2/aria/media/minhdanh/5e31d1e3-0187-4837-8530-60bbac61578f1/home/minhdanh/Documents/EmoMV/Dataset1/DS1_TRAIN_MATCH/fear_LLT_DL(8)-2-of-9.mp4,fear,1,DS1,match,6271a51c0472bbdfb4c3d03cdf67d0beb7b8c677f6539fc7b4e4c7142863b794,DS1__fear_LLT_DL(8),29.663,889,29.97,0,DS1__fear_LLT_DL(8)-2-of-9,0,889,29.663
DS1__fear_FINAL_DL_Fearr(21),/Users/rafiabhista/Documents/code/apple/c1_audio/emomv_2/aria/media/minhdanh/5e31d1e3-0187-4837-8530-60bbac61578f1/home/minhdanh/Documents/EmoMV/Dataset1/DS1_TRAIN_MATCH/fear_FINAL_DL_Fearr(21).mp4,fear,1,DS1,match,7a9ad815a773d8b19b630ebc63acc451ef027038495e28ec6f103780af3253d8,DS1__fear_FINAL_DL_Fearr(21),29.663,889,29.97,0,DS1__fear_FINAL_DL_Fearr(21),0,889,29.663
DS1__fear_REVIEW_FEAR(42),/Users/rafiabhista/Documents/code/apple/c1_audio/emomv_2/aria/media/minhdanh/5e31d1e3-0187-4837-8530-60bbac61578f1/home/minhdanh/Documents/EmoMV/Dataset1/DS1_TRAIN_MATCH/fear_REVIEW_FEAR(42).mp4,fear,1,DS1,match,5d9cb61f92667f2ce168b368aaad90ab58fcc25643156fdb7e09e9d1dafdfba6,DS1__fear_REVIEW_FEAR(42),30.0,750,25.0,0,DS1__fear_REVIEW_FEAR(42),0,750,30.0
DS1__fear_FINAL_DL_Fearr(8),/Users/rafiabhista/Documents/code/apple/c1_audio/emomv_2/aria/media/minhdanh/5e31d1e3-0187-4837-8530-60bbac61578f1/home/minhdanh/Documents/EmoMV/Dataset1/DS1_TRAIN_MATCH/fear_FINAL_DL_Fearr(8).mp4,fear,1,DS1,match,7f10928654f87a3c0fefc0671f02094056b09164c2bbcf249428e8fe5620fe6d,DS1__fear_FINAL_DL_Fearr(8),29.5712,709,23.976,0,DS1__fear_FINAL_DL_Fearr(8),0,709,29.5712
DS1__fear_TEST_MV(67)-2-of-7,/Users/rafiabhista/Documents/code/apple/c1_audio/emomv_2/aria/media/minhdanh/5e31d1e3-0187-4837-8530-60bbac61578f1/home/minhdanh/Documents/EmoMV/Dataset1/DS1_TRAIN_MATCH/fear_TEST_MV(67)-2-of-7.mp4,fear,1,DS1,match,acb98e9547035c12df70a769209fca90345f94e4a2310e38eb1d1a6ff230b7ec,DS1__fear_TEST_MV(67),29.321,703,23.976,0,DS1__fear_TEST_MV(67)-2-of-7,0,703,29.321
DS1__fear_ORG_FEAR(12),/Users/rafiabhista/Documents/code/apple/c1_audio/emomv_2/aria/media/minhdanh/5e31d1e3-0187-4837-8530-60bbac61578f1/home/minhdanh/Documents/EmoMV/Dataset1/DS1_TRAIN_MATCH/fear_ORG_FEAR(12).mp4,fear,1,DS1,match,52f1f31f029882eb58a8a28b8cce2d7209365e955de515f399be60851b463896,DS1__fear_ORG_FEAR(12),30.9059,741,23.976,0,DS1__fear_ORG_FEAR(12),0,741,30.9059
DS1__fear_ORG_FEAR(179),/Users/rafiabhista/Documents/code/apple/c1_audio/emomv_2/aria/media/minhdanh/5e31d1e3-0187-4837-8530-60bbac61578f1/home/minhdanh/Documents/EmoMV/Dataset1/DS1_TRAIN_MATCH/fear_ORG_FEAR(179).mp4,fear,1,DS1,match,68a978f191cf48bb4e53c8d38f1e9326bf4d99037cef3f5fddcab89eb8cf7a73,DS1__fear_ORG_FEAR(179),28.9454,694,23.9761,0,DS1__fear_ORG_FEAR(179),0,694,28.9454
DS1__fear_FINAL_DL_Fearr(33),/Users/rafiabhista/Documents/code/apple/c1_audio/emomv_2/aria/media/minhdanh/5e31d1e3-0187-4837-8530-60bbac61578f1/home/minhdanh/Documents/EmoMV/Dataset1/DS1_TRAIN_MATCH/fear_FINAL_DL_Fearr(33).mp4,fear,1,DS1,match,80f5dc6eeb66bf1ba173022863dc2172b499fd7ede9423604ba4dde9e57c6702,DS1__fear_FINAL_DL_Fearr(33),28.9039,693,23.976,0,DS1__fear_FINAL_DL_Fearr(33),0,693,28.9039
DS1__fear_DEAP_DB_HR(38),/Users/rafiabhista/Documents/code/apple/c1_audio/emomv_2/aria/media/minhdanh/5e31d1e3-0187-4837-8530-60bbac61578f1/home/minhdanh/Documents/EmoMV/Dataset1/DS1_TRAIN_MATCH/fear_DEAP_DB_HR(38).mp4,fear,1,DS1,match,6b7bedf0d8216be932e0f96f48f5efac12f6af14fc7f346faa7467cb55b05d58,DS1__fear_DEAP_DB_HR(38),29.9299,897,29.97,0,DS1__fear_DEAP_DB_HR(38),0,897,29.9299
DS1__fear_REVIEW_FEAR(46),/Users/rafiabhista/Documents/code/apple/c1_audio/emomv_2/aria/media/minhdanh/5e31d1e3-0187-4837-8530-60bbac61578f1/home/minhdanh/Documents/EmoMV/Dataset1/DS1_TRAIN_MATCH/fear_REVIEW_FEAR(46).mp4,fear,1,DS1,match,5088dd6aea5b2ed2878023bac7e07893385a7d6068b627067175af25b283ff68,DS1__fear_REVIEW_FEAR(46),29.7964,893,29.97,0,DS1__fear_REVIEW_FEAR(46),0,893,29.7964
DS1__fear_LLT_FEAR(10)-6-of-9,/Users/rafiabhista/Documents/code/apple/c1_audio/emomv_2/aria/media/minhdanh/5e31d1e3-0187-4837-8530-60bbac61578f1/home/minhdanh/Documents/EmoMV/Dataset1/DS1_TRAIN_MATCH/fear_LLT_FEAR(10)-6-of-9.mp4,fear,1,DS1,match,dce812cbf827c2950ee9f5e4c792170537551295cd0183648775062168087cdb,DS1__fear_LLT_FEAR(10),29.4167,706,24.0,0,DS1__fear_LLT_FEAR(10)-6-of-9,0,706,29.4167
DS1__fear_ORG_FEAR(192),/Users/rafiabhista/Documents/code/apple/c1_audio/emomv_2/aria/media/minhdanh/5e31d1e3-0187-4837-8530-60bbac61578f1/home/minhdanh/Documents/EmoMV/Dataset1/DS1_TRAIN_MATCH/fear_ORG_FEAR(192).mp4,fear,1,DS1,match,1e65308602ef2e336e06ddc0d9728b7ae3d4f37e25a0aae7eca75b76db6286bd,DS1__fear_ORG_FEAR(192),28.92,723,25.0,0,DS1__fear_ORG_FEAR(192),0,723,28.92
DS1__fear_ORG_FEAR(150),/Users/rafiabhista/Documents/code/apple/c1_audio/emomv_2/aria/media/minhdanh/5e31d1e3-0187-4837-8530-60bbac61578f1/home/minhdanh/Documents/EmoMV/Dataset1/DS1_TRAIN_MATCH/fear_ORG_FEAR(150).mp4,fear,1,DS1,match,ec58d060baad22039625c91f8050e2d1f45ef852fe9beb51af368ec36347c6af,DS1__fear_ORG_FEAR(150),34.7431,833,23.976,0,DS1__fear_ORG_FEAR(150),0,833,34.7431
DS1__fear_ORG_FEAR(197),/Users/rafiabhista/Documents/code/apple/c1_audio/emomv_2/aria/media/minhdanh/5e31d1e3-0187-4837-8530-60bbac61578f1/home/minhdanh/Documents/EmoMV/Dataset1/DS1_TRAIN_MATCH/fear_ORG_FEAR(197).mp4,fear,1,DS1,match,c586abe7acfe96f1662536f08f06f17c4d63d13025146d9a742f323a8158d200,DS1__fear_ORG_FEAR(197),30.664,919,29.97,0,DS1__fear_ORG_FEAR(197),0,919,30.664
DS1__fear_DEAP_DB_HR(19),/Users/rafiabhista/Documents/code/apple/c1_audio/emomv_2/aria/media/minhdanh/5e31d1e3-0187-4837-8530-60bbac61578f1/home/minhdanh/Documents/EmoMV/Dataset1/DS1_TRAIN_MATCH/fear_DEAP_DB_HR(19).mp4,fear,1,DS1,match,46817b8a119748f36ac3d45f37eb10ee9c1edb7b89d4a04c70dc04d5961e96ac,DS1__fear_DEAP_DB_HR(19),29.8215,715,23.976,0,DS1__fear_DEAP_DB_HR(19),0,715,29.8215
DS1__fear_LLT_HRR(13),/Users/rafiabhista/Documents/code/apple/c1_audio/emomv_2/aria/media/minhdanh/5e31d1e3-0187-4837-8530-60bbac61578f1/home/minhdanh/Documents/EmoMV/Dataset1/DS1_TRAIN_MATCH/fear_LLT_HRR(13).mp4,fear,1,DS1,match,2439fbc65fcf2a077492118db8ee452c44d83486b250316c48b5112450127b99,DS1__fear_LLT_HRR(13),29.1958,875,29.97,0,DS1__fear_LLT_HRR(13),0,875,29.1958
DS1__fear_ORG_FEAR(357),/Users/rafiabhista/Documents/code/apple/c1_audio/emomv_2/aria/media/minhdanh/5e31d1e3-0187-4837-8530-60bbac61578f1/home/minhdanh/Documents/EmoMV/Dataset1/DS1_TRAIN_MATCH/fear_ORG_FEAR(357).mp4,fear,1,DS1,match,35e8cadb02f2cc5c06a50acaed362485b7e3d9cf059fea67fd0e93f93f4fad41,DS1__fear_ORG_FEAR(357),33.2665,997,29.9701,0,DS1__fear_ORG_FEAR(357),0,997,33.2665
DS1__fear_TT(2),/Users/rafiabhista/Documents/code/apple/c1_audio/emomv_2/aria/media/minhdanh/5e31d1e3-0187-4837-8530-60bbac61578f1/home/minhdanh/Documents/EmoMV/Dataset1/DS1_TRAIN_MATCH/fear_TT(2).mp4,fear,1,DS1,match,b684d559749982275a269ed135a6bd1b2477c34495fc5429d0f30c0d29e9a5bd,DS1__fear_TT(2),30.4972,914,29.97,0,DS1__fear_TT(2),0,914,30.4972
DS1__fear_TEST_MV(75)-3-of-13,/Users/rafiabhista/Documents/code/apple/c1_audio/emomv_2/aria/media/minhdanh/5e31d1e3-0187-4837-8530-60bbac61578f1/home/minhdanh/Documents/EmoMV/Dataset1/DS1_TRAIN_MATCH/fear_TEST_MV(75)-3-of-13.mp4,fear,1,DS1,match,7bad6bbef4301c63da09f8b8d9ad90bf6622b64db24b998c4175e8e4b6876c3e,DS1__fear_TEST_MV(75),28.9873,695,23.976,0,DS1__fear_TEST_MV(75)-3-of-13,0,695,28.9873
DS1__fear_DEAP_DP_TENSMM(11),/Users/rafiabhista/Documents/code/apple/c1_audio/emomv_2/aria/media/minhdanh/5e31d1e3-0187-4837-8530-60bbac61578f1/home/minhdanh/Documents/EmoMV/Dataset1/DS1_TRAIN_MATCH/fear_DEAP_DP_TENSMM(11).mp4,fear,1,DS1,match,5e34203dcd259cc05f8b3c560810b3ea991111776a6b22e8b0d5c46c3957c09e,DS1__fear_DEAP_DP_TENSMM(11),30.0,750,25.0,0,DS1__fear_DEAP_DP_TENSMM(11),0,750,30.0
DS1__fear_FINAL_FEAR(7),/Users/rafiabhista/Documents/code/apple/c1_audio/emomv_2/aria/media/minhdanh/5e31d1e3-0187-4837-8530-60bbac61578f1/home/minhdanh/Documents/EmoMV/Dataset1/DS1_TRAIN_MATCH/fear_FINAL_FEAR(7).mp4,fear,1,DS1,match,430588ed54fc8df913e2ec8d646d7b44ad5fefbfa98d154ce9a54cc009ffea32,DS1__fear_FINAL_FEAR(7),27.8,695,25.0,0,DS1__fear_FINAL_FEAR(7),0,695,27.8
DS1__fear_DEAP_DP_TENSxx(3),/Users/rafiabhista/Documents/code/apple/c1_audio/emomv_2/aria/media/minhdanh/5e31d1e3-0187-4837-8530-60bbac61578f1/home/minhdanh/Documents/EmoMV/Dataset1/DS1_TRAIN_MATCH/fear_DEAP_DP_TENSxx(3).mp4,fear,1,DS1,match,70b557b4fb267451e96855aa7adc50a4bf22a4899bd53c1ad07cec63f60e92bc,DS1__fear_DEAP_DP_TENSxx(3),30.0,750,25.0,0,DS1__fear_DEAP_DP_TENSxx(3),0,750,30.0
DS1__fear_FINAL_DL_Fear(74),/Users/rafiabhista/Documents/code/apple/c1_audio/emomv_2/aria/media/minhdanh/5e31d1e3-0187-4837-8530-60bbac61578f1/home/minhdanh/Documents/EmoMV/Dataset1/DS1_TRAIN_MATCH/fear_FINAL_DL_Fear(74).mp4,fear,1,DS1,match,f2a7b6b1889e819e68db2a2742374050bd04ff32b12f51a9a3f8d49d32f3a555,DS1__fear_FINAL_DL_Fear(74),28.9039,693,23.976,0,DS1__fear_FINAL_DL_Fear(74),0,693,28.9039
DS1__fear_ORG_FEAR(183),/Users/rafiabhista/Documents/code/apple/c1_audio/emomv_2/aria/media/minhdanh/5e31d1e3-0187-4837-8530-60bbac61578f1/home/minhdanh/Documents/EmoMV/Dataset1/DS1_TRAIN_MATCH/fear_ORG_FEAR(183).mp4,fear,1,DS1,match,330a36ad9dc6887915a37e5f480bcca963467ab0c782cb8fb909e7b13e81b183,DS1__fear_ORG_FEAR(183),29.4044,705,23.976,0,DS1__fear_ORG_FEAR(183),0,705,29.4044
DS1__fear_FINAL_DL_Fearr(39),/Users/rafiabhista/Documents/code/apple/c1_audio/emomv_2/aria/media/minhdanh/5e31d1e3-0187-4837-8530-60bbac61578f1/home/minhdanh/Documents/EmoMV/Dataset1/DS1_TRAIN_MATCH/fear_FINAL_DL_Fearr(39).mp4,fear,1,DS1,match,8beb8e5415e0fab6a32baa95649b5185428e55a1169a8fb2aa80b6298472fd0a,DS1__fear_FINAL_DL_Fearr(39),25.44,636,25.0,0,DS1__fear_FINAL_DL_Fearr(39),0,636,25.44
DS1__fear_FINAL_DL_Fear(18),/Users/rafiabhista/Documents/code/apple/c1_audio/emomv_2/aria/media/minhdanh/5e31d1e3-0187-4837-8530-60bbac61578f1/home/minhdanh/Documents/EmoMV/Dataset1/DS1_TRAIN_MATCH/fear_FINAL_DL_Fear(18).mp4,fear,1,DS1,match,bc1bd263ab1d2996d5508027f5c7d373c31b8d2501c27cd1c01f0611e94ca247,DS1__fear_FINAL_DL_Fear(18),27.394,821,29.97,0,DS1__fear_FINAL_DL_Fear(18),0,821,27.394
DS1__fear_ORG_FEAR(257),/Users/rafiabhista/Documents/code/apple/c1_audio/emomv_2/aria/media/minhdanh/5e31d1e3-0187-4837-8530-60bbac61578f1/home/minhdanh/Documents/EmoMV/Dataset1/DS1_TRAIN_MATCH/fear_ORG_FEAR(257).mp4,fear,1,DS1,match,fe4e2dd125ab84d582f1cb3f827c04e292c20ef8b89a75238c3137bf1694f994,DS1__fear_ORG_FEAR(257),30.0634,901,29.97,0,DS1__fear_ORG_FEAR(257),0,901,30.0634
DS1__fear_Fear_FINAL_DL(1),/Users/rafiabhista/Documents/code/apple/c1_audio/emomv_2/aria/media/minhdanh/5e31d1e3-0187-4837-8530-60bbac61578f1/home/minhdanh/Documents/EmoMV/Dataset1/DS1_TRAIN_MATCH/fear_Fear_FINAL_DL(1).mp4,fear,1,DS1,match,c05959e330ed5d2bd0c889fe5bf7c553c69e9ba3fdb4838eff2dfce733641bfa,DS1__fear_Fear_FINAL_DL(1),28.8205,691,23.976,0,DS1__fear_Fear_FINAL_DL(1),0,691,28.8205
DS1__fear_DEAP_DP_TENSxx(9),/Users/rafiabhista/Documents/code/apple/c1_audio/emomv_2/aria/media/minhdanh/5e31d1e3-0187-4837-8530-60bbac61578f1/home/minhdanh/Documents/EmoMV/Dataset1/DS1_TRAIN_MATCH/fear_DEAP_DP_TENSxx(9).mp4,fear,1,DS1,match,044f43843420cf4ac32fb9d6dc1137b07cceb60c1d24e420ce70e7e1747f25f4,DS1__fear_DEAP_DP_TENSxx(9),29.9299,897,29.97,0,DS1__fear_DEAP_DP_TENSxx(9),0,897,29.9299
DS1__fear_ORG_FEAR(266),/Users/rafiabhista/Documents/code/apple/c1_audio/emomv_2/aria/media/minhdanh/5e31d1e3-0187-4837-8530-60bbac61578f1/home/minhdanh/Documents/EmoMV/Dataset1/DS1_TRAIN_MATCH/fear_ORG_FEAR(266).mp4,fear,1,DS1,match,074992ffe5e3fb273cea0a18fd8b6ab72e14c4c14899464049372b15ac476d77,DS1__fear_ORG_FEAR(266),29.7631,892,29.97,0,DS1__fear_ORG_FEAR(266),0,892,29.7631
DS1__fear_ORG_FEAR(112),/Users/rafiabhista/Documents/code/apple/c1_audio/emomv_2/aria/media/minhdanh/5e31d1e3-0187-4837-8530-60bbac61578f1/home/minhdanh/Documents/EmoMV/Dataset1/DS1_TRAIN_MATCH/fear_ORG_FEAR(112).mp4,fear,1,DS1,match,7639293fbc4478010df4077d4eb18432277c40d4373beb1f085cc92a0066a404,DS1__fear_ORG_FEAR(112),31.9583,767,24.0,0,DS1__fear_ORG_FEAR(112),0,767,31.9583
DS1__fear_REVIEW_FEAR(29),/Users/rafiabhista/Documents/code/apple/c1_audio/emomv_2/aria/media/minhdanh/5e31d1e3-0187-4837-8530-60bbac61578f1/home/minhdanh/Documents/EmoMV/Dataset1/DS1_TRAIN_MATCH/fear_REVIEW_FEAR(29).mp4,fear,1,DS1,match,e63f1c37d289760ac622753a0586a706240b51e3b6b55cb005457cf35a166e21,DS1__fear_REVIEW_FEAR(29),29.8632,716,23.976,0,DS1__fear_REVIEW_FEAR(29),0,716,29.8632
DS1__fear_DEAP_DB_HR(25),/Users/rafiabhista/Documents/code/apple/c1_audio/emomv_2/aria/media/minhdanh/5e31d1e3-0187-4837-8530-60bbac61578f1/home/minhdanh/Documents/EmoMV/Dataset1/DS1_TRAIN_MATCH/fear_DEAP_DB_HR(25).mp4,fear,1,DS1,match,7d784a6630dbac8e18bf40cb8f9506fedf3cb7bd7950b925e13adc59a61e007f,DS1__fear_DEAP_DB_HR(25),29.321,703,23.976,0,DS1__fear_DEAP_DB_HR(25),0,703,29.321
DS1__fear_ORG_FEAR(230),/Users/rafiabhista/Documents/code/apple/c1_audio/emomv_2/aria/media/minhdanh/5e31d1e3-0187-4837-8530-60bbac61578f1/home/minhdanh/Documents/EmoMV/Dataset1/DS1_TRAIN_MATCH/fear_ORG_FEAR(230).mp4,fear,1,DS1,match,22a7b7ea173b9350642fe1254f3c28fb8b737db37217a73afb36e1419b9bee38,DS1__fear_ORG_FEAR(230),30.8308,924,29.97,0,DS1__fear_ORG_FEAR(230),0,924,30.8308
DS1__fear_ORG_TENS(98),/Users/rafiabhista/Documents/code/apple/c1_audio/emomv_2/aria/media/minhdanh/5e31d1e3-0187-4837-8530-60bbac61578f1/home/minhdanh/Documents/EmoMV/Dataset1/DS1_TRAIN_MATCH/fear_ORG_TENS(98).mp4,fear,1,DS1,match,fd38735f954842de4b439083d566e34c6ac90c4ccb9e81d57e81e1eb93694527,DS1__fear_ORG_TENS(98),33.32,833,25.0,0,DS1__fear_ORG_TENS(98),0,833,33.32
DS1__fear_TEST_TENS_NN(11)-6-of-8,/Users/rafiabhista/Documents/code/apple/c1_audio/emomv_2/aria/media/minhdanh/5e31d1e3-0187-4837-8530-60bbac61578f1/home/minhdanh/Documents/EmoMV/Dataset1/DS1_TRAIN_MATCH/fear_TEST_TENS_NN(11)-6-of-8.mp4,fear,1,DS1,match,105fdf9c7faf92097cd0699f347eda4c98cd643f76b340b10a987732f8242523,DS1__fear_TEST_TENS_NN(11),29.2375,701,23.976,0,DS1__fear_TEST_TENS_NN(11)-6-of-8,0,701,29.2375
DS1__fear_FEAR_TEST(14)-6-of-9,/Users/rafiabhista/Documents/code/apple/c1_audio/emomv_2/aria/media/minhdanh/5e31d1e3-0187-4837-8530-60bbac61578f1/home/minhdanh/Documents/EmoMV/Dataset1/DS1_TRAIN_MATCH/fear_FEAR_TEST(14)-6-of-9.mp4,fear,1,DS1,match,0cbacbd2c984380be90680228f113a1b28540e6cb588f6b9170c44d59551d94d,DS1__fear_FEAR_TEST(14),28.96,724,25.0,0,DS1__fear_FEAR_TEST(14)-6-of-9,0,724,28.96
DS1__fear_ORG_TENS(32),/Users/rafiabhista/Documents/code/apple/c1_audio/emomv_2/aria/media/minhdanh/5e31d1e3-0187-4837-8530-60bbac61578f1/home/minhdanh/Documents/EmoMV/Dataset1/DS1_TRAIN_MATCH/fear_ORG_TENS(32).mp4,fear,1,DS1,match,25d076370a335359889831c459a022ed9fe6a2cc311844919c47f26214e8ffd5,DS1__fear_ORG_TENS(32),30.6306,918,29.97,0,DS1__fear_ORG_TENS(32),0,918,30.6306
DS1__fear_TEST_MV(73)-4-of-7,/Users/rafiabhista/Documents/code/apple/c1_audio/emomv_2/aria/media/minhdanh/5e31d1e3-0187-4837-8530-60bbac61578f1/home/minhdanh/Documents/EmoMV/Dataset1/DS1_TRAIN_MATCH/fear_TEST_MV(73)-4-of-7.mp4,fear,1,DS1,match,c221117c1887cd30ae9475b042ff6f4007c385fb6ba3404959e2cb2e7edc6120,DS1__fear_TEST_MV(73),29.3627,880,29.97,0,DS1__fear_TEST_MV(73)-4-of-7,0,880,29.3627
DS1__fear_FINAL_DL_Fearr(11),/Users/rafiabhista/Documents/code/apple/c1_audio/emomv_2/aria/media/minhdanh/5e31d1e3-0187-4837-8530-60bbac61578f1/home/minhdanh/Documents/EmoMV/Dataset1/DS1_TRAIN_MATCH/fear_FINAL_DL_Fearr(11).mp4,fear,1,DS1,match,97532c11f4936109bbb41a12479829a476c545866e66755b4bd76395af119d19,DS1__fear_FINAL_DL_Fearr(11),27.9446,670,23.976,0,DS1__fear_FINAL_DL_Fearr(11),0,670,27.9446
DS1__fear_ORG_TENS(101),/Users/rafiabhista/Documents/code/apple/c1_audio/emomv_2/aria/media/minhdanh/5e31d1e3-0187-4837-8530-60bbac61578f1/home/minhdanh/Documents/EmoMV/Dataset1/DS1_TRAIN_MATCH/fear_ORG_TENS(101).mp4,fear,1,DS1,match,e87896fe377703f22313d9cc8b7e53db5874f5ba7a8236553a23c3ce6ee5b840,DS1__fear_ORG_TENS(101),28.2083,677,24.0,0,DS1__fear_ORG_TENS(101),0,677,28.2083
DS1__fear_FINAL_FEAR(16),/Users/rafiabhista/Documents/code/apple/c1_audio/emomv_2/aria/media/minhdanh/5e31d1e3-0187-4837-8530-60bbac61578f1/home/minhdanh/Documents/EmoMV/Dataset1/DS1_TRAIN_MATCH/fear_FINAL_FEAR(16).mp4,fear,1,DS1,match,a32622371b0ecccf9d31533d1d498a02949fcfbfd2135583ce2a5e065532d30e,DS1__fear_FINAL_FEAR(16),29.4628,883,29.97,0,DS1__fear_FINAL_FEAR(16),0,883,29.4628
DS1__fear_LLT_HRR(31),/Users/rafiabhista/Documents/code/apple/c1_audio/emomv_2/aria/media/minhdanh/5e31d1e3-0187-4837-8530-60bbac61578f1/home/minhdanh/Documents/EmoMV/Dataset1/DS1_TRAIN_MATCH/fear_LLT_HRR(31).mp4,fear,1,DS1,match,6fdf7d384857749e8d9a0dc9d6c26cc5e67a5ebf7e89617d003d0988b3fb4904,DS1__fear_LLT_HRR(31),29.321,703,23.976,0,DS1__fear_LLT_HRR(31),0,703,29.321
DS1__fear_LLT_FEAR(11)-7-of-8,/Users/rafiabhista/Documents/code/apple/c1_audio/emomv_2/aria/media/minhdanh/5e31d1e3-0187-4837-8530-60bbac61578f1/home/minhdanh/Documents/EmoMV/Dataset1/DS1_TRAIN_MATCH/fear_LLT_FEAR(11)-7-of-8.mp4,fear,1,DS1,match,f4c6e8bb811920ea516d1b897ef28226f2dea33a10006d1eddaefaf2babb1153,DS1__fear_LLT_FEAR(11),28.1948,676,23.976,0,DS1__fear_LLT_FEAR(11)-7-of-8,0,676,28.1948
DS1__fear_REVIEW_FEAR(5),/Users/rafiabhista/Documents/code/apple/c1_audio/emomv_2/aria/media/minhdanh/5e31d1e3-0187-4837-8530-60bbac61578f1/home/minhdanh/Documents/EmoMV/Dataset1/DS1_TRAIN_MATCH/fear_REVIEW_FEAR(5).mp4,fear,1,DS1,match,2ab0e8d6db130156117c9943c823a3b75380cebdc5b30cb59a59777d28b75294,DS1__fear_REVIEW_FEAR(5),29.08,727,25.0,0,DS1__fear_REVIEW_FEAR(5),0,727,29.08
DS1__fear_REVIEW_FEAR(51),/Users/rafiabhista/Documents/code/apple/c1_audio/emomv_2/aria/media/minhdanh/5e31d1e3-0187-4837-8530-60bbac61578f1/home/minhdanh/Documents/EmoMV/Dataset1/DS1_TRAIN_MATCH/fear_REVIEW_FEAR(51).mp4,fear,1,DS1,match,4c42d9046320b6797e826d19d7b85b1790e2124a56fecec0ea3236b249c371ef,DS1__fear_REVIEW_FEAR(51),29.8,745,25.0,0,DS1__fear_REVIEW_FEAR(51),0,745,29.8
DS1__fear_DEAP_DB_HRR(22),/Users/rafiabhista/Documents/code/apple/c1_audio/emomv_2/aria/media/minhdanh/5e31d1e3-0187-4837-8530-60bbac61578f1/home/minhdanh/Documents/EmoMV/Dataset1/DS1_TRAIN_MATCH/fear_DEAP_DB_HRR(22).mp4,fear,1,DS1,match,7dd787858e40686dbdbd9c8dab5e128f490bd0d6f107a2bbbc098a6603e74c81,DS1__fear_DEAP_DB_HRR(22),29.321,703,23.976,0,DS1__fear_DEAP_DB_HRR(22),0,703,29.321
DS1__fear_22,/Users/rafiabhista/Documents/code/apple/c1_audio/emomv_2/aria/media/minhdanh/5e31d1e3-0187-4837-8530-60bbac61578f1/home/minhdanh/Documents/EmoMV/Dataset1/DS1_TRAIN_MATCH/fear_22.mp4,fear,1,DS1,match,ff9cf041b2ea9ee45eb057ea2a2903cef7d1f2c2be895c237c3ccc314ff87f97,DS1__fear_22,30.03,720,23.976,0,DS1__fear_22,0,720,30.03
DS1__fear_DEAP_DB_HR(26),/Users/rafiabhista/Documents/code/apple/c1_audio/emomv_2/aria/media/minhdanh/5e31d1e3-0187-4837-8530-60bbac61578f1/home/minhdanh/Documents/EmoMV/Dataset1/DS1_TRAIN_MATCH/fear_DEAP_DB_HR(26).mp4,fear,1,DS1,match,10c3597538b1ec33d8695bcfe6e7eb83b0db96857fbcf6496b6b55c9c0ed44ef,DS1__fear_DEAP_DB_HR(26),29.2375,701,23.976,0,DS1__fear_DEAP_DB_HR(26),0,701,29.2375
DS1__fear_TEST_MV(72)-11-of-12,/Users/rafiabhista/Documents/code/apple/c1_audio/emomv_2/aria/media/minhdanh/5e31d1e3-0187-4837-8530-60bbac61578f1/home/minhdanh/Documents/EmoMV/Dataset1/DS1_TRAIN_MATCH/fear_TEST_MV(72)-11-of-12.mp4,fear,1,DS1,match,158d73dd660c7f7ace04048831085a3aee6a7672b48002dcb53f4e44c45b8e56,DS1__fear_TEST_MV(72),29.6963,712,23.976,0,DS1__fear_TEST_MV(72)-11-of-12,0,712,29.6963
DS1__fear_REVIEW_FEAR(15),/Users/rafiabhista/Documents/code/apple/c1_audio/emomv_2/aria/media/minhdanh/5e31d1e3-0187-4837-8530-60bbac61578f1/home/minhdanh/Documents/EmoMV/Dataset1/DS1_TRAIN_MATCH/fear_REVIEW_FEAR(15).mp4,fear,1,DS1,match,1e4d75bf67308df1936248df730382e14ea5c4ba59c092fa26ea7fa07ef07de8,DS1__fear_REVIEW_FEAR(15),29.9049,717,23.976,0,DS1__fear_REVIEW_FEAR(15),0,717,29.9049
DS1__fear_ORG_FEAR(195),/Users/rafiabhista/Documents/code/apple/c1_audio/emomv_2/aria/media/minhdanh/5e31d1e3-0187-4837-8530-60bbac61578f1/home/minhdanh/Documents/EmoMV/Dataset1/DS1_TRAIN_MATCH/fear_ORG_FEAR(195).mp4,fear,1,DS1,match,69f63edc4bded77df270d2a2f90fec4ceda49a80dcb32f9342b4b87c4db7a83d,DS1__fear_ORG_FEAR(195),29.88,747,25.0,0,DS1__fear_ORG_FEAR(195),0,747,29.88
DS1__fear_LLT_DL(12)-2-of-7,/Users/rafiabhista/Documents/code/apple/c1_audio/emomv_2/aria/media/minhdanh/5e31d1e3-0187-4837-8530-60bbac61578f1/home/minhdanh/Documents/EmoMV/Dataset1/DS1_TRAIN_MATCH/fear_LLT_DL(12)-2-of-7.mp4,fear,1,DS1,match,6d9ffc9c0b6b30ad1cfff8795354b698d266397557845d45ffc6871bcba93a41,DS1__fear_LLT_DL(12),28.9039,693,23.976,0,DS1__fear_LLT_DL(12)-2-of-7,0,693,28.9039
DS1__fear_REVIEW_FEAR(12),/Users/rafiabhista/Documents/code/apple/c1_audio/emomv_2/aria/media/minhdanh/5e31d1e3-0187-4837-8530-60bbac61578f1/home/minhdanh/Documents/EmoMV/Dataset1/DS1_TRAIN_MATCH/fear_REVIEW_FEAR(12).mp4,fear,1,DS1,match,7c6f106debf02c45eac694f30eb0899be729174fb2f1d63ff0155de1345ca60c,DS1__fear_REVIEW_FEAR(12),29.8215,715,23.976,0,DS1__fear_REVIEW_FEAR(12),0,715,29.8215
DS1__fear_TEST_MV(74)-7-of-8,/Users/rafiabhista/Documents/code/apple/c1_audio/emomv_2/aria/media/minhdanh/5e31d1e3-0187-4837-8530-60bbac61578f1/home/minhdanh/Documents/EmoMV/Dataset1/DS1_TRAIN_MATCH/fear_TEST_MV(74)-7-of-8.mp4,fear,1,DS1,match,a88fe96e753d55de5520420d4ce0ae5d8ea077f6b71c76c59a0891da1f520853,DS1__fear_TEST_MV(74),29.4583,707,24.0,0,DS1__fear_TEST_MV(74)-7-of-8,0,707,29.4583
DS1__fear_ORG_FEAR(17),/Users/rafiabhista/Documents/code/apple/c1_audio/emomv_2/aria/media/minhdanh/5e31d1e3-0187-4837-8530-60bbac61578f1/home/minhdanh/Documents/EmoMV/Dataset1/DS1_TRAIN_MATCH/fear_ORG_FEAR(17).mp4,fear,1,DS1,match,d28252a352ef7ba519372d981c287df3dd037cd5e29b3d9dc3c2e045f9f998ab,DS1__fear_ORG_FEAR(17),31.0978,932,29.97,0,DS1__fear_ORG_FEAR(17),0,932,31.0978
DS1__fear_ORG_FEAR(58),/Users/rafiabhista/Documents/code/apple/c1_audio/emomv_2/aria/media/minhdanh/5e31d1e3-0187-4837-8530-60bbac61578f1/home/minhdanh/Documents/EmoMV/Dataset1/DS1_TRAIN_MATCH/fear_ORG_FEAR(58).mp4,fear,1,DS1,match,e123922c1e45ca0781841cbbf7f145bb144c632d01ed7a98887040b937421503,DS1__fear_ORG_FEAR(58),32.1154,770,23.976,0,DS1__fear_ORG_FEAR(58),0,770,32.1154
DS1__fear_FINAL_FEAR(26),/Users/rafiabhista/Documents/code/apple/c1_audio/emomv_2/aria/media/minhdanh/5e31d1e3-0187-4837-8530-60bbac61578f1/home/minhdanh/Documents/EmoMV/Dataset1/DS1_TRAIN_MATCH/fear_FINAL_FEAR(26).mp4,fear,1,DS1,match,c2cb32c5d3c9ed1934a720f3156b0a4cdaa566226d687774bdaa53864de84e8a,DS1__fear_FINAL_FEAR(26),29.321,703,23.976,0,DS1__fear_FINAL_FEAR(26),0,703,29.321
DS1__fear_ORG_TENS(29),/Users/rafiabhista/Documents/code/apple/c1_audio/emomv_2/aria/media/minhdanh/5e31d1e3-0187-4837-8530-60bbac61578f1/home/minhdanh/Documents/EmoMV/Dataset1/DS1_TRAIN_MATCH/fear_ORG_TENS(29).mp4,fear,1,DS1,match,f0865cf5e4a9703fa9b7cf58416733d0dc03e2f76124e2abf12384cf0bd2a93a,DS1__fear_ORG_TENS(29),26.4848,635,23.976,0,DS1__fear_ORG_TENS(29),0,635,26.4848
DS1__fear_ORG_FEAR(248),/Users/rafiabhista/Documents/code/apple/c1_audio/emomv_2/aria/media/minhdanh/5e31d1e3-0187-4837-8530-60bbac61578f1/home/minhdanh/Documents/EmoMV/Dataset1/DS1_TRAIN_MATCH/fear_ORG_FEAR(248).mp4,fear,1,DS1,match,935a7685d2852fab276f3719ef61f733fe96fccb38390da99737672e0c631bc9,DS1__fear_ORG_FEAR(248),30.0968,902,29.97,0,DS1__fear_ORG_FEAR(248),0,902,30.0968
DS1__fear_ORG_FEAR(152),/Users/rafiabhista/Documents/code/apple/c1_audio/emomv_2/aria/media/minhdanh/5e31d1e3-0187-4837-8530-60bbac61578f1/home/minhdanh/Documents/EmoMV/Dataset1/DS1_TRAIN_MATCH/fear_ORG_FEAR(152).mp4,fear,1,DS1,match,ef1de9624289e4f49d556097fffb2651bd10536bf8232090a7da22f0139be4ca,DS1__fear_ORG_FEAR(152),28.2365,677,23.976,0,DS1__fear_ORG_FEAR(152),0,677,28.2365
DS1__fear_RELX_MEA(3)-4-of-9,/Users/rafiabhista/Documents/code/apple/c1_audio/emomv_2/aria/media/minhdanh/5e31d1e3-0187-4837-8530-60bbac61578f1/home/minhdanh/Documents/EmoMV/Dataset1/DS1_TRAIN_MATCH/fear_RELX_MEA(3)-4-of-9.mp4,fear,1,DS1,match,c98324d64f9eece241332d4f4446d430c70661784c66e2e6ceea1daf491b8182,DS1__fear_RELX_MEA(3),29.9299,897,29.97,0,DS1__fear_RELX_MEA(3)-4-of-9,0,897,29.9299
DS1__fear_LLT_DL(7)-7-of-8,/Users/rafiabhista/Documents/code/apple/c1_audio/emomv_2/aria/media/minhdanh/5e31d1e3-0187-4837-8530-60bbac61578f1/home/minhdanh/Documents/EmoMV/Dataset1/DS1_TRAIN_MATCH/fear_LLT_DL(7)-7-of-8.mp4,fear,1,DS1,match,6fb1af544c7d3c8c8795dfe77de95af1e4bbdf8afd560731fcb0160fa8d7e59f,DS1__fear_LLT_DL(7),29.6,740,25.0,0,DS1__fear_LLT_DL(7)-7-of-8,0,740,29.6
DS1__fear_FINAL_FEAR(4),/Users/rafiabhista/Documents/code/apple/c1_audio/emomv_2/aria/media/minhdanh/5e31d1e3-0187-4837-8530-60bbac61578f1/home/minhdanh/Documents/EmoMV/Dataset1/DS1_TRAIN_MATCH/fear_FINAL_FEAR(4).mp4,fear,1,DS1,match,435a2232dd974951431225e125a607b0d294baefe101790d92e991a297d8c21b,DS1__fear_FINAL_FEAR(4),26.68,667,25.0,0,DS1__fear_FINAL_FEAR(4),0,667,26.68
DS1__fear_ORG_FEAR(252),/Users/rafiabhista/Documents/code/apple/c1_audio/emomv_2/aria/media/minhdanh/5e31d1e3-0187-4837-8530-60bbac61578f1/home/minhdanh/Documents/EmoMV/Dataset1/DS1_TRAIN_MATCH/fear_ORG_FEAR(252).mp4,fear,1,DS1,match,e208462e620b136ccec52abcac5332500c27cf318a4b912d5bcfcaaf75984ec6,DS1__fear_ORG_FEAR(252),29.6963,890,29.97,0,DS1__fear_ORG_FEAR(252),0,890,29.6963
DS1__fear_ORG_FEAR(83),/Users/rafiabhista/Documents/code/apple/c1_audio/emomv_2/aria/media/minhdanh/5e31d1e3-0187-4837-8530-60bbac61578f1/home/minhdanh/Documents/EmoMV/Dataset1/DS1_TRAIN_MATCH/fear_ORG_FEAR(83).mp4,fear,1,DS1,match,87d338c19924a0582cd01bdcc7bcd7941c203d81f69406c072571cfb32240827,DS1__fear_ORG_FEAR(83),31.4314,942,29.97,0,DS1__fear_ORG_FEAR(83),0,942,31.4314
DS1__fear_ORG_FEAR(355),/Users/rafiabhista/Documents/code/apple/c1_audio/emomv_2/aria/media/minhdanh/5e31d1e3-0187-4837-8530-60bbac61578f1/home/minhdanh/Documents/EmoMV/Dataset1/DS1_TRAIN_MATCH/fear_ORG_FEAR(355).mp4,fear,1,DS1,match,4dc915493bd1b5f74d60fe0b48f15bc58e8396d8b6e97fce50d25d37ba9809ab,DS1__fear_ORG_FEAR(355),31.9652,958,29.9701,0,DS1__fear_ORG_FEAR(355),0,958,31.9652
DS1__fear_ORG_FEAR(26),/Users/rafiabhista/Documents/code/apple/c1_audio/emomv_2/aria/media/minhdanh/5e31d1e3-0187-4837-8530-60bbac61578f1/home/minhdanh/Documents/EmoMV/Dataset1/DS1_TRAIN_MATCH/fear_ORG_FEAR(26).mp4,fear,1,DS1,match,48a7ee53ca6ee050ea82e34442106fe1364ed766410e0c865a8995a9e4753683,DS1__fear_ORG_FEAR(26),29.6296,888,29.97,0,DS1__fear_ORG_FEAR(26),0,888,29.6296
DS1__fear_TEST_MV(69)-2-of-7,/Users/rafiabhista/Documents/code/apple/c1_audio/emomv_2/aria/media/minhdanh/5e31d1e3-0187-4837-8530-60bbac61578f1/home/minhdanh/Documents/EmoMV/Dataset1/DS1_TRAIN_MATCH/fear_TEST_MV(69)-2-of-7.mp4,fear,1,DS1,match,0a7b1d85c6a278b05cd1dbd8779deb33557949136348f50d83f5415d19532a76,DS1__fear_TEST_MV(69),27.6109,662,23.976,0,DS1__fear_TEST_MV(69)-2-of-7,0,662,27.6109
DS1__fear_ORG_RLX(299),/Users/rafiabhista/Documents/code/apple/c1_audio/emomv_2/aria/media/minhdanh/5e31d1e3-0187-4837-8530-60bbac61578f1/home/minhdanh/Documents/EmoMV/Dataset1/DS1_TRAIN_MATCH/fear_ORG_RLX(299).mp4,fear,1,DS1,match,1d6eb5ff737d5777f7bd2e72a9561a60323987cb7097ff8db5c83308dd3b3daa,DS1__fear_ORG_RLX(299),29.8216,715,23.9759,0,DS1__fear_ORG_RLX(299),0,715,29.8216
DS1__fear_ORG_FEAR(287),/Users/rafiabhista/Documents/code/apple/c1_audio/emomv_2/aria/media/minhdanh/5e31d1e3-0187-4837-8530-60bbac61578f1/home/minhdanh/Documents/EmoMV/Dataset1/DS1_TRAIN_MATCH/fear_ORG_FEAR(287).mp4,fear,1,DS1,match,14897f66aacf53d9ca7821350fe223a0825f0ff6e5b304903934c172509230b0,DS1__fear_ORG_FEAR(287),30.2,755,25.0,0,DS1__fear_ORG_FEAR(287),0,755,30.2
DS1__fear_TT(10),/Users/rafiabhista/Documents/code/apple/c1_audio/emomv_2/aria/media/minhdanh/5e31d1e3-0187-4837-8530-60bbac61578f1/home/minhdanh/Documents/EmoMV/Dataset1/DS1_TRAIN_MATCH/fear_TT(10).mp4,fear,1,DS1,match,b080593874ef7c710963504fe38dccc96972fa4506199b6b14f50aa5fab91067,DS1__fear_TT(10),29.72,743,25.0,0,DS1__fear_TT(10),0,743,29.72
DS1__fear_ORG_FEAR(316),/Users/rafiabhista/Documents/code/apple/c1_audio/emomv_2/aria/media/minhdanh/5e31d1e3-0187-4837-8530-60bbac61578f1/home/minhdanh/Documents/EmoMV/Dataset1/DS1_TRAIN_MATCH/fear_ORG_FEAR(316).mp4,fear,1,DS1,match,b8536692ce93a76ee36bfb2edf9fa5ed3b1f32e4907b1e67c3a5ec3385a131df,DS1__fear_ORG_FEAR(316),28.8956,866,29.97,0,DS1__fear_ORG_FEAR(316),0,866,28.8956
DS1__fear_LLT_DL(1)-4-of-7,/Users/rafiabhista/Documents/code/apple/c1_audio/emomv_2/aria/media/minhdanh/5e31d1e3-0187-4837-8530-60bbac61578f1/home/minhdanh/Documents/EmoMV/Dataset1/DS1_TRAIN_MATCH/fear_LLT_DL(1)-4-of-7.mp4,fear,1,DS1,match,f66f40af1ff01fb80726d04cab12d12e6e3161c352696093f8e0062267980e73,DS1__fear_LLT_DL(1),27.68,692,25.0,0,DS1__fear_LLT_DL(1)-4-of-7,0,692,27.68
DS1__fear_TENS_HE(73)-4-of-10,/Users/rafiabhista/Documents/code/apple/c1_audio/emomv_2/aria/media/minhdanh/5e31d1e3-0187-4837-8530-60bbac61578f1/home/minhdanh/Documents/EmoMV/Dataset1/DS1_TRAIN_MATCH/fear_TENS_HE(73)-4-of-10.mp4,fear,1,DS1,match,90bac3c7104116c0089f76d8f7f79d8ee07bfc27c11aa2cc9e44b609b6cfa8db,DS1__fear_TENS_HE(73),29.7964,893,29.97,0,DS1__fear_TENS_HE(73)-4-of-10,0,893,29.7964
DS1__fear_FINAL_DL_Fear(79),/Users/rafiabhista/Documents/code/apple/c1_audio/emomv_2/aria/media/minhdanh/5e31d1e3-0187-4837-8530-60bbac61578f1/home/minhdanh/Documents/EmoMV/Dataset1/DS1_TRAIN_MATCH/fear_FINAL_DL_Fear(79).mp4,fear,1,DS1,match,e69c8a139e2a1adedc80fc7fdc8846fd4b0f95bb12f25b9f0d52b749f3529a49,DS1__fear_FINAL_DL_Fear(79),28.2365,677,23.976,0,DS1__fear_FINAL_DL_Fear(79),0,677,28.2365
DS1__fear_ORG_FEAR(162),/Users/rafiabhista/Documents/code/apple/c1_audio/emomv_2/aria/media/minhdanh/5e31d1e3-0187-4837-8530-60bbac61578f1/home/minhdanh/Documents/EmoMV/Dataset1/DS1_TRAIN_MATCH/fear_ORG_FEAR(162).mp4,fear,1,DS1,match,5aa2ad1811f6bd96f28c1bb19a2c6e12ccfac353f9d202c5ad18ff9f88e3c5f6,DS1__fear_ORG_FEAR(162),28.6536,687,23.9761,0,DS1__fear_ORG_FEAR(162),0,687,28.6536
DS1__fear_ORG_FEAR(29),/Users/rafiabhista/Documents/code/apple/c1_audio/emomv_2/aria/media/minhdanh/5e31d1e3-0187-4837-8530-60bbac61578f1/home/minhdanh/Documents/EmoMV/Dataset1/DS1_TRAIN_MATCH/fear_ORG_FEAR(29).mp4,fear,1,DS1,match,4c764d6b449c602313fd2b6153e0b1365d2b12b635eecc9c397a9958fb5c67da,DS1__fear_ORG_FEAR(29),28.9623,868,29.97,0,DS1__fear_ORG_FEAR(29),0,868,28.9623
DS1__fear_FEAR_TEST(0)-6-of-15,/Users/rafiabhista/Documents/code/apple/c1_audio/emomv_2/aria/media/minhdanh/5e31d1e3-0187-4837-8530-60bbac61578f1/home/minhdanh/Documents/EmoMV/Dataset1/DS1_TRAIN_MATCH/fear_FEAR_TEST(0)-6-of-15.mp4,fear,1,DS1,match,cf38ae692a13287bd5fa8194c27be9d34d58aa4a08a813f2765ebc1a5a7e477c,DS1__fear_FEAR_TEST(0),28.88,722,25.0,0,DS1__fear_FEAR_TEST(0)-6-of-15,0,722,28.88
DS1__fear_LLT_HRR_MO(1),/Users/rafiabhista/Documents/code/apple/c1_audio/emomv_2/aria/media/minhdanh/5e31d1e3-0187-4837-8530-60bbac61578f1/home/minhdanh/Documents/EmoMV/Dataset1/DS1_TRAIN_MATCH/fear_LLT_HRR_MO(1).mp4,fear,1,DS1,match,00defc2424316bf1232b40954f0e224a117a9d9a2ee53434a05e762fc027da4f,DS1__fear_LLT_HRR_MO(1),26.2414,761,29.0,0,DS1__fear_LLT_HRR_MO(1),0,761,26.2414
DS1__fear_DEAP_DB_HR(0),/Users/rafiabhista/Documents/code/apple/c1_audio/emomv_2/aria/media/minhdanh/5e31d1e3-0187-4837-8530-60bbac61578f1/home/minhdanh/Documents/EmoMV/Dataset1/DS1_TRAIN_MATCH/fear_DEAP_DB_HR(0).mp4,fear,1,DS1,match,f38733f7c1e04f3737af3ed65560f64d61c94e673a68856f36a93abe0ac179da,DS1__fear_DEAP_DB_HR(0),25.0,625,25.0,0,DS1__fear_DEAP_DB_HR(0),0,625,25.0
DS1__fear_ORG_FEAR(204),/Users/rafiabhista/Documents/code/apple/c1_audio/emomv_2/aria/media/minhdanh/5e31d1e3-0187-4837-8530-60bbac61578f1/home/minhdanh/Documents/EmoMV/Dataset1/DS1_TRAIN_MATCH/fear_ORG_FEAR(204).mp4,fear,1,DS1,match,639db3fb8d16334c6e903e755ee7280edf2d91b1699c2a2f6c5766cdb174a322,DS1__fear_ORG_FEAR(204),29.6547,711,23.976,0,DS1__fear_ORG_FEAR(204),0,711,29.6547
DS1__fear_ORG_FEAR(145),/Users/rafiabhista/Documents/code/apple/c1_audio/emomv_2/aria/media/minhdanh/5e31d1e3-0187-4837-8530-60bbac61578f1/home/minhdanh/Documents/EmoMV/Dataset1/DS1_TRAIN_MATCH/fear_ORG_FEAR(145).mp4,fear,1,DS1,match,5aea5a6bf8c9fcaecee7bd0c3afee5a6dba8a766a0db788710f25ca7da04c229,DS1__fear_ORG_FEAR(145),29.56,739,25.0,0,DS1__fear_ORG_FEAR(145),0,739,29.56
DS1__fear_DEAP_DB_HR(13),/Users/rafiabhista/Documents/code/apple/c1_audio/emomv_2/aria/media/minhdanh/5e31d1e3-0187-4837-8530-60bbac61578f1/home/minhdanh/Documents/EmoMV/Dataset1/DS1_TRAIN_MATCH/fear_DEAP_DB_HR(13).mp4,fear,1,DS1,match,392c21fcda8a0f2e2a7b1dd3bb00e553ac7fd3e4136d66a8af62305bfce5c1cd,DS1__fear_DEAP_DB_HR(13),29.8632,895,29.97,0,DS1__fear_DEAP_DB_HR(13),0,895,29.8632
DS1__fear_TEST_EXT(22)-3-of-9,/Users/rafiabhista/Documents/code/apple/c1_audio/emomv_2/aria/media/minhdanh/5e31d1e3-0187-4837-8530-60bbac61578f1/home/minhdanh/Documents/EmoMV/Dataset1/DS1_TRAIN_MATCH/fear_TEST_EXT(22)-3-of-9.mp4,fear,1,DS1,match,c9d53692a35e1024b7064b72119ee46b0521acb525a1363adcdb3c5d1f0b5314,DS1__fear_TEST_EXT(22),28.3617,680,23.976,0,DS1__fear_TEST_EXT(22)-3-of-9,0,680,28.3617
DS1__fear_ORG_FEAR(283),/Users/rafiabhista/Documents/code/apple/c1_audio/emomv_2/aria/media/minhdanh/5e31d1e3-0187-4837-8530-60bbac61578f1/home/minhdanh/Documents/EmoMV/Dataset1/DS1_TRAIN_MATCH/fear_ORG_FEAR(283).mp4,fear,1,DS1,match,14d50ec586cb05f67c22962ebcdb5d662f808ea3538f94777db92d654e7808c0,DS1__fear_ORG_FEAR(283),31.0833,746,24.0,0,DS1__fear_ORG_FEAR(283),0,746,31.0833
DS1__fear_ORG_FEAR(62),/Users/rafiabhista/Documents/code/apple/c1_audio/emomv_2/aria/media/minhdanh/5e31d1e3-0187-4837-8530-60bbac61578f1/home/minhdanh/Documents/EmoMV/Dataset1/DS1_TRAIN_MATCH/fear_ORG_FEAR(62).mp4,fear,1,DS1,match,f00a60613ca0a66e5dd7afe1fc3bbc3b225b07e94ab26f5c3c42cce5989a2fd1,DS1__fear_ORG_FEAR(62),28.2283,846,29.9699,0,DS1__fear_ORG_FEAR(62),0,846,28.2283
DS1__fear_61,/Users/rafiabhista/Documents/code/apple/c1_audio/emomv_2/aria/media/minhdanh/5e31d1e3-0187-4837-8530-60bbac61578f1/home/minhdanh/Documents/EmoMV/Dataset1/DS1_TRAIN_MATCH/fear_61.mp4,fear,1,DS1,match,68e644bb390818ed4092e94724cfdae46507c8f56e6c9dbf1dfcf9995032438d,DS1__fear_61,30.03,720,23.976,0,DS1__fear_61,0,720,30.03
DS1__fear_ORG_FEAR(149),/Users/rafiabhista/Documents/code/apple/c1_audio/emomv_2/aria/media/minhdanh/5e31d1e3-0187-4837-8530-60bbac61578f1/home/minhdanh/Documents/EmoMV/Dataset1/DS1_TRAIN_MATCH/fear_ORG_FEAR(149).mp4,fear,1,DS1,match,395afe5699dc5e032db03157ad343304d77d55f470062fb7b8760f7d38e38e26,DS1__fear_ORG_FEAR(149),30.3303,909,29.97,0,DS1__fear_ORG_FEAR(149),0,909,30.3303
DS1__fear_LLT_DL(8)-5-of-9,/Users/rafiabhista/Documents/code/apple/c1_audio/emomv_2/aria/media/minhdanh/5e31d1e3-0187-4837-8530-60bbac61578f1/home/minhdanh/Documents/EmoMV/Dataset1/DS1_TRAIN_MATCH/fear_LLT_DL(8)-5-of-9.mp4,fear,1,DS1,match,011b22bb985fa4c4f6bed54ea45cec11a5f1807f2765127ca1038027027e09cd,DS1__fear_LLT_DL(8),29.6296,888,29.97,0,DS1__fear_LLT_DL(8)-5-of-9,0,888,29.6296
DS1__fear_ORG_FEAR(344),/Users/rafiabhista/Documents/code/apple/c1_audio/emomv_2/aria/media/minhdanh/5e31d1e3-0187-4837-8530-60bbac61578f1/home/minhdanh/Documents/EmoMV/Dataset1/DS1_TRAIN_MATCH/fear_ORG_FEAR(344).mp4,fear,1,DS1,match,e8407075908ff34b07aec743e643b2185017975c7bbd4b421a7d0a0a805091d3,DS1__fear_ORG_FEAR(344),27.5609,826,29.97,0,DS1__fear_ORG_FEAR(344),0,826,27.5609
DS1__fear_FINAL_FEAR(25),/Users/rafiabhista/Documents/code/apple/c1_audio/emomv_2/aria/media/minhdanh/5e31d1e3-0187-4837-8530-60bbac61578f1/home/minhdanh/Documents/EmoMV/Dataset1/DS1_TRAIN_MATCH/fear_FINAL_FEAR(25).mp4,fear,1,DS1,match,ab9bc4101bf6e0d7418f4f0f5c0914cf77891e75d1662d66175a75c239394a18,DS1__fear_FINAL_FEAR(25),29.321,703,23.976,0,DS1__fear_FINAL_FEAR(25),0,703,29.321
DS1__fear_ORG_FEAR(182),/Users/rafiabhista/Documents/code/apple/c1_audio/emomv_2/aria/media/minhdanh/5e31d1e3-0187-4837-8530-60bbac61578f1/home/minhdanh/Documents/EmoMV/Dataset1/DS1_TRAIN_MATCH/fear_ORG_FEAR(182).mp4,fear,1,DS1,match,26c8e7592873adad9e5d5dd748bd1c1080060e82ce92f732dd27101af68b6efe,DS1__fear_ORG_FEAR(182),30.6972,736,23.9761,0,DS1__fear_ORG_FEAR(182),0,736,30.6972
DS1__fear_ORG_FEAR(65),/Users/rafiabhista/Documents/code/apple/c1_audio/emomv_2/aria/media/minhdanh/5e31d1e3-0187-4837-8530-60bbac61578f1/home/minhdanh/Documents/EmoMV/Dataset1/DS1_TRAIN_MATCH/fear_ORG_FEAR(65).mp4,fear,1,DS1,match,888e64015235434a450678ff6564941cdd47d9bb9d06557ee64a90a0a93180b9,DS1__fear_ORG_FEAR(65),30.1969,905,29.9699,0,DS1__fear_ORG_FEAR(65),0,905,30.1969
DS1__fear_LLT_DL(6)-2-of-8,/Users/rafiabhista/Documents/code/apple/c1_audio/emomv_2/aria/media/minhdanh/5e31d1e3-0187-4837-8530-60bbac61578f1/home/minhdanh/Documents/EmoMV/Dataset1/DS1_TRAIN_MATCH/fear_LLT_DL(6)-2-of-8.mp4,fear,1,DS1,match,e20b4a68bad6242f0f70e07c199ee62749d368cace10004594745d98d184e4b1,DS1__fear_LLT_DL(6),28.12,703,25.0,0,DS1__fear_LLT_DL(6)-2-of-8,0,703,28.12
DS1__fear_TEST_MV(72)-5-of-12,/Users/rafiabhista/Documents/code/apple/c1_audio/emomv_2/aria/media/minhdanh/5e31d1e3-0187-4837-8530-60bbac61578f1/home/minhdanh/Documents/EmoMV/Dataset1/DS1_TRAIN_MATCH/fear_TEST_MV(72)-5-of-12.mp4,fear,1,DS1,match,35178a515255771bc35850b2787ed80d7e53bccf03bf79ae83e794f980b4a7dc,DS1__fear_TEST_MV(72),29.1541,699,23.976,0,DS1__fear_TEST_MV(72)-5-of-12,0,699,29.1541
DS1__fear_ORG_TENS(355),/Users/rafiabhista/Documents/code/apple/c1_audio/emomv_2/aria/media/minhdanh/5e31d1e3-0187-4837-8530-60bbac61578f1/home/minhdanh/Documents/EmoMV/Dataset1/DS1_TRAIN_MATCH/fear_ORG_TENS(355).mp4,fear,1,DS1,match,60d0a82d531392935690f5f90dc3062fdcd62b2959e31410f3a50d6bb08aec24,DS1__fear_ORG_TENS(355),29.2376,701,23.976,0,DS1__fear_ORG_TENS(355),0,701,29.2376
DS1__fear_ORG_FEAR(75),/Users/rafiabhista/Documents/code/apple/c1_audio/emomv_2/aria/media/minhdanh/5e31d1e3-0187-4837-8530-60bbac61578f1/home/minhdanh/Documents/EmoMV/Dataset1/DS1_TRAIN_MATCH/fear_ORG_FEAR(75).mp4,fear,1,DS1,match,8762ea4e0b8f88955dcac241ffa209f489d160c57c523699ae8e186f01a4527c,DS1__fear_ORG_FEAR(75),29.2793,702,23.976,0,DS1__fear_ORG_FEAR(75),0,702,29.2793
DS1__fear_FINAL_DL_Fear(49),/Users/rafiabhista/Documents/code/apple/c1_audio/emomv_2/aria/media/minhdanh/5e31d1e3-0187-4837-8530-60bbac61578f1/home/minhdanh/Documents/EmoMV/Dataset1/DS1_TRAIN_MATCH/fear_FINAL_DL_Fear(49).mp4,fear,1,DS1,match,c3cf3de13adc52c88c445619f71c57a1637818fa3fa7415e3774ea5e2612b100,DS1__fear_FINAL_DL_Fear(49),29.1625,874,29.97,0,DS1__fear_FINAL_DL_Fear(49),0,874,29.1625
DS1__fear_TEST_MV(68)-2-of-10,/Users/rafiabhista/Documents/code/apple/c1_audio/emomv_2/aria/media/minhdanh/5e31d1e3-0187-4837-8530-60bbac61578f1/home/minhdanh/Documents/EmoMV/Dataset1/DS1_TRAIN_MATCH/fear_TEST_MV(68)-2-of-10.mp4,fear,1,DS1,match,44f557f9d2786e90ff4c44ee089302f19943f4486209faec8e5c470911a3cf3a,DS1__fear_TEST_MV(68),29.321,703,23.976,0,DS1__fear_TEST_MV(68)-2-of-10,0,703,29.321
DS1__fear_REVIEW_NTRL(48),/Users/rafiabhista/Documents/code/apple/c1_audio/emomv_2/aria/media/minhdanh/5e31d1e3-0187-4837-8530-60bbac61578f1/home/minhdanh/Documents/EmoMV/Dataset1/DS1_TRAIN_MATCH/fear_REVIEW_NTRL(48).mp4,fear,1,DS1,match,bfadfe150ed6e832b6fc35a6756116c0831ee86fed73dde461e0547f050dcda1,DS1__fear_REVIEW_NTRL(48),29.72,743,25.0,0,DS1__fear_REVIEW_NTRL(48),0,743,29.72
DS1__fear_REVIEW_FEAR(10),/Users/rafiabhista/Documents/code/apple/c1_audio/emomv_2/aria/media/minhdanh/5e31d1e3-0187-4837-8530-60bbac61578f1/home/minhdanh/Documents/EmoMV/Dataset1/DS1_TRAIN_MATCH/fear_REVIEW_FEAR(10).mp4,fear,1,DS1,match,5c6c132e7ff0b765095b51321c79b788fde14776cacdd493415551ef807ee974,DS1__fear_REVIEW_FEAR(10),29.9299,897,29.97,0,DS1__fear_REVIEW_FEAR(10),0,897,29.9299
DS1__fear_ORG_FEAR(309),/Users/rafiabhista/Documents/code/apple/c1_audio/emomv_2/aria/media/minhdanh/5e31d1e3-0187-4837-8530-60bbac61578f1/home/minhdanh/Documents/EmoMV/Dataset1/DS1_TRAIN_MATCH/fear_ORG_FEAR(309).mp4,fear,1,DS1,match,9445e9599d9d9f97b21e4087875e93791860fa4bc6181a92a805a50d61a4c27e,DS1__fear_ORG_FEAR(309),30.6333,919,30.0,0,DS1__fear_ORG_FEAR(309),0,919,30.6333
DS1__fear_ORG_FEAR(199),/Users/rafiabhista/Documents/code/apple/c1_audio/emomv_2/aria/media/minhdanh/5e31d1e3-0187-4837-8530-60bbac61578f1/home/minhdanh/Documents/EmoMV/Dataset1/DS1_TRAIN_MATCH/fear_ORG_FEAR(199).mp4,fear,1,DS1,match,dc2e72c0ae06433e2dd2df18dff5bab54b070a840d16e8a8f866719b77264b81,DS1__fear_ORG_FEAR(199),29.7631,892,29.97,0,DS1__fear_ORG_FEAR(199),0,892,29.7631
DS1__fear_Exciting_MV_NC2(45)-2-of-10,/Users/rafiabhista/Documents/code/apple/c1_audio/emomv_2/aria/media/minhdanh/5e31d1e3-0187-4837-8530-60bbac61578f1/home/minhdanh/Documents/EmoMV/Dataset1/DS1_TRAIN_MATCH/fear_Exciting_MV_NC2(45)-2-of-10.mp4,fear,1,DS1,match,12b853812f1c3daabddc7770d12e38771d6fcdfefbcc00d4aea1acc5c02d92c6,DS1__fear_Exciting_MV_NC2(45),30.0,750,25.0,0,DS1__fear_Exciting_MV_NC2(45)-2-of-10,0,750,30.0
DS1__fear_ORG_FEAR(97),/Users/rafiabhista/Documents/code/apple/c1_audio/emomv_2/aria/media/minhdanh/5e31d1e3-0187-4837-8530-60bbac61578f1/home/minhdanh/Documents/EmoMV/Dataset1/DS1_TRAIN_MATCH/fear_ORG_FEAR(97).mp4,fear,1,DS1,match,e4154701a01d9584b667fed2494dd23d5735599b004284d6efa3714521064676,DS1__fear_ORG_FEAR(97),31.24,781,25.0,0,DS1__fear_ORG_FEAR(97),0,781,31.24
DS1__fear_TT(16),/Users/rafiabhista/Documents/code/apple/c1_audio/emomv_2/aria/media/minhdanh/5e31d1e3-0187-4837-8530-60bbac61578f1/home/minhdanh/Documents/EmoMV/Dataset1/DS1_TRAIN_MATCH/fear_TT(16).mp4,fear,1,DS1,match,29c8223aaa0c28e07b3a4ab6775e7ef6eec4e5b2f568f8f2c14460eef899cc94,DS1__fear_TT(16),29.6297,888,29.9699,0,DS1__fear_TT(16),0,888,29.6297
DS1__fear_DEAP_DB_HR(14),/Users/rafiabhista/Documents/code/apple/c1_audio/emomv_2/aria/media/minhdanh/5e31d1e3-0187-4837-8530-60bbac61578f1/home/minhdanh/Documents/EmoMV/Dataset1/DS1_TRAIN_MATCH/fear_DEAP_DB_HR(14).mp4,fear,1,DS1,match,c4b6d7b6c5f532131479e579940b665f744a903fe190121ae9a606c68b7e4b97,DS1__fear_DEAP_DB_HR(14),28.72,718,25.0,0,DS1__fear_DEAP_DB_HR(14),0,718,28.72
DS1__fear_ORG_FEAR(340),/Users/rafiabhista/Documents/code/apple/c1_audio/emomv_2/aria/media/minhdanh/5e31d1e3-0187-4837-8530-60bbac61578f1/home/minhdanh/Documents/EmoMV/Dataset1/DS1_TRAIN_MATCH/fear_ORG_FEAR(340).mp4,fear,1,DS1,match,3ce5457a8d2dd6b87b87ecee49d36d086ab1a617e68d91f6b78db11c147c8836,DS1__fear_ORG_FEAR(340),26.9018,645,23.9761,0,DS1__fear_ORG_FEAR(340),0,645,26.9018
DS1__fear_LLT_DL(5)-4-of-8,/Users/rafiabhista/Documents/code/apple/c1_audio/emomv_2/aria/media/minhdanh/5e31d1e3-0187-4837-8530-60bbac61578f1/home/minhdanh/Documents/EmoMV/Dataset1/DS1_TRAIN_MATCH/fear_LLT_DL(5)-4-of-8.mp4,fear,1,DS1,match,d8e080b0978a3e44442cf4977640b2a5c74cac06f2ea17fbf84ffaf58e4161c8,DS1__fear_LLT_DL(5),27.8612,668,23.976,0,DS1__fear_LLT_DL(5)-4-of-8,0,668,27.8612
DS1__fear_57,/Users/rafiabhista/Documents/code/apple/c1_audio/emomv_2/aria/media/minhdanh/5e31d1e3-0187-4837-8530-60bbac61578f1/home/minhdanh/Documents/EmoMV/Dataset1/DS1_TRAIN_MATCH/fear_57.mp4,fear,1,DS1,match,44ea26d04a784116ceb8246e74cc37d23f45f8b08ecb891ede79a901e7145975,DS1__fear_57,30.03,720,23.976,0,DS1__fear_57,0,720,30.03
DS1__fear_ORG_TENS(27),/Users/rafiabhista/Documents/code/apple/c1_audio/emomv_2/aria/media/minhdanh/5e31d1e3-0187-4837-8530-60bbac61578f1/home/minhdanh/Documents/EmoMV/Dataset1/DS1_TRAIN_MATCH/fear_ORG_TENS(27).mp4,fear,1,DS1,match,04621648fe8b7514540e795cf5c1af638359ac92eec828220607ea3264bee3eb,DS1__fear_ORG_TENS(27),31.3647,752,23.976,0,DS1__fear_ORG_TENS(27),0,752,31.3647
DS1__fear_FINAL_FEAR(13),/Users/rafiabhista/Documents/code/apple/c1_audio/emomv_2/aria/media/minhdanh/5e31d1e3-0187-4837-8530-60bbac61578f1/home/minhdanh/Documents/EmoMV/Dataset1/DS1_TRAIN_MATCH/fear_FINAL_FEAR(13).mp4,fear,1,DS1,match,61231bd8476813aa9a80b6670faa3d97a795cecf98a917d6d5358cccb2328fb4,DS1__fear_FINAL_FEAR(13),28.662,859,29.97,0,DS1__fear_FINAL_FEAR(13),0,859,28.662
DS1__fear_ORG_FEAR(53),/Users/rafiabhista/Documents/code/apple/c1_audio/emomv_2/aria/media/minhdanh/5e31d1e3-0187-4837-8530-60bbac61578f1/home/minhdanh/Documents/EmoMV/Dataset1/DS1_TRAIN_MATCH/fear_ORG_FEAR(53).mp4,fear,1,DS1,match,0bd92b5afe725d86d03448e644d9cee5acbbdd81b053f724d80e3104aaab47f3,DS1__fear_ORG_FEAR(53),30.6306,918,29.97,0,DS1__fear_ORG_FEAR(53),0,918,30.6306
DS1__fear_ORG_FEAR(156),/Users/rafiabhista/Documents/code/apple/c1_audio/emomv_2/aria/media/minhdanh/5e31d1e3-0187-4837-8530-60bbac61578f1/home/minhdanh/Documents/EmoMV/Dataset1/DS1_TRAIN_MATCH/fear_ORG_FEAR(156).mp4,fear,1,DS1,match,bee2f928318e7719c59d705687daf353bdd2805efc1770e0ad07bc567854b89e,DS1__fear_ORG_FEAR(156),31.448,754,23.9761,0,DS1__fear_ORG_FEAR(156),0,754,31.448
DS1__fear_TEST_MV(72)-9-of-12,/Users/rafiabhista/Documents/code/apple/c1_audio/emomv_2/aria/media/minhdanh/5e31d1e3-0187-4837-8530-60bbac61578f1/home/minhdanh/Documents/EmoMV/Dataset1/DS1_TRAIN_MATCH/fear_TEST_MV(72)-9-of-12.mp4,fear,1,DS1,match,d5814e15b72555c5b7658c460383a502eb2f1cf05d0282aacb4af91e1b9d7de5,DS1__fear_TEST_MV(72),29.4878,707,23.976,0,DS1__fear_TEST_MV(72)-9-of-12,0,707,29.4878
DS1__fear_FINAL_DL_Fearr(3),/Users/rafiabhista/Documents/code/apple/c1_audio/emomv_2/aria/media/minhdanh/5e31d1e3-0187-4837-8530-60bbac61578f1/home/minhdanh/Documents/EmoMV/Dataset1/DS1_TRAIN_MATCH/fear_FINAL_DL_Fearr(3).mp4,fear,1,DS1,match,9bd47162937ddef6ca1d71b685f2c29e5525726ef4ab1be194680c2f989142d4,DS1__fear_FINAL_DL_Fearr(3),29.88,747,25.0,0,DS1__fear_FINAL_DL_Fearr(3),0,747,29.88
DS1__fear_ORG_FEAR(41),/Users/rafiabhista/Documents/code/apple/c1_audio/emomv_2/aria/media/minhdanh/5e31d1e3-0187-4837-8530-60bbac61578f1/home/minhdanh/Documents/EmoMV/Dataset1/DS1_TRAIN_MATCH/fear_ORG_FEAR(41).mp4,fear,1,DS1,match,d16cf6fc13a664dbac8e5c1bd3aa75748a56a387a4987312486ab4ba56788078,DS1__fear_ORG_FEAR(41),29.2793,702,23.976,0,DS1__fear_ORG_FEAR(41),0,702,29.2793
DS1__fear_ORG_FEAR(170),/Users/rafiabhista/Documents/code/apple/c1_audio/emomv_2/aria/media/minhdanh/5e31d1e3-0187-4837-8530-60bbac61578f1/home/minhdanh/Documents/EmoMV/Dataset1/DS1_TRAIN_MATCH/fear_ORG_FEAR(170).mp4,fear,1,DS1,match,b29872d0ef6a51fe565ab5e932aaf6c6e4888d6ce72ceaaade0e5f914f5e1c22,DS1__fear_ORG_FEAR(170),30.4471,730,23.976,0,DS1__fear_ORG_FEAR(170),0,730,30.4471
DS1__fear_ORG_FEAR(34),/Users/rafiabhista/Documents/code/apple/c1_audio/emomv_2/aria/media/minhdanh/5e31d1e3-0187-4837-8530-60bbac61578f1/home/minhdanh/Documents/EmoMV/Dataset1/DS1_TRAIN_MATCH/fear_ORG_FEAR(34).mp4,fear,1,DS1,match,8d8f458bb9ed090c872ed8de2f2defcf775101529e6f16a798bf67e5088a7158,DS1__fear_ORG_FEAR(34),30.12,753,25.0,0,DS1__fear_ORG_FEAR(34),0,753,30.12
DS1__fear_ORG_FEAR(101),/Users/rafiabhista/Documents/code/apple/c1_audio/emomv_2/aria/media/minhdanh/5e31d1e3-0187-4837-8530-60bbac61578f1/home/minhdanh/Documents/EmoMV/Dataset1/DS1_TRAIN_MATCH/fear_ORG_FEAR(101).mp4,fear,1,DS1,match,1fd42abb7393e2e26c66fba0dd7d85f9f76072b39d8533762c2763ce34884758,DS1__fear_ORG_FEAR(101),28.5333,856,30.0,0,DS1__fear_ORG_FEAR(101),0,856,28.5333
DS1__fear_ORG_FEAR(122),/Users/rafiabhista/Documents/code/apple/c1_audio/emomv_2/aria/media/minhdanh/5e31d1e3-0187-4837-8530-60bbac61578f1/home/minhdanh/Documents/EmoMV/Dataset1/DS1_TRAIN_MATCH/fear_ORG_FEAR(122).mp4,fear,1,DS1,match,0f644e81a98d1f1ff031633e6edfa09372c1b9c37214cac729122b0b0c09511d,DS1__fear_ORG_FEAR(122),29.8632,716,23.976,0,DS1__fear_ORG_FEAR(122),0,716,29.8632
DS1__fear_TENS_LLT(8)-7-of-8,/Users/rafiabhista/Documents/code/apple/c1_audio/emomv_2/aria/media/minhdanh/5e31d1e3-0187-4837-8530-60bbac61578f1/home/minhdanh/Documents/EmoMV/Dataset1/DS1_TRAIN_MATCH/fear_TENS_LLT(8)-7-of-8.mp4,fear,1,DS1,match,3576e3ef7a4d2a3107103d8cad6888af473e1384975385f4cba05a67c5d2efdc,DS1__fear_TENS_LLT(8),29.2,876,30.0,0,DS1__fear_TENS_LLT(8)-7-of-8,0,876,29.2
DS1__fear_ORG_FEAR(178),/Users/rafiabhista/Documents/code/apple/c1_audio/emomv_2/aria/media/minhdanh/5e31d1e3-0187-4837-8530-60bbac61578f1/home/minhdanh/Documents/EmoMV/Dataset1/DS1_TRAIN_MATCH/fear_ORG_FEAR(178).mp4,fear,1,DS1,match,012a4240619774e88c3ad7c8fc458346c518ff468721589472a1cb71f4fc56fb,DS1__fear_ORG_FEAR(178),29.5294,708,23.9761,0,DS1__fear_ORG_FEAR(178),0,708,29.5294
DS1__fear_ORG_FEAR(352),/Users/rafiabhista/Documents/code/apple/c1_audio/emomv_2/aria/media/minhdanh/5e31d1e3-0187-4837-8530-60bbac61578f1/home/minhdanh/Documents/EmoMV/Dataset1/DS1_TRAIN_MATCH/fear_ORG_FEAR(352).mp4,fear,1,DS1,match,68fe41d3851d5774027ac70775aff075a7c49a95547b037406ba7e5717578bd0,DS1__fear_ORG_FEAR(352),30.36,759,25.0,0,DS1__fear_ORG_FEAR(352),0,759,30.36
DS1__fear_FINAL_DL_Fear(52),/Users/rafiabhista/Documents/code/apple/c1_audio/emomv_2/aria/media/minhdanh/5e31d1e3-0187-4837-8530-60bbac61578f1/home/minhdanh/Documents/EmoMV/Dataset1/DS1_TRAIN_MATCH/fear_FINAL_DL_Fear(52).mp4,fear,1,DS1,match,556d93bd79bf024a76cae6f35b7135ff5b4df832140f6f95c5b23c14cd3060df,DS1__fear_FINAL_DL_Fear(52),25.2252,756,29.97,0,DS1__fear_FINAL_DL_Fear(52),0,756,25.2252
DS1__fear_ORG_FEAR(120),/Users/rafiabhista/Documents/code/apple/c1_audio/emomv_2/aria/media/minhdanh/5e31d1e3-0187-4837-8530-60bbac61578f1/home/minhdanh/Documents/EmoMV/Dataset1/DS1_TRAIN_MATCH/fear_ORG_FEAR(120).mp4,fear,1,DS1,match,d3edb424cdfce3b806328ac5d5aa5457257048eb58920b08361d48e2ca245292,DS1__fear_ORG_FEAR(120),29.56,739,25.0,0,DS1__fear_ORG_FEAR(120),0,739,29.56
DS1__fear_LLT_FEAR(6)-10-of-19,/Users/rafiabhista/Documents/code/apple/c1_audio/emomv_2/aria/media/minhdanh/5e31d1e3-0187-4837-8530-60bbac61578f1/home/minhdanh/Documents/EmoMV/Dataset1/DS1_TRAIN_MATCH/fear_LLT_FEAR(6)-10-of-19.mp4,fear,1,DS1,match,fffd70db61b50e43f3f2f863a7e6802c2fbe18e0f3849fe6b131a8b6ddfc051d,DS1__fear_LLT_FEAR(6),29.76,744,25.0,0,DS1__fear_LLT_FEAR(6)-10-of-19,0,744,29.76
DS1__fear_ORG_FEAR(279),/Users/rafiabhista/Documents/code/apple/c1_audio/emomv_2/aria/media/minhdanh/5e31d1e3-0187-4837-8530-60bbac61578f1/home/minhdanh/Documents/EmoMV/Dataset1/DS1_TRAIN_MATCH/fear_ORG_FEAR(279).mp4,fear,1,DS1,match,f198a44b0de0439c349520fd95333c1c18df3b4e6cc752a82fdd1e7500b35345,DS1__fear_ORG_FEAR(279),27.7611,832,29.97,0,DS1__fear_ORG_FEAR(279),0,832,27.7611
DS1__fear_ORG_FEAR(52),/Users/rafiabhista/Documents/code/apple/c1_audio/emomv_2/aria/media/minhdanh/5e31d1e3-0187-4837-8530-60bbac61578f1/home/minhdanh/Documents/EmoMV/Dataset1/DS1_TRAIN_MATCH/fear_ORG_FEAR(52).mp4,fear,1,DS1,match,9dd9d9eb3f9616bc155a50aa063dda49a803a9d3a63f8ddf7132702f8d45662c,DS1__fear_ORG_FEAR(52),26.8936,806,29.97,0,DS1__fear_ORG_FEAR(52),0,806,26.8936
DS1__fear_FINAL_FEAR(6),/Users/rafiabhista/Documents/code/apple/c1_audio/emomv_2/aria/media/minhdanh/5e31d1e3-0187-4837-8530-60bbac61578f1/home/minhdanh/Documents/EmoMV/Dataset1/DS1_TRAIN_MATCH/fear_FINAL_FEAR(6).mp4,fear,1,DS1,match,0275e7e40aa9bd7718882816d508429d687f3be43b04367a809f6fca5a9c0d83,DS1__fear_FINAL_FEAR(6),27.36,684,25.0,0,DS1__fear_FINAL_FEAR(6),0,684,27.36
DS1__fear_REVIEW_FEAR(0),/Users/rafiabhista/Documents/code/apple/c1_audio/emomv_2/aria/media/minhdanh/5e31d1e3-0187-4837-8530-60bbac61578f1/home/minhdanh/Documents/EmoMV/Dataset1/DS1_TRAIN_MATCH/fear_REVIEW_FEAR(0).mp4,fear,1,DS1,match,29dec7e5a70c392f351ad7a4e5135ec75f3d221707a0c46b40c1ffd381ed6a65,DS1__fear_REVIEW_FEAR(0),29.4628,883,29.97,0,DS1__fear_REVIEW_FEAR(0),0,883,29.4628
DS1__fear_ORG_FEAR(327),/Users/rafiabhista/Documents/code/apple/c1_audio/emomv_2/aria/media/minhdanh/5e31d1e3-0187-4837-8530-60bbac61578f1/home/minhdanh/Documents/EmoMV/Dataset1/DS1_TRAIN_MATCH/fear_ORG_FEAR(327).mp4,fear,1,DS1,match,96f094badc33ecfde120eda0678adcfc0154f8a5c980923462b97cfcd7695d65,DS1__fear_ORG_FEAR(327),29.4962,884,29.97,0,DS1__fear_ORG_FEAR(327),0,884,29.4962
DS1__fear_TT(4),/Users/rafiabhista/Documents/code/apple/c1_audio/emomv_2/aria/media/minhdanh/5e31d1e3-0187-4837-8530-60bbac61578f1/home/minhdanh/Documents/EmoMV/Dataset1/DS1_TRAIN_MATCH/fear_TT(4).mp4,fear,1,DS1,match,09c4f9108a714f8126e4f7b50e4bba18b1a9ece0b1bd37ae7466acbb0d7d1ea9,DS1__fear_TT(4),28.662,859,29.97,0,DS1__fear_TT(4),0,859,28.662
DS1__fear_112,/Users/rafiabhista/Documents/code/apple/c1_audio/emomv_2/aria/media/minhdanh/5e31d1e3-0187-4837-8530-60bbac61578f1/home/minhdanh/Documents/EmoMV/Dataset1/DS1_TRAIN_MATCH/fear_112.mp4,fear,1,DS1,match,5ede22e6aa28efe9c909e556aab7fdcda8d55e39da9351c8f171aab57b3b7ab9,DS1__fear_112,30.03,900,29.97,0,DS1__fear_112,0,900,30.03
DS1__fear_ORG_FEAR(345),/Users/rafiabhista/Documents/code/apple/c1_audio/emomv_2/aria/media/minhdanh/5e31d1e3-0187-4837-8530-60bbac61578f1/home/minhdanh/Documents/EmoMV/Dataset1/DS1_TRAIN_MATCH/fear_ORG_FEAR(345).mp4,fear,1,DS1,match,2608e58fa985946ecf58de94a66d879ed61946c82924da3fc90525e7c664c8c0,DS1__fear_ORG_FEAR(345),29.7297,891,29.97,0,DS1__fear_ORG_FEAR(345),0,891,29.7297
DS1__fear_FINAL_FEAR(11),/Users/rafiabhista/Documents/code/apple/c1_audio/emomv_2/aria/media/minhdanh/5e31d1e3-0187-4837-8530-60bbac61578f1/home/minhdanh/Documents/EmoMV/Dataset1/DS1_TRAIN_MATCH/fear_FINAL_FEAR(11).mp4,fear,1,DS1,match,5b4d532ed49156bdd0f7fd034e31387c5de2317489a3024a0a459ab12b82a256,DS1__fear_FINAL_FEAR(11),25.7257,771,29.97,0,DS1__fear_FINAL_FEAR(11),0,771,25.7257
DS1__fear_FINAL_DL_Fearr(57),/Users/rafiabhista/Documents/code/apple/c1_audio/emomv_2/aria/media/minhdanh/5e31d1e3-0187-4837-8530-60bbac61578f1/home/minhdanh/Documents/EmoMV/Dataset1/DS1_TRAIN_MATCH/fear_FINAL_DL_Fearr(57).mp4,fear,1,DS1,match,4470bedef5d271b60e91082349f8d67cca095f04da1c1f590bb38a8699fc6dd2,DS1__fear_FINAL_DL_Fearr(57),24.7247,741,29.97,0,DS1__fear_FINAL_DL_Fearr(57),0,741,24.7247
DS1__fear_ORG_FEAR(144),/Users/rafiabhista/Documents/code/apple/c1_audio/emomv_2/aria/media/minhdanh/5e31d1e3-0187-4837-8530-60bbac61578f1/home/minhdanh/Documents/EmoMV/Dataset1/DS1_TRAIN_MATCH/fear_ORG_FEAR(144).mp4,fear,1,DS1,match,25b186825eac473f0edfd8edd9dae850c016579246dd7a58bf542833d70be9fb,DS1__fear_ORG_FEAR(144),29.5295,708,23.976,0,DS1__fear_ORG_FEAR(144),0,708,29.5295
DS1__fear_ORG_FEAR(298),/Users/rafiabhista/Documents/code/apple/c1_audio/emomv_2/aria/media/minhdanh/5e31d1e3-0187-4837-8530-60bbac61578f1/home/minhdanh/Documents/EmoMV/Dataset1/DS1_TRAIN_MATCH/fear_ORG_FEAR(298).mp4,fear,1,DS1,match,9c5f0c2cfee16c075effe1633e6208443fdf4c7be4d47f53bde73067c8066de3,DS1__fear_ORG_FEAR(298),29.4962,884,29.9699,0,DS1__fear_ORG_FEAR(298),0,884,29.4962
DS1__fear_ORG_FEAR(224),/Users/rafiabhista/Documents/code/apple/c1_audio/emomv_2/aria/media/minhdanh/5e31d1e3-0187-4837-8530-60bbac61578f1/home/minhdanh/Documents/EmoMV/Dataset1/DS1_TRAIN_MATCH/fear_ORG_FEAR(224).mp4,fear,1,DS1,match,caa53cd20228e4abd17618b2f3b0deb240af21063cb7ad5bc9ebaee0fed9a0dc,DS1__fear_ORG_FEAR(224),29.3293,879,29.97,0,DS1__fear_ORG_FEAR(224),0,879,29.3293
DS1__fear_REVIEW_TENS(8),/Users/rafiabhista/Documents/code/apple/c1_audio/emomv_2/aria/media/minhdanh/5e31d1e3-0187-4837-8530-60bbac61578f1/home/minhdanh/Documents/EmoMV/Dataset1/DS1_TRAIN_MATCH/fear_REVIEW_TENS(8).mp4,fear,1,DS1,match,acc9002123eac237e74fd937f406078f825f3e53a37bc9b3e2a5c864a410f4d5,DS1__fear_REVIEW_TENS(8),30.0,720,24.0,0,DS1__fear_REVIEW_TENS(8),0,720,30.0
DS1__fear_ORG_FEAR(24),/Users/rafiabhista/Documents/code/apple/c1_audio/emomv_2/aria/media/minhdanh/5e31d1e3-0187-4837-8530-60bbac61578f1/home/minhdanh/Documents/EmoMV/Dataset1/DS1_TRAIN_MATCH/fear_ORG_FEAR(24).mp4,fear,1,DS1,match,f851f792e37d8e41670f661a6f8011a9e293f36bded06529661abaf4efa932c1,DS1__fear_ORG_FEAR(24),29.84,746,25.0,0,DS1__fear_ORG_FEAR(24),0,746,29.84
DS1__fear_ORG_FEAR(148),/Users/rafiabhista/Documents/code/apple/c1_audio/emomv_2/aria/media/minhdanh/5e31d1e3-0187-4837-8530-60bbac61578f1/home/minhdanh/Documents/EmoMV/Dataset1/DS1_TRAIN_MATCH/fear_ORG_FEAR(148).mp4,fear,1,DS1,match,ab12e06fecdb0bb98df29e5ddcd92952501a5fb5cfa7412caa80e33697c695c9,DS1__fear_ORG_FEAR(148),30.4054,729,23.976,0,DS1__fear_ORG_FEAR(148),0,729,30.4054
DS1__fear_ORG_FEAR(245),/Users/rafiabhista/Documents/code/apple/c1_audio/emomv_2/aria/media/minhdanh/5e31d1e3-0187-4837-8530-60bbac61578f1/home/minhdanh/Documents/EmoMV/Dataset1/DS1_TRAIN_MATCH/fear_ORG_FEAR(245).mp4,fear,1,DS1,match,1a23417f3f1911a59a2c178d955a9be323b7520369b6f9d031486fed1f39b527,DS1__fear_ORG_FEAR(245),30.5306,732,23.976,0,DS1__fear_ORG_FEAR(245),0,732,30.5306
DS1__fear_LLT_DL(0)-6-of-10,/Users/rafiabhista/Documents/code/apple/c1_audio/emomv_2/aria/media/minhdanh/5e31d1e3-0187-4837-8530-60bbac61578f1/home/minhdanh/Documents/EmoMV/Dataset1/DS1_TRAIN_MATCH/fear_LLT_DL(0)-6-of-10.mp4,fear,1,DS1,match,f1b14fa9081ef7ee2602e32ee12d10829e4c0e45f5e59cf72fe8e0c5e090a065,DS1__fear_LLT_DL(0),25.0667,752,30.0,0,DS1__fear_LLT_DL(0)-6-of-10,0,752,25.0667
DS1__fear_TT(0)__win0,/Users/rafiabhista/Documents/code/apple/c1_audio/emomv_2/aria/media/minhdanh/5e31d1e3-0187-4837-8530-60bbac61578f1/home/minhdanh/Documents/EmoMV/Dataset1/DS1_TRAIN_MATCH/fear_TT(0).mp4,fear,1,DS1,match,2e27a5c5bfb76370e887522b67effbd03ea6a54756d0f8ab68da4c3d3fb2d619,DS1__fear_TT(0),40.0816,961,23.9761,0,DS1__fear_TT(0),0,719,29.9882
DS1__fear_TT(0)__win1,/Users/rafiabhista/Documents/code/apple/c1_audio/emomv_2/aria/media/minhdanh/5e31d1e3-0187-4837-8530-60bbac61578f1/home/minhdanh/Documents/EmoMV/Dataset1/DS1_TRAIN_MATCH/fear_TT(0).mp4,fear,1,DS1,match,2e27a5c5bfb76370e887522b67effbd03ea6a54756d0f8ab68da4c3d3fb2d619,DS1__fear_TT(0),40.0816,961,23.9761,1,DS1__fear_TT(0),719,961,10.0934
DS1__fear_LLT_DL(7)-4-of-8,/Users/rafiabhista/Documents/code/apple/c1_audio/emomv_2/aria/media/minhdanh/5e31d1e3-0187-4837-8530-60bbac61578f1/home/minhdanh/Documents/EmoMV/Dataset1/DS1_TRAIN_MATCH/fear_LLT_DL(7)-4-of-8.mp4,fear,1,DS1,match,1ae6d61eae4e584929f6bd7ea744310a24f04d6fd47753d42d33aa9cb3172adb,DS1__fear_LLT_DL(7),29.52,738,25.0,0,DS1__fear_LLT_DL(7)-4-of-8,0,738,29.52
DS1__fear_TEST_MV(63)-2-of-9,/Users/rafiabhista/Documents/code/apple/c1_audio/emomv_2/aria/media/minhdanh/5e31d1e3-0187-4837-8530-60bbac61578f1/home/minhdanh/Documents/EmoMV/Dataset1/DS1_TRAIN_MATCH/fear_TEST_MV(63)-2-of-9.mp4,fear,1,DS1,match,fb16193aebf3cc261698304ad3789179ec3c104063e7867c1f7dd3a00c41b887,DS1__fear_TEST_MV(63),29.84,746,25.0,0,DS1__fear_TEST_MV(63)-2-of-9,0,746,29.84
DS1__fear_LLT_DL(2)-4-of-12,/Users/rafiabhista/Documents/code/apple/c1_audio/emomv_2/aria/media/minhdanh/5e31d1e3-0187-4837-8530-60bbac61578f1/home/minhdanh/Documents/EmoMV/Dataset1/DS1_TRAIN_MATCH/fear_LLT_DL(2)-4-of-12.mp4,fear,1,DS1,match,adb54d8793d527836c326ce6737d96da10b4bd48bb95911a7f5b93f3c9624cf5,DS1__fear_LLT_DL(2),27.1938,815,29.97,0,DS1__fear_LLT_DL(2)-4-of-12,0,815,27.1938
DS1__fear_FINAL_DL_Fearr(37),/Users/rafiabhista/Documents/code/apple/c1_audio/emomv_2/aria/media/minhdanh/5e31d1e3-0187-4837-8530-60bbac61578f1/home/minhdanh/Documents/EmoMV/Dataset1/DS1_TRAIN_MATCH/fear_FINAL_DL_Fearr(37).mp4,fear,1,DS1,match,9b57c4e532d66761563d0e395f9ba5f45f798cef524236d45218bbec6fd03871,DS1__fear_FINAL_DL_Fearr(37),26.8,670,25.0,0,DS1__fear_FINAL_DL_Fearr(37),0,670,26.8
DS1__fear_FINAL_FEAR(18),/Users/rafiabhista/Documents/code/apple/c1_audio/emomv_2/aria/media/minhdanh/5e31d1e3-0187-4837-8530-60bbac61578f1/home/minhdanh/Documents/EmoMV/Dataset1/DS1_TRAIN_MATCH/fear_FINAL_FEAR(18).mp4,fear,1,DS1,match,f0df76228dc99b94c5403ee3bb334d4158a869c9f25f129c803e88f8d3189a6c,DS1__fear_FINAL_FEAR(18),28.662,859,29.97,0,DS1__fear_FINAL_FEAR(18),0,859,28.662
DS1__fear_DEAP_DB_HR(9),/Users/rafiabhista/Documents/code/apple/c1_audio/emomv_2/aria/media/minhdanh/5e31d1e3-0187-4837-8530-60bbac61578f1/home/minhdanh/Documents/EmoMV/Dataset1/DS1_TRAIN_MATCH/fear_DEAP_DB_HR(9).mp4,fear,1,DS1,match,8759fb658640298251f645ffa68cbcfa11b10fdfffb193d3e34dbca79527d2eb,DS1__fear_DEAP_DB_HR(9),29.28,732,25.0,0,DS1__fear_DEAP_DB_HR(9),0,732,29.28
DS1__fear_ORG_TENS(129),/Users/rafiabhista/Documents/code/apple/c1_audio/emomv_2/aria/media/minhdanh/5e31d1e3-0187-4837-8530-60bbac61578f1/home/minhdanh/Documents/EmoMV/Dataset1/DS1_TRAIN_MATCH/fear_ORG_TENS(129).mp4,fear,1,DS1,match,7a813917d4536910666b8fe841cff6b8913f06750396b738a89e032d30ed8087,DS1__fear_ORG_TENS(129),31.4981,944,29.97,0,DS1__fear_ORG_TENS(129),0,944,31.4981
DS1__fear_LLT_TENS(4)-6-of-14,/Users/rafiabhista/Documents/code/apple/c1_audio/emomv_2/aria/media/minhdanh/5e31d1e3-0187-4837-8530-60bbac61578f1/home/minhdanh/Documents/EmoMV/Dataset1/DS1_TRAIN_MATCH/fear_LLT_TENS(4)-6-of-14.mp4,fear,1,DS1,match,74415005c72d584ad3e8e25efbcab9c9024ef70db51dc275f072b6ede2d3bb31,DS1__fear_LLT_TENS(4),28.1948,845,29.97,0,DS1__fear_LLT_TENS(4)-6-of-14,0,845,28.1948
DS1__fear_LLT_HRR(9),/Users/rafiabhista/Documents/code/apple/c1_audio/emomv_2/aria/media/minhdanh/5e31d1e3-0187-4837-8530-60bbac61578f1/home/minhdanh/Documents/EmoMV/Dataset1/DS1_TRAIN_MATCH/fear_LLT_HRR(9).mp4,fear,1,DS1,match,28c480d86d24a570993e0ad5c8e84b9f781e79f6b5e97f8f4e1973bf90ab32e3,DS1__fear_LLT_HRR(9),29.5712,709,23.976,0,DS1__fear_LLT_HRR(9),0,709,29.5712
DS1__fear_ORG_FEAR(242),/Users/rafiabhista/Documents/code/apple/c1_audio/emomv_2/aria/media/minhdanh/5e31d1e3-0187-4837-8530-60bbac61578f1/home/minhdanh/Documents/EmoMV/Dataset1/DS1_TRAIN_MATCH/fear_ORG_FEAR(242).mp4,fear,1,DS1,match,e2c1f28c9ef3e40cc96fc6f63b22e5a5261329b651d301c655c350d709f23ffd,DS1__fear_ORG_FEAR(242),29.8632,716,23.976,0,DS1__fear_ORG_FEAR(242),0,716,29.8632
DS1__fear_LLT_HRR(27),/Users/rafiabhista/Documents/code/apple/c1_audio/emomv_2/aria/media/minhdanh/5e31d1e3-0187-4837-8530-60bbac61578f1/home/minhdanh/Documents/EmoMV/Dataset1/DS1_TRAIN_MATCH/fear_LLT_HRR(27).mp4,fear,1,DS1,match,e8fb6d78b6270ab6fc8384a75871c18f2abf7535e435cd6710661d17c4c0b098,DS1__fear_LLT_HRR(27),29.0707,697,23.976,0,DS1__fear_LLT_HRR(27),0,697,29.0707
DS1__fear_LLT_HRR(41),/Users/rafiabhista/Documents/code/apple/c1_audio/emomv_2/aria/media/minhdanh/5e31d1e3-0187-4837-8530-60bbac61578f1/home/minhdanh/Documents/EmoMV/Dataset1/DS1_TRAIN_MATCH/fear_LLT_HRR(41).mp4,fear,1,DS1,match,06cf79b5596ca8db60f1ed2ed22afd521d1d007fd7a32d5e1a58ef6a10c51863,DS1__fear_LLT_HRR(41),28.32,679,23.976,0,DS1__fear_LLT_HRR(41),0,679,28.32
DS1__fear_TEST_MV(68)-6-of-10,/Users/rafiabhista/Documents/code/apple/c1_audio/emomv_2/aria/media/minhdanh/5e31d1e3-0187-4837-8530-60bbac61578f1/home/minhdanh/Documents/EmoMV/Dataset1/DS1_TRAIN_MATCH/fear_TEST_MV(68)-6-of-10.mp4,fear,1,DS1,match,d4e186ff967c1cfc7be3c434ba2a4d079b27faed460d56e1bed69803b6566d85,DS1__fear_TEST_MV(68),28.737,689,23.976,0,DS1__fear_TEST_MV(68)-6-of-10,0,689,28.737
DS1__fear_ORG_FEAR(46),/Users/rafiabhista/Documents/code/apple/c1_audio/emomv_2/aria/media/minhdanh/5e31d1e3-0187-4837-8530-60bbac61578f1/home/minhdanh/Documents/EmoMV/Dataset1/DS1_TRAIN_MATCH/fear_ORG_FEAR(46).mp4,fear,1,DS1,match,cc1b3e762ca4d536a2a45c3c05e66e8d0d8d79fd647e847635c57679dd3e391d,DS1__fear_ORG_FEAR(46),32.2406,773,23.976,0,DS1__fear_ORG_FEAR(46),0,773,32.2406
DS1__fear_ORG_FEAR(30),/Users/rafiabhista/Documents/code/apple/c1_audio/emomv_2/aria/media/minhdanh/5e31d1e3-0187-4837-8530-60bbac61578f1/home/minhdanh/Documents/EmoMV/Dataset1/DS1_TRAIN_MATCH/fear_ORG_FEAR(30).mp4,fear,1,DS1,match,73a8200cef84571e0a7b5423e7affc6b1aebbfc8b40176b09ec211dd0b56746f,DS1__fear_ORG_FEAR(30),29.6296,888,29.97,0,DS1__fear_ORG_FEAR(30),0,888,29.6296
DS1__fear_ORG_FEAR(102),/Users/rafiabhista/Documents/code/apple/c1_audio/emomv_2/aria/media/minhdanh/5e31d1e3-0187-4837-8530-60bbac61578f1/home/minhdanh/Documents/EmoMV/Dataset1/DS1_TRAIN_MATCH/fear_ORG_FEAR(102).mp4,fear,1,DS1,match,497b99df2e9be7ca895e13640eab7f5107f56d2f7e34ca7c7e8a9f0e68c02a2f,DS1__fear_ORG_FEAR(102),29.7631,892,29.97,0,DS1__fear_ORG_FEAR(102),0,892,29.7631
DS1__fear_ORG_FEAR(346),/Users/rafiabhista/Documents/code/apple/c1_audio/emomv_2/aria/media/minhdanh/5e31d1e3-0187-4837-8530-60bbac61578f1/home/minhdanh/Documents/EmoMV/Dataset1/DS1_TRAIN_MATCH/fear_ORG_FEAR(346).mp4,fear,1,DS1,match,409faccadfaa446e21ea184a916532bfc62e39c088481705b62614ea05df46d4,DS1__fear_ORG_FEAR(346),19.7531,592,29.9701,0,DS1__fear_ORG_FEAR(346),0,592,19.7531
DS1__fear_150,/Users/rafiabhista/Documents/code/apple/c1_audio/emomv_2/aria/media/minhdanh/5e31d1e3-0187-4837-8530-60bbac61578f1/home/minhdanh/Documents/EmoMV/Dataset1/DS1_TRAIN_MATCH/fear_150.mp4,fear,1,DS1,match,7d0cb39a8a78acd9e5303cc4ee2454da487186e482a33409b2ef2aa08ebf20eb,DS1__fear_150,30.03,720,23.976,0,DS1__fear_150,0,720,30.03
DS1__fear_REVIEW_FEAR(38),/Users/rafiabhista/Documents/code/apple/c1_audio/emomv_2/aria/media/minhdanh/5e31d1e3-0187-4837-8530-60bbac61578f1/home/minhdanh/Documents/EmoMV/Dataset1/DS1_TRAIN_MATCH/fear_REVIEW_FEAR(38).mp4,fear,1,DS1,match,fc243b9fff80d62d3e3152f6389f0c3d81ae62034b0ba031458a519252e44945,DS1__fear_REVIEW_FEAR(38),29.9299,897,29.97,0,DS1__fear_REVIEW_FEAR(38),0,897,29.9299
DS1__fear_ORG_FEAR(354),/Users/rafiabhista/Documents/code/apple/c1_audio/emomv_2/aria/media/minhdanh/5e31d1e3-0187-4837-8530-60bbac61578f1/home/minhdanh/Documents/EmoMV/Dataset1/DS1_TRAIN_MATCH/fear_ORG_FEAR(354).mp4,fear,1,DS1,match,5871616a6ecc5b4f973cbd6dcbddb08657ffacc0bd6543578b9ceddc527f0a90,DS1__fear_ORG_FEAR(354),32.766,982,29.9701,0,DS1__fear_ORG_FEAR(354),0,982,32.766
DS1__fear_TEST_MV(38)-4-of-12,/Users/rafiabhista/Documents/code/apple/c1_audio/emomv_2/aria/media/minhdanh/5e31d1e3-0187-4837-8530-60bbac61578f1/home/minhdanh/Documents/EmoMV/Dataset1/DS1_TRAIN_MATCH/fear_TEST_MV(38)-4-of-12.mp4,fear,1,DS1,match,d6026a8e1cd0e66579af96fe0d618b4e73a4ae15fa3893c46304ac44154bff0c,DS1__fear_TEST_MV(38),27.88,697,25.0,0,DS1__fear_TEST_MV(38)-4-of-12,0,697,27.88
DS1__fear_TEST_MV(74)-2-of-8,/Users/rafiabhista/Documents/code/apple/c1_audio/emomv_2/aria/media/minhdanh/5e31d1e3-0187-4837-8530-60bbac61578f1/home/minhdanh/Documents/EmoMV/Dataset1/DS1_TRAIN_MATCH/fear_TEST_MV(74)-2-of-8.mp4,fear,1,DS1,match,59bcaea2dbfb0890ea81e0166632afa2f85ffc1f7a6a6f1ac46dcbfcc07e4164,DS1__fear_TEST_MV(74),29.8333,716,24.0,0,DS1__fear_TEST_MV(74)-2-of-8,0,716,29.8333
DS1__fear_TENS_LLT(8)-5-of-8,/Users/rafiabhista/Documents/code/apple/c1_audio/emomv_2/aria/media/minhdanh/5e31d1e3-0187-4837-8530-60bbac61578f1/home/minhdanh/Documents/EmoMV/Dataset1/DS1_TRAIN_MATCH/fear_TENS_LLT(8)-5-of-8.mp4,fear,1,DS1,match,c89cae8405cea1d985cc52e87d5764d7578ff197b2468365d25ca80a013869f1,DS1__fear_TENS_LLT(8),29.3333,880,30.0,0,DS1__fear_TENS_LLT(8)-5-of-8,0,880,29.3333
DS1__fear_ORG_FEAR(321),/Users/rafiabhista/Documents/code/apple/c1_audio/emomv_2/aria/media/minhdanh/5e31d1e3-0187-4837-8530-60bbac61578f1/home/minhdanh/Documents/EmoMV/Dataset1/DS1_TRAIN_MATCH/fear_ORG_FEAR(321).mp4,fear,1,DS1,match,98a99b1a5bfbb612cdd4256d3a84be11313755b81c98593dd8c7f139cadde3ab,DS1__fear_ORG_FEAR(321),30.3971,911,29.97,0,DS1__fear_ORG_FEAR(321),0,911,30.3971
DS1__fear_ORG_FEAR(222),/Users/rafiabhista/Documents/code/apple/c1_audio/emomv_2/aria/media/minhdanh/5e31d1e3-0187-4837-8530-60bbac61578f1/home/minhdanh/Documents/EmoMV/Dataset1/DS1_TRAIN_MATCH/fear_ORG_FEAR(222).mp4,fear,1,DS1,match,a45dca7b904a9c6f5171a983ac09f35ee92831485f451068d094a3a44fea36cc,DS1__fear_ORG_FEAR(222),30.297,908,29.97,0,DS1__fear_ORG_FEAR(222),0,908,30.297
DS1__fear_DEAP_DB_HR(17),/Users/rafiabhista/Documents/code/apple/c1_audio/emomv_2/aria/media/minhdanh/5e31d1e3-0187-4837-8530-60bbac61578f1/home/minhdanh/Documents/EmoMV/Dataset1/DS1_TRAIN_MATCH/fear_DEAP_DB_HR(17).mp4,fear,1,DS1,match,99746e674eb3c8ac7d6167d7a6ce3cd89a2c1b28a3dd1854af77b3d84cfd1133,DS1__fear_DEAP_DB_HR(17),29.9466,718,23.976,0,DS1__fear_DEAP_DB_HR(17),0,718,29.9466
DS1__fear_ORG_FEAR(67),/Users/rafiabhista/Documents/code/apple/c1_audio/emomv_2/aria/media/minhdanh/5e31d1e3-0187-4837-8530-60bbac61578f1/home/minhdanh/Documents/EmoMV/Dataset1/DS1_TRAIN_MATCH/fear_ORG_FEAR(67).mp4,fear,1,DS1,match,f0e34b0836847fdc8c5c77c1bc91a6ee34f569b42aed08cedcc0be26f9a8518c,DS1__fear_ORG_FEAR(67),30.1969,905,29.9699,0,DS1__fear_ORG_FEAR(67),0,905,30.1969
DS1__fear_ORG_FEAR(81),/Users/rafiabhista/Documents/code/apple/c1_audio/emomv_2/aria/media/minhdanh/5e31d1e3-0187-4837-8530-60bbac61578f1/home/minhdanh/Documents/EmoMV/Dataset1/DS1_TRAIN_MATCH/fear_ORG_FEAR(81).mp4,fear,1,DS1,match,482ed07a5b1265bb1bd88d57389d89adbb3f91355293bf8b7156c2fb066e40fd,DS1__fear_ORG_FEAR(81),27.1271,813,29.97,0,DS1__fear_ORG_FEAR(81),0,813,27.1271
DS1__fear_ORG_FEAR(135),/Users/rafiabhista/Documents/code/apple/c1_audio/emomv_2/aria/media/minhdanh/5e31d1e3-0187-4837-8530-60bbac61578f1/home/minhdanh/Documents/EmoMV/Dataset1/DS1_TRAIN_MATCH/fear_ORG_FEAR(135).mp4,fear,1,DS1,match,801e3947d1d2a0d5ca504ee06c95143e6ca60d4325ac6ee015ba4a75d693932b,DS1__fear_ORG_FEAR(135),29.93,897,29.9699,0,DS1__fear_ORG_FEAR(135),0,897,29.93
DS1__fear_REVIEW_FEAR(2),/Users/rafiabhista/Documents/code/apple/c1_audio/emomv_2/aria/media/minhdanh/5e31d1e3-0187-4837-8530-60bbac61578f1/home/minhdanh/Documents/EmoMV/Dataset1/DS1_TRAIN_MATCH/fear_REVIEW_FEAR(2).mp4,fear,1,DS1,match,b034b6e4f4a3df4017df9c4f9c81d21d919f38aedf5f430b8aaad1360789f5c3,DS1__fear_REVIEW_FEAR(2),29.36,734,25.0,0,DS1__fear_REVIEW_FEAR(2),0,734,29.36
DS1__fear_FEAR_TEST(2)-2-of-8,/Users/rafiabhista/Documents/code/apple/c1_audio/emomv_2/aria/media/minhdanh/5e31d1e3-0187-4837-8530-60bbac61578f1/home/minhdanh/Documents/EmoMV/Dataset1/DS1_TRAIN_MATCH/fear_FEAR_TEST(2)-2-of-8.mp4,fear,1,DS1,match,fcd1411f728af90cd60a4831b6b1ac5f270757068007e742ffed18128e8bc0b9,DS1__fear_FEAR_TEST(2),29.4878,707,23.976,0,DS1__fear_FEAR_TEST(2)-2-of-8,0,707,29.4878
DS1__fear_ORG_FEAR(333),/Users/rafiabhista/Documents/code/apple/c1_audio/emomv_2/aria/media/minhdanh/5e31d1e3-0187-4837-8530-60bbac61578f1/home/minhdanh/Documents/EmoMV/Dataset1/DS1_TRAIN_MATCH/fear_ORG_FEAR(333).mp4,fear,1,DS1,match,819e0c8b83dc10e7af2640da00f4575cd8beece8f1bab7d8f0d25eb15adcd498,DS1__fear_ORG_FEAR(333),30.9058,741,23.9761,0,DS1__fear_ORG_FEAR(333),0,741,30.9058
DS1__fear_ORG_FEAR(271),/Users/rafiabhista/Documents/code/apple/c1_audio/emomv_2/aria/media/minhdanh/5e31d1e3-0187-4837-8530-60bbac61578f1/home/minhdanh/Documents/EmoMV/Dataset1/DS1_TRAIN_MATCH/fear_ORG_FEAR(271).mp4,fear,1,DS1,match,9d87beada4b3561995b3559b094e50acfd4cb58b0acdc1b442be99d550cc3a50,DS1__fear_ORG_FEAR(271),29.663,889,29.97,0,DS1__fear_ORG_FEAR(271),0,889,29.663
DS1__fear_ORG_FEAR(217),/Users/rafiabhista/Documents/code/apple/c1_audio/emomv_2/aria/media/minhdanh/5e31d1e3-0187-4837-8530-60bbac61578f1/home/minhdanh/Documents/EmoMV/Dataset1/DS1_TRAIN_MATCH/fear_ORG_FEAR(217).mp4,fear,1,DS1,match,a0befcfb826d07d6b7497df4f05bfc12a29a628c117629ef8002a6980598f7a9,DS1__fear_ORG_FEAR(217),29.296,878,29.97,0,DS1__fear_ORG_FEAR(217),0,878,29.296
DS1__fear_ORG_FEAR(361),/Users/rafiabhista/Documents/code/apple/c1_audio/emomv_2/aria/media/minhdanh/5e31d1e3-0187-4837-8530-60bbac61578f1/home/minhdanh/Documents/EmoMV/Dataset1/DS1_TRAIN_MATCH/fear_ORG_FEAR(361).mp4,fear,1,DS1,match,c77669316161156c3a098d7a3c8fb58a6c52cc4ac85b50ec31a61741e65519c7,DS1__fear_ORG_FEAR(361),31.88,797,25.0,0,DS1__fear_ORG_FEAR(361),0,797,31.88
DS1__fear_ORG_FEAR(210),/Users/rafiabhista/Documents/code/apple/c1_audio/emomv_2/aria/media/minhdanh/5e31d1e3-0187-4837-8530-60bbac61578f1/home/minhdanh/Documents/EmoMV/Dataset1/DS1_TRAIN_MATCH/fear_ORG_FEAR(210).mp4,fear,1,DS1,match,442cdc30901d9e815c108fd81f942b95ee177e980d4c29d1eb0da79bb4c3329b,DS1__fear_ORG_FEAR(210),29.321,703,23.976,0,DS1__fear_ORG_FEAR(210),0,703,29.321
DS1__fear_ORG_FEAR(173),/Users/rafiabhista/Documents/code/apple/c1_audio/emomv_2/aria/media/minhdanh/5e31d1e3-0187-4837-8530-60bbac61578f1/home/minhdanh/Documents/EmoMV/Dataset1/DS1_TRAIN_MATCH/fear_ORG_FEAR(173).mp4,fear,1,DS1,match,185b243e2994c1650647b3dfb7e99e066e35cf5b9af35892ae666e50b644ddad,DS1__fear_ORG_FEAR(173),28.8622,692,23.976,0,DS1__fear_ORG_FEAR(173),0,692,28.8622
DS1__fear_REVIEW_FEAR(24),/Users/rafiabhista/Documents/code/apple/c1_audio/emomv_2/aria/media/minhdanh/5e31d1e3-0187-4837-8530-60bbac61578f1/home/minhdanh/Documents/EmoMV/Dataset1/DS1_TRAIN_MATCH/fear_REVIEW_FEAR(24).mp4,fear,1,DS1,match,6a08013360ce04112733c7a9b0f6beaaa3f9ddaf1889f26330dc01834b569d90,DS1__fear_REVIEW_FEAR(24),29.7797,714,23.976,0,DS1__fear_REVIEW_FEAR(24),0,714,29.7797
DS1__fear_FINAL_DL_Fearr(0),/Users/rafiabhista/Documents/code/apple/c1_audio/emomv_2/aria/media/minhdanh/5e31d1e3-0187-4837-8530-60bbac61578f1/home/minhdanh/Documents/EmoMV/Dataset1/DS1_TRAIN_MATCH/fear_FINAL_DL_Fearr(0).mp4,fear,1,DS1,match,624bb0b3b3651dd1e45ad98d9a0e0e50277f8c28cccdfe19b24446d3f0253f25,DS1__fear_FINAL_DL_Fearr(0),28.9623,868,29.97,0,DS1__fear_FINAL_DL_Fearr(0),0,868,28.9623
DS1__fear_FINAL_FEAR(21),/Users/rafiabhista/Documents/code/apple/c1_audio/emomv_2/aria/media/minhdanh/5e31d1e3-0187-4837-8530-60bbac61578f1/home/minhdanh/Documents/EmoMV/Dataset1/DS1_TRAIN_MATCH/fear_FINAL_FEAR(21).mp4,fear,1,DS1,match,aa384487a849f412f87ea536e8b12190acbe4cd9110bf07f316f483e602a4df4,DS1__fear_FINAL_FEAR(21),29.2626,877,29.97,0,DS1__fear_FINAL_FEAR(21),0,877,29.2626
DS1__fear_ORG_FEAR(322),/Users/rafiabhista/Documents/code/apple/c1_audio/emomv_2/aria/media/minhdanh/5e31d1e3-0187-4837-8530-60bbac61578f1/home/minhdanh/Documents/EmoMV/Dataset1/DS1_TRAIN_MATCH/fear_ORG_FEAR(322).mp4,fear,1,DS1,match,f31775a585f670a511145ccdeced08f73252289dab95793f58febc24a3a7a709,DS1__fear_ORG_FEAR(322),31.4314,942,29.97,0,DS1__fear_ORG_FEAR(322),0,942,31.4314
DS1__fear_LLT_HRR(21),/Users/rafiabhista/Documents/code/apple/c1_audio/emomv_2/aria/media/minhdanh/5e31d1e3-0187-4837-8530-60bbac61578f1/home/minhdanh/Documents/EmoMV/Dataset1/DS1_TRAIN_MATCH/fear_LLT_HRR(21).mp4,fear,1,DS1,match,ea7eafa47c20bfbff236b9139d069853939a73ece897d8ce655fc22e1fbe9f41,DS1__fear_LLT_HRR(21),28.2174,649,23.0,0,DS1__fear_LLT_HRR(21),0,649,28.2174
DS1__fear_REVIEW_FEAR(28),/Users/rafiabhista/Documents/code/apple/c1_audio/emomv_2/aria/media/minhdanh/5e31d1e3-0187-4837-8530-60bbac61578f1/home/minhdanh/Documents/EmoMV/Dataset1/DS1_TRAIN_MATCH/fear_REVIEW_FEAR(28).mp4,fear,1,DS1,match,2af56146417d90f872a96b3132706a278fdd72f6c8ccb62f02ffdd76a172bec0,DS1__fear_REVIEW_FEAR(28),29.9883,719,23.976,0,DS1__fear_REVIEW_FEAR(28),0,719,29.9883
DS1__fear_LLT_HRR(42),/Users/rafiabhista/Documents/code/apple/c1_audio/emomv_2/aria/media/minhdanh/5e31d1e3-0187-4837-8530-60bbac61578f1/home/minhdanh/Documents/EmoMV/Dataset1/DS1_TRAIN_MATCH/fear_LLT_HRR(42).mp4,fear,1,DS1,match,60a4215ecc45ac95419d1a65fd53264a4b836d1bb4490aa75ae2b3ec0fa23a99,DS1__fear_LLT_HRR(42),29.2792,702,23.976,0,DS1__fear_LLT_HRR(42),0,702,29.2792
DS1__fear_ORG_FEAR(254),/Users/rafiabhista/Documents/code/apple/c1_audio/emomv_2/aria/media/minhdanh/5e31d1e3-0187-4837-8530-60bbac61578f1/home/minhdanh/Documents/EmoMV/Dataset1/DS1_TRAIN_MATCH/fear_ORG_FEAR(254).mp4,fear,1,DS1,match,e88dfa41d0892cb301460b9168185898275a3c96f95fb7449f4ff3c0f2fa5820,DS1__fear_ORG_FEAR(254),30.2636,907,29.97,0,DS1__fear_ORG_FEAR(254),0,907,30.2636
DS1__fear_TEST_MV(72)-2-of-12,/Users/rafiabhista/Documents/code/apple/c1_audio/emomv_2/aria/media/minhdanh/5e31d1e3-0187-4837-8530-60bbac61578f1/home/minhdanh/Documents/EmoMV/Dataset1/DS1_TRAIN_MATCH/fear_TEST_MV(72)-2-of-12.mp4,fear,1,DS1,match,c368d26ad0e25398c7018e54834a7dfed5c20b816a574910e04545f8f0590915,DS1__fear_TEST_MV(72),29.4044,705,23.976,0,DS1__fear_TEST_MV(72)-2-of-12,0,705,29.4044
DS1__tense_ORG_TENS(288),/Users/rafiabhista/Documents/code/apple/c1_audio/emomv_2/aria/media/minhdanh/5e31d1e3-0187-4837-8530-60bbac61578f1/home/minhdanh/Documents/EmoMV/Dataset1/DS1_TRAIN_MATCH/tense_ORG_TENS(288).mp4,tense,2,DS1,match,71ffcae449e5a6c556f71841c590a47adb871f8e62d0739854f3d951f1f40bc7,DS1__tense_ORG_TENS(288),29.6129,710,23.976,0,DS1__tense_ORG_TENS(288),0,710,29.6129
DS1__tense_TEST_MV(30)-8-of-13,/Users/rafiabhista/Documents/code/apple/c1_audio/emomv_2/aria/media/minhdanh/5e31d1e3-0187-4837-8530-60bbac61578f1/home/minhdanh/Documents/EmoMV/Dataset1/DS1_TRAIN_MATCH/tense_TEST_MV(30)-8-of-13.mp4,tense,2,DS1,match,294f587c01ebf504c05ce12061a1b1072704de5fd02a41219ef26fa0f56b9589,DS1__tense_TEST_MV(30),28.7083,689,24.0,0,DS1__tense_TEST_MV(30)-8-of-13,0,689,28.7083
DS1__tense_ORG_TENS(252),/Users/rafiabhista/Documents/code/apple/c1_audio/emomv_2/aria/media/minhdanh/5e31d1e3-0187-4837-8530-60bbac61578f1/home/minhdanh/Documents/EmoMV/Dataset1/DS1_TRAIN_MATCH/tense_ORG_TENS(252).mp4,tense,2,DS1,match,fdb48cb8c0abb5e0e7bb8423e43cbf01c1b460d824ebe551576fc21266404eb5,DS1__tense_ORG_TENS(252),29.321,703,23.976,0,DS1__tense_ORG_TENS(252),0,703,29.321
DS1__tense_TENS_HE(2)-3-of-7,/Users/rafiabhista/Documents/code/apple/c1_audio/emomv_2/aria/media/minhdanh/5e31d1e3-0187-4837-8530-60bbac61578f1/home/minhdanh/Documents/EmoMV/Dataset1/DS1_TRAIN_MATCH/tense_TENS_HE(2)-3-of-7.mp4,tense,2,DS1,match,f3fa053697f207e0e1765c8a1d515fd5d7e1141bd541089361f218c05de850b9,DS1__tense_TENS_HE(2),29.9633,898,29.97,0,DS1__tense_TENS_HE(2)-3-of-7,0,898,29.9633
DS1__tense_ORG_TENS(352),/Users/rafiabhista/Documents/code/apple/c1_audio/emomv_2/aria/media/minhdanh/5e31d1e3-0187-4837-8530-60bbac61578f1/home/minhdanh/Documents/EmoMV/Dataset1/DS1_TRAIN_MATCH/tense_ORG_TENS(352).mp4,tense,2,DS1,match,ce11d33f3f512909a0b9e8e7d5c1cd056fcde7d4cee8c635729f16476d978267,DS1__tense_ORG_TENS(352),29.4877,707,23.9761,0,DS1__tense_ORG_TENS(352),0,707,29.4877
DS1__tense_REVIEW_TENS(10),/Users/rafiabhista/Documents/code/apple/c1_audio/emomv_2/aria/media/minhdanh/5e31d1e3-0187-4837-8530-60bbac61578f1/home/minhdanh/Documents/EmoMV/Dataset1/DS1_TRAIN_MATCH/tense_REVIEW_TENS(10).mp4,tense,2,DS1,match,0e0d5bed685c51df6808a959250b173b93cad2082febe1b7931d8cf09e9efcc0,DS1__tense_REVIEW_TENS(10),29.08,727,25.0,0,DS1__tense_REVIEW_TENS(10),0,727,29.08
DS1__tense_TEST_MV(0)-3-of-8,/Users/rafiabhista/Documents/code/apple/c1_audio/emomv_2/aria/media/minhdanh/5e31d1e3-0187-4837-8530-60bbac61578f1/home/minhdanh/Documents/EmoMV/Dataset1/DS1_TRAIN_MATCH/tense_TEST_MV(0)-3-of-8.mp4,tense,2,DS1,match,26d05c481a949b2bb1c3af8e59ac2959b2bb02bfab2d9bef9e1b954c3b9613aa,DS1__tense_TEST_MV(0),29.8215,715,23.976,0,DS1__tense_TEST_MV(0)-3-of-8,0,715,29.8215
DS1__tense_FINAL_DL(5),/Users/rafiabhista/Documents/code/apple/c1_audio/emomv_2/aria/media/minhdanh/5e31d1e3-0187-4837-8530-60bbac61578f1/home/minhdanh/Documents/EmoMV/Dataset1/DS1_TRAIN_MATCH/tense_FINAL_DL(5).mp4,tense,2,DS1,match,d2c6a1bcb9bdede9ef204c572c4612447030c2d47d2ecd7eca0f742a80f21db9,DS1__tense_FINAL_DL(5),28.8622,865,29.97,0,DS1__tense_FINAL_DL(5),0,865,28.8622
DS1__tense_TT(19),/Users/rafiabhista/Documents/code/apple/c1_audio/emomv_2/aria/media/minhdanh/5e31d1e3-0187-4837-8530-60bbac61578f1/home/minhdanh/Documents/EmoMV/Dataset1/DS1_TRAIN_MATCH/tense_TT(19).mp4,tense,2,DS1,match,9e04a1ff4ac66bf6b3d2a5567c1cb8779af19612863bb19e4724b68508ebaed8,DS1__tense_TT(19),30.0,750,25.0,0,DS1__tense_TT(19),0,750,30.0
DS1__tense_TEST_MV(31)-8-of-10,/Users/rafiabhista/Documents/code/apple/c1_audio/emomv_2/aria/media/minhdanh/5e31d1e3-0187-4837-8530-60bbac61578f1/home/minhdanh/Documents/EmoMV/Dataset1/DS1_TRAIN_MATCH/tense_TEST_MV(31)-8-of-10.mp4,tense,2,DS1,match,7dd3c410b63d1625e529b0ec7ae02297bf414d4e5ede44bb71198afe7f9b4daf,DS1__tense_TEST_MV(31),26.1,783,30.0,0,DS1__tense_TEST_MV(31)-8-of-10,0,783,26.1
DS1__tense_TENS_MM(15)-5-of-6,/Users/rafiabhista/Documents/code/apple/c1_audio/emomv_2/aria/media/minhdanh/5e31d1e3-0187-4837-8530-60bbac61578f1/home/minhdanh/Documents/EmoMV/Dataset1/DS1_TRAIN_MATCH/tense_TENS_MM(15)-5-of-6.mp4,tense,2,DS1,match,77bd282d553a660abf0ed0babd276c382a95476b98b1cc5075685204bb24db6c,DS1__tense_TENS_MM(15),27.6526,663,23.976,0,DS1__tense_TENS_MM(15)-5-of-6,0,663,27.6526
DS1__tense_REVIEW_NTRL(31),/Users/rafiabhista/Documents/code/apple/c1_audio/emomv_2/aria/media/minhdanh/5e31d1e3-0187-4837-8530-60bbac61578f1/home/minhdanh/Documents/EmoMV/Dataset1/DS1_TRAIN_MATCH/tense_REVIEW_NTRL(31).mp4,tense,2,DS1,match,88ec6773652b8bcc2b361b56bba6974ddcf0e2f5026aead69227cd8c66690e0f,DS1__tense_REVIEW_NTRL(31),29.792,715,23.9997,0,DS1__tense_REVIEW_NTRL(31),0,715,29.792
DS1__tense_TENS_LLT(3)-5-of-10,/Users/rafiabhista/Documents/code/apple/c1_audio/emomv_2/aria/media/minhdanh/5e31d1e3-0187-4837-8530-60bbac61578f1/home/minhdanh/Documents/EmoMV/Dataset1/DS1_TRAIN_MATCH/tense_TENS_LLT(3)-5-of-10.mp4,tense,2,DS1,match,e4d5585a805490d3c4e39ef3fa4ab583c6c53591f6b5d7aae707645dc78cb8a4,DS1__tense_TENS_LLT(3),24.1575,724,29.97,0,DS1__tense_TENS_LLT(3)-5-of-10,0,724,24.1575
DS1__tense_ORG_TENS(337),/Users/rafiabhista/Documents/code/apple/c1_audio/emomv_2/aria/media/minhdanh/5e31d1e3-0187-4837-8530-60bbac61578f1/home/minhdanh/Documents/EmoMV/Dataset1/DS1_TRAIN_MATCH/tense_ORG_TENS(337).mp4,tense,2,DS1,match,7f69f86625d44306079d41d15512cbbf3426c1937a4fdb1b40935b047d0a15fa,DS1__tense_ORG_TENS(337),29.9299,897,29.97,0,DS1__tense_ORG_TENS(337),0,897,29.9299
DS1__tense_LLT_TENS(11)-5-of-10,/Users/rafiabhista/Documents/code/apple/c1_audio/emomv_2/aria/media/minhdanh/5e31d1e3-0187-4837-8530-60bbac61578f1/home/minhdanh/Documents/EmoMV/Dataset1/DS1_TRAIN_MATCH/tense_LLT_TENS(11)-5-of-10.mp4,tense,2,DS1,match,c4af6caa76d932c34a5c24e3a7f314ad3239d395a90a08bbc737ecb340c5539b,DS1__tense_LLT_TENS(11),29.1958,700,23.976,0,DS1__tense_LLT_TENS(11)-5-of-10,0,700,29.1958
DS1__tense_ORG_TENS(347),/Users/rafiabhista/Documents/code/apple/c1_audio/emomv_2/aria/media/minhdanh/5e31d1e3-0187-4837-8530-60bbac61578f1/home/minhdanh/Documents/EmoMV/Dataset1/DS1_TRAIN_MATCH/tense_ORG_TENS(347).mp4,tense,2,DS1,match,f1b1170315120c9803d920f8888004241dd3376cc953580c6dc7cd03f96c136f,DS1__tense_ORG_TENS(347),30.6139,734,23.976,0,DS1__tense_ORG_TENS(347),0,734,30.6139
DS1__tense_REVIEW_TENS(45),/Users/rafiabhista/Documents/code/apple/c1_audio/emomv_2/aria/media/minhdanh/5e31d1e3-0187-4837-8530-60bbac61578f1/home/minhdanh/Documents/EmoMV/Dataset1/DS1_TRAIN_MATCH/tense_REVIEW_TENS(45).mp4,tense,2,DS1,match,c577535ae13ec19e9838dbff5d337988034c0b079bbed070a3607d702560129e,DS1__tense_REVIEW_TENS(45),29.8632,895,29.97,0,DS1__tense_REVIEW_TENS(45),0,895,29.8632
DS1__tense_TENS_HE(49)-10-of-16,/Users/rafiabhista/Documents/code/apple/c1_audio/emomv_2/aria/media/minhdanh/5e31d1e3-0187-4837-8530-60bbac61578f1/home/minhdanh/Documents/EmoMV/Dataset1/DS1_TRAIN_MATCH/tense_TENS_HE(49)-10-of-16.mp4,tense,2,DS1,match,4a3d37ff48f8a601dac6a255aa41b869dce87ad60d91cacd991d2558f3a06deb,DS1__tense_TENS_HE(49),29.0957,872,29.97,0,DS1__tense_TENS_HE(49)-10-of-16,0,872,29.0957
DS1__tense_TENS_LLT(6)-5-of-10,/Users/rafiabhista/Documents/code/apple/c1_audio/emomv_2/aria/media/minhdanh/5e31d1e3-0187-4837-8530-60bbac61578f1/home/minhdanh/Documents/EmoMV/Dataset1/DS1_TRAIN_MATCH/tense_TENS_LLT(6)-5-of-10.mp4,tense,2,DS1,match,c00415a0c1694a86f66a94f7f07783fbf5932124f400f087dc5368de46d5bd7b,DS1__tense_TENS_LLT(6),27.7777,666,23.976,0,DS1__tense_TENS_LLT(6)-5-of-10,0,666,27.7777
DS1__tense_TENS_LLT(35)),/Users/rafiabhista/Documents/code/apple/c1_audio/emomv_2/aria/media/minhdanh/5e31d1e3-0187-4837-8530-60bbac61578f1/home/minhdanh/Documents/EmoMV/Dataset1/DS1_TRAIN_MATCH/tense_TENS_LLT(35)).mp4,tense,2,DS1,match,d766429b5a4bc3a32549e528780e6e95921f85edfa4cb544ff40f4ebc20df29a,DS1__tense_TENS_LLT(35)),28.64,716,25.0,0,DS1__tense_TENS_LLT(35)),0,716,28.64
DS1__tense_REVIEW_TENS(72),/Users/rafiabhista/Documents/code/apple/c1_audio/emomv_2/aria/media/minhdanh/5e31d1e3-0187-4837-8530-60bbac61578f1/home/minhdanh/Documents/EmoMV/Dataset1/DS1_TRAIN_MATCH/tense_REVIEW_TENS(72).mp4,tense,2,DS1,match,5e0d1f015f3a171437cb7ee295af8eb4b06ad8d54aae7ee2a87230038c04d255,DS1__tense_REVIEW_TENS(72),28.4868,683,23.976,0,DS1__tense_REVIEW_TENS(72),0,683,28.4868
DS1__tense_TENS_LLT(19)),/Users/rafiabhista/Documents/code/apple/c1_audio/emomv_2/aria/media/minhdanh/5e31d1e3-0187-4837-8530-60bbac61578f1/home/minhdanh/Documents/EmoMV/Dataset1/DS1_TRAIN_MATCH/tense_TENS_LLT(19)).mp4,tense,2,DS1,match,be9f19ca35fa20c2e18125c500bb21d160beae3ab95f0d75d18374bd58b4aaf8,DS1__tense_TENS_LLT(19)),30.0,900,30.0,0,DS1__tense_TENS_LLT(19)),0,900,30.0
DS1__tense_TENS_HE(85)-6-of-11,/Users/rafiabhista/Documents/code/apple/c1_audio/emomv_2/aria/media/minhdanh/5e31d1e3-0187-4837-8530-60bbac61578f1/home/minhdanh/Documents/EmoMV/Dataset1/DS1_TRAIN_MATCH/tense_TENS_HE(85)-6-of-11.mp4,tense,2,DS1,match,e19daeda1612fcc2d23e172a44b5af2d92ddeddaa7e09bf0884f474882b4577f,DS1__tense_TENS_HE(85),30.0,900,30.0,0,DS1__tense_TENS_HE(85)-6-of-11,0,900,30.0
DS1__tense_LLT_TENS(3)-5-of-7,/Users/rafiabhista/Documents/code/apple/c1_audio/emomv_2/aria/media/minhdanh/5e31d1e3-0187-4837-8530-60bbac61578f1/home/minhdanh/Documents/EmoMV/Dataset1/DS1_TRAIN_MATCH/tense_LLT_TENS(3)-5-of-7.mp4,tense,2,DS1,match,27b817ed195a5159637fef9a4c47fec6fd842aad6344901102aeaa331f403ca1,DS1__tense_LLT_TENS(3),29.4628,883,29.97,0,DS1__tense_LLT_TENS(3)-5-of-7,0,883,29.4628
DS1__tense_REVIEW_NTRL(73),/Users/rafiabhista/Documents/code/apple/c1_audio/emomv_2/aria/media/minhdanh/5e31d1e3-0187-4837-8530-60bbac61578f1/home/minhdanh/Documents/EmoMV/Dataset1/DS1_TRAIN_MATCH/tense_REVIEW_NTRL(73).mp4,tense,2,DS1,match,b0c5a5aaf8a8c7bc9e6bcde1eb36719c011af09a395a10cc6357eb4c533c0716,DS1__tense_REVIEW_NTRL(73),30.0,750,25.0,0,DS1__tense_REVIEW_NTRL(73),0,750,30.0
DS1__tense_TT(4),/Users/rafiabhista/Documents/code/apple/c1_audio/emomv_2/aria/media/minhdanh/5e31d1e3-0187-4837-8530-60bbac61578f1/home/minhdanh/Documents/EmoMV/Dataset1/DS1_TRAIN_MATCH/tense_TT(4).mp4,tense,2,DS1,match,8b7d9e3765b0dd07250d2d0d8dbe6bf59f93dfa1f178fdbd47b60adc709f9e39,DS1__tense_TT(4),29.6296,888,29.97,0,DS1__tense_TT(4),0,888,29.6296
DS1__tense_ORG_TENS(58),/Users/rafiabhista/Documents/code/apple/c1_audio/emomv_2/aria/media/minhdanh/5e31d1e3-0187-4837-8530-60bbac61578f1/home/minhdanh/Documents/EmoMV/Dataset1/DS1_TRAIN_MATCH/tense_ORG_TENS(58).mp4,tense,2,DS1,match,7e51f3799c4f8a21cdc3c140bf84b64601240b89b82c5b758a78537cfeb91c29,DS1__tense_ORG_TENS(58),29.7333,892,30.0,0,DS1__tense_ORG_TENS(58),0,892,29.7333
DS1__tense_LLT_TENS(0)-2-of-9,/Users/rafiabhista/Documents/code/apple/c1_audio/emomv_2/aria/media/minhdanh/5e31d1e3-0187-4837-8530-60bbac61578f1/home/minhdanh/Documents/EmoMV/Dataset1/DS1_TRAIN_MATCH/tense_LLT_TENS(0)-2-of-9.mp4,tense,2,DS1,match,af137370768ac1a2880ed0dca3080dd104b33510b23d8b08d717bf9ee82230d7,DS1__tense_LLT_TENS(0),29.6,740,25.0,0,DS1__tense_LLT_TENS(0)-2-of-9,0,740,29.6
DS1__tense_ORG_TENS(204),/Users/rafiabhista/Documents/code/apple/c1_audio/emomv_2/aria/media/minhdanh/5e31d1e3-0187-4837-8530-60bbac61578f1/home/minhdanh/Documents/EmoMV/Dataset1/DS1_TRAIN_MATCH/tense_ORG_TENS(204).mp4,tense,2,DS1,match,3dca7695c26419a7493ce2679097071fa2ac12aa3aae74f84fcc61b675dd949e,DS1__tense_ORG_TENS(204),29.3293,879,29.9701,0,DS1__tense_ORG_TENS(204),0,879,29.3293
DS1__tense_REVIEW_NTRL(97),/Users/rafiabhista/Documents/code/apple/c1_audio/emomv_2/aria/media/minhdanh/5e31d1e3-0187-4837-8530-60bbac61578f1/home/minhdanh/Documents/EmoMV/Dataset1/DS1_TRAIN_MATCH/tense_REVIEW_NTRL(97).mp4,tense,2,DS1,match,32b75196ddb57d3d8c1b4f3bd1da81e28c89dbdd055934e1c088834636f74d7f,DS1__tense_REVIEW_NTRL(97),30.0,750,25.0,0,DS1__tense_REVIEW_NTRL(97),0,750,30.0
DS1__tense_TENS_HE(163)-6-of-7,/Users/rafiabhista/Documents/code/apple/c1_audio/emomv_2/aria/media/minhdanh/5e31d1e3-0187-4837-8530-60bbac61578f1/home/minhdanh/Documents/EmoMV/Dataset1/DS1_TRAIN_MATCH/tense_TENS_HE(163)-6-of-7.mp4,tense,2,DS1,match,9a8566ae34f2f0b0efb1f51556f1a802670101e3133b82045e64ba658b7fa3cb,DS1__tense_TENS_HE(163),28.52,713,25.0,0,DS1__tense_TENS_HE(163)-6-of-7,0,713,28.52
DS1__tense_TENS_MM(16)-5-of-7,/Users/rafiabhista/Documents/code/apple/c1_audio/emomv_2/aria/media/minhdanh/5e31d1e3-0187-4837-8530-60bbac61578f1/home/minhdanh/Documents/EmoMV/Dataset1/DS1_TRAIN_MATCH/tense_TENS_MM(16)-5-of-7.mp4,tense,2,DS1,match,7a402b8684a1635e4cb0ce4501094ccabad0c961a7b6d95c03d1de9d65c4bb02,DS1__tense_TENS_MM(16),28.96,724,25.0,0,DS1__tense_TENS_MM(16)-5-of-7,0,724,28.96
DS1__tense_173,/Users/rafiabhista/Documents/code/apple/c1_audio/emomv_2/aria/media/minhdanh/5e31d1e3-0187-4837-8530-60bbac61578f1/home/minhdanh/Documents/EmoMV/Dataset1/DS1_TRAIN_MATCH/tense_173.mp4,tense,2,DS1,match,9215798dc51bfabfb2e582dfb221a746772ba2e1764cf721506aafd7b0f92a45,DS1__tense_173,30.03,900,29.97,0,DS1__tense_173,0,900,30.03
DS1__tense_TEST_MV(81)-5-of-8,/Users/rafiabhista/Documents/code/apple/c1_audio/emomv_2/aria/media/minhdanh/5e31d1e3-0187-4837-8530-60bbac61578f1/home/minhdanh/Documents/EmoMV/Dataset1/DS1_TRAIN_MATCH/tense_TEST_MV(81)-5-of-8.mp4,tense,2,DS1,match,53446471436a6256db5c0b3641826740e18e727d38338b79d59de1a03458ccf0,DS1__tense_TEST_MV(81),29.5295,885,29.97,0,DS1__tense_TEST_MV(81)-5-of-8,0,885,29.5295
DS1__tense_TEST_TENS_NN(8)-5-of-7,/Users/rafiabhista/Documents/code/apple/c1_audio/emomv_2/aria/media/minhdanh/5e31d1e3-0187-4837-8530-60bbac61578f1/home/minhdanh/Documents/EmoMV/Dataset1/DS1_TRAIN_MATCH/tense_TEST_TENS_NN(8)-5-of-7.mp4,tense,2,DS1,match,b6b3d6c0393e724e16b6de292a0a93622da3b143c90eefd47a4cda41bff00882,DS1__tense_TEST_TENS_NN(8),29.663,889,29.97,0,DS1__tense_TEST_TENS_NN(8)-5-of-7,0,889,29.663
DS1__tense_TT(9),/Users/rafiabhista/Documents/code/apple/c1_audio/emomv_2/aria/media/minhdanh/5e31d1e3-0187-4837-8530-60bbac61578f1/home/minhdanh/Documents/EmoMV/Dataset1/DS1_TRAIN_MATCH/tense_TT(9).mp4,tense,2,DS1,match,8d42579c2848bdb83e1d18469eee0c5f6f69817b7b9e8db491ac290b7c438713,DS1__tense_TT(9),30.1552,723,23.976,0,DS1__tense_TT(9),0,723,30.1552
DS1__tense_TENS_MM(3)-2-of-9,/Users/rafiabhista/Documents/code/apple/c1_audio/emomv_2/aria/media/minhdanh/5e31d1e3-0187-4837-8530-60bbac61578f1/home/minhdanh/Documents/EmoMV/Dataset1/DS1_TRAIN_MATCH/tense_TENS_MM(3)-2-of-9.mp4,tense,2,DS1,match,3497ce970743ca630be15afb42291f1e67b9eaf770d8e3dcb8ac722d1a6ddc3f,DS1__tense_TENS_MM(3),29.3627,704,23.976,0,DS1__tense_TENS_MM(3)-2-of-9,0,704,29.3627
DS1__tense_REVIEW_TENS(26),/Users/rafiabhista/Documents/code/apple/c1_audio/emomv_2/aria/media/minhdanh/5e31d1e3-0187-4837-8530-60bbac61578f1/home/minhdanh/Documents/EmoMV/Dataset1/DS1_TRAIN_MATCH/tense_REVIEW_TENS(26).mp4,tense,2,DS1,match,51a443af338575c41c8bd2ee4f3ba488256373f1189d0ddf4e599f0775f75af1,DS1__tense_REVIEW_TENS(26),29.9633,898,29.97,0,DS1__tense_REVIEW_TENS(26),0,898,29.9633
DS1__tense_TEST_MV(0)-4-of-8,/Users/rafiabhista/Documents/code/apple/c1_audio/emomv_2/aria/media/minhdanh/5e31d1e3-0187-4837-8530-60bbac61578f1/home/minhdanh/Documents/EmoMV/Dataset1/DS1_TRAIN_MATCH/tense_TEST_MV(0)-4-of-8.mp4,tense,2,DS1,match,81ecfa960fc780e5b0463702aab376d3f6af280e62cc2b0336175cf06a01cdd2,DS1__tense_TEST_MV(0),29.5295,708,23.976,0,DS1__tense_TEST_MV(0)-4-of-8,0,708,29.5295
DS1__tense_ORG_TENS(269),/Users/rafiabhista/Documents/code/apple/c1_audio/emomv_2/aria/media/minhdanh/5e31d1e3-0187-4837-8530-60bbac61578f1/home/minhdanh/Documents/EmoMV/Dataset1/DS1_TRAIN_MATCH/tense_ORG_TENS(269).mp4,tense,2,DS1,match,73a5c043bcdd1f666efd8f597ddddc5cfd62b28bfef437d89b43d14a025dd082,DS1__tense_ORG_TENS(269),30.5639,916,29.9699,0,DS1__tense_ORG_TENS(269),0,916,30.5639
DS1__tense_ORG_TENS(25),/Users/rafiabhista/Documents/code/apple/c1_audio/emomv_2/aria/media/minhdanh/5e31d1e3-0187-4837-8530-60bbac61578f1/home/minhdanh/Documents/EmoMV/Dataset1/DS1_TRAIN_MATCH/tense_ORG_TENS(25).mp4,tense,2,DS1,match,af046c3f70bf6a99ed760b318e86419dc03674fa6c24ac867b58f261556bd988,DS1__tense_ORG_TENS(25),25.0667,601,23.976,0,DS1__tense_ORG_TENS(25),0,601,25.0667
DS1__tense_HAPPY_HEA(33)-6-of-11,/Users/rafiabhista/Documents/code/apple/c1_audio/emomv_2/aria/media/minhdanh/5e31d1e3-0187-4837-8530-60bbac61578f1/home/minhdanh/Documents/EmoMV/Dataset1/DS1_TRAIN_MATCH/tense_HAPPY_HEA(33)-6-of-11.mp4,tense,2,DS1,match,145fc298de7cac52f0dddae65e674ed614ca763d7ff6cb7cef6403ab69978c71,DS1__tense_HAPPY_HEA(33),29.8632,716,23.976,0,DS1__tense_HAPPY_HEA(33)-6-of-11,0,716,29.8632
DS1__tense_REVIEW_TENS(15),/Users/rafiabhista/Documents/code/apple/c1_audio/emomv_2/aria/media/minhdanh/5e31d1e3-0187-4837-8530-60bbac61578f1/home/minhdanh/Documents/EmoMV/Dataset1/DS1_TRAIN_MATCH/tense_REVIEW_TENS(15).mp4,tense,2,DS1,match,8276c17e1bf9e30662e56c1b567384e3b3a2cc4b21da73249feb1535934d1ed1,DS1__tense_REVIEW_TENS(15),29.3627,880,29.97,0,DS1__tense_REVIEW_TENS(15),0,880,29.3627
DS1__tense_REVIEW_TENS(58),/Users/rafiabhista/Documents/code/apple/c1_audio/emomv_2/aria/media/minhdanh/5e31d1e3-0187-4837-8530-60bbac61578f1/home/minhdanh/Documents/EmoMV/Dataset1/DS1_TRAIN_MATCH/tense_REVIEW_TENS(58).mp4,tense,2,DS1,match,ece1578044e40340015ff7f9f27bff1b07bfd9451c02d9df1364117594220450,DS1__tense_REVIEW_TENS(58),30.0,750,25.0,0,DS1__tense_REVIEW_TENS(58),0,750,30.0
DS1__tense_ORG_TENS(35),/Users/rafiabhista/Documents/code/apple/c1_audio/emomv_2/aria/media/minhdanh/5e31d1e3-0187-4837-8530-60bbac61578f1/home/minhdanh/Documents/EmoMV/Dataset1/DS1_TRAIN_MATCH/tense_ORG_TENS(35).mp4,tense,2,DS1,match,a71691102d69018b9e12862d2c0f09004516ba5dc830699a0cfcda61461eadba,DS1__tense_ORG_TENS(35),28.2,846,30.0,0,DS1__tense_ORG_TENS(35),0,846,28.2
DS1__tense_ORG_TENS(260),/Users/rafiabhista/Documents/code/apple/c1_audio/emomv_2/aria/media/minhdanh/5e31d1e3-0187-4837-8530-60bbac61578f1/home/minhdanh/Documents/EmoMV/Dataset1/DS1_TRAIN_MATCH/tense_ORG_TENS(260).mp4,tense,2,DS1,match,5d2f40e31e7c4986624a68f6b45ece2e0c3ddea8548160309f883abc0d04fbfd,DS1__tense_ORG_TENS(260),30.614,734,23.9759,0,DS1__tense_ORG_TENS(260),0,734,30.614
DS1__tense_ORG_TENS(117),/Users/rafiabhista/Documents/code/apple/c1_audio/emomv_2/aria/media/minhdanh/5e31d1e3-0187-4837-8530-60bbac61578f1/home/minhdanh/Documents/EmoMV/Dataset1/DS1_TRAIN_MATCH/tense_ORG_TENS(117).mp4,tense,2,DS1,match,dde789b10c3ee3b38e2f488382f05303abdad657e1cd1df666190757f5a54761,DS1__tense_ORG_TENS(117),29.1542,699,23.976,0,DS1__tense_ORG_TENS(117),0,699,29.1542
DS1__tense_ORG_TENS(201),/Users/rafiabhista/Documents/code/apple/c1_audio/emomv_2/aria/media/minhdanh/5e31d1e3-0187-4837-8530-60bbac61578f1/home/minhdanh/Documents/EmoMV/Dataset1/DS1_TRAIN_MATCH/tense_ORG_TENS(201).mp4,tense,2,DS1,match,3cfcc05dd35ca331321a4d7e9dc8e41f42a2561b133b7335500a967c2dd3f13d,DS1__tense_ORG_TENS(201),29.08,727,25.0,0,DS1__tense_ORG_TENS(201),0,727,29.08
DS1__tense_TENS_HE(52)-11-of-12,/Users/rafiabhista/Documents/code/apple/c1_audio/emomv_2/aria/media/minhdanh/5e31d1e3-0187-4837-8530-60bbac61578f1/home/minhdanh/Documents/EmoMV/Dataset1/DS1_TRAIN_MATCH/tense_TENS_HE(52)-11-of-12.mp4,tense,2,DS1,match,0fb12baa0d73a33f6c31f88356f60df4b5074fd1a7f4b001f0a14fbf1142f3f3,DS1__tense_TENS_HE(52),29.963,898,29.9703,0,DS1__tense_TENS_HE(52)-11-of-12,0,898,29.963
DS1__tense_ORG_TENS(296),/Users/rafiabhista/Documents/code/apple/c1_audio/emomv_2/aria/media/minhdanh/5e31d1e3-0187-4837-8530-60bbac61578f1/home/minhdanh/Documents/EmoMV/Dataset1/DS1_TRAIN_MATCH/tense_ORG_TENS(296).mp4,tense,2,DS1,match,79f7a7d55e14578a87b5e2cf8ceb9daf0eb2d409a7875b83ce7ed0ac20d99cb8,DS1__tense_ORG_TENS(296),29.6,888,30.0,0,DS1__tense_ORG_TENS(296),0,888,29.6
DS1__tense_ORG_TENS(95),/Users/rafiabhista/Documents/code/apple/c1_audio/emomv_2/aria/media/minhdanh/5e31d1e3-0187-4837-8530-60bbac61578f1/home/minhdanh/Documents/EmoMV/Dataset1/DS1_TRAIN_MATCH/tense_ORG_TENS(95).mp4,tense,2,DS1,match,46bd0ea794197709050aa83c408a777af0b7be2bc60f99a472cffaa5d2de9cf7,DS1__tense_ORG_TENS(95),30.8307,924,29.9701,0,DS1__tense_ORG_TENS(95),0,924,30.8307
DS1__tense_LLT_TENS(7)-10-of-12,/Users/rafiabhista/Documents/code/apple/c1_audio/emomv_2/aria/media/minhdanh/5e31d1e3-0187-4837-8530-60bbac61578f1/home/minhdanh/Documents/EmoMV/Dataset1/DS1_TRAIN_MATCH/tense_LLT_TENS(7)-10-of-12.mp4,tense,2,DS1,match,4411cfbb01645c1775d139f29c126ca2ce09f0137796c336fc3009a2a8be19d6,DS1__tense_LLT_TENS(7),29.5712,709,23.976,0,DS1__tense_LLT_TENS(7)-10-of-12,0,709,29.5712
DS1__tense_REVIEW_TENS(37),/Users/rafiabhista/Documents/code/apple/c1_audio/emomv_2/aria/media/minhdanh/5e31d1e3-0187-4837-8530-60bbac61578f1/home/minhdanh/Documents/EmoMV/Dataset1/DS1_TRAIN_MATCH/tense_REVIEW_TENS(37).mp4,tense,2,DS1,match,c3eb4f94802bf4b7ecafc53008da8c291c347a554685f6b37d87e03e4685c26c,DS1__tense_REVIEW_TENS(37),29.9633,898,29.97,0,DS1__tense_REVIEW_TENS(37),0,898,29.9633
DS1__tense_LLT_TENS(3)-2-of-7,/Users/rafiabhista/Documents/code/apple/c1_audio/emomv_2/aria/media/minhdanh/5e31d1e3-0187-4837-8530-60bbac61578f1/home/minhdanh/Documents/EmoMV/Dataset1/DS1_TRAIN_MATCH/tense_LLT_TENS(3)-2-of-7.mp4,tense,2,DS1,match,6f9ac79fddd3d5fd03fcc7951947381ec2a44879fbb7c1f795fbda665b16d6d4,DS1__tense_LLT_TENS(3),29.7964,893,29.97,0,DS1__tense_LLT_TENS(3)-2-of-7,0,893,29.7964
DS1__tense_REVIEW_TENS(34),/Users/rafiabhista/Documents/code/apple/c1_audio/emomv_2/aria/media/minhdanh/5e31d1e3-0187-4837-8530-60bbac61578f1/home/minhdanh/Documents/EmoMV/Dataset1/DS1_TRAIN_MATCH/tense_REVIEW_TENS(34).mp4,tense,2,DS1,match,e34377e85a2efb8e2418194d4a76241ed2f390e61233680c5646c51b7dff0c2b,DS1__tense_REVIEW_TENS(34),30.0,750,25.0,0,DS1__tense_REVIEW_TENS(34),0,750,30.0
DS1__tense_ORG_TENS(321),/Users/rafiabhista/Documents/code/apple/c1_audio/emomv_2/aria/media/minhdanh/5e31d1e3-0187-4837-8530-60bbac61578f1/home/minhdanh/Documents/EmoMV/Dataset1/DS1_TRAIN_MATCH/tense_ORG_TENS(321).mp4,tense,2,DS1,match,5cc9cb01aa58e40d8b4a1033c79f4f0bd2c4da54ddbfc436f1aac9c9b08913b2,DS1__tense_ORG_TENS(321),31.0728,745,23.9759,0,DS1__tense_ORG_TENS(321),0,745,31.0728
DS1__tense_ORG_TENS(38),/Users/rafiabhista/Documents/code/apple/c1_audio/emomv_2/aria/media/minhdanh/5e31d1e3-0187-4837-8530-60bbac61578f1/home/minhdanh/Documents/EmoMV/Dataset1/DS1_TRAIN_MATCH/tense_ORG_TENS(38).mp4,tense,2,DS1,match,ae0f1c02e20bdfb7097fca281e12b50dfc02ffb39a167df519308c526bb20235,DS1__tense_ORG_TENS(38),28.9039,693,23.976,0,DS1__tense_ORG_TENS(38),0,693,28.9039
DS1__tense_TENS_MM(9)-6-of-8,/Users/rafiabhista/Documents/code/apple/c1_audio/emomv_2/aria/media/minhdanh/5e31d1e3-0187-4837-8530-60bbac61578f1/home/minhdanh/Documents/EmoMV/Dataset1/DS1_TRAIN_MATCH/tense_TENS_MM(9)-6-of-8.mp4,tense,2,DS1,match,d9ccad30febcbaf0d36d7f57139cd56749b1bf4c41dc55ddea615c54366e057b,DS1__tense_TENS_MM(9),28.4951,854,29.97,0,DS1__tense_TENS_MM(9)-6-of-8,0,854,28.4951
DS1__tense_REVIEW_TENS(44),/Users/rafiabhista/Documents/code/apple/c1_audio/emomv_2/aria/media/minhdanh/5e31d1e3-0187-4837-8530-60bbac61578f1/home/minhdanh/Documents/EmoMV/Dataset1/DS1_TRAIN_MATCH/tense_REVIEW_TENS(44).mp4,tense,2,DS1,match,4b5ebde8c642b234afdc7d7a7ad2b7a5a62941939a16b2d0d0dfb215efc3bef8,DS1__tense_REVIEW_TENS(44),29.8632,716,23.976,0,DS1__tense_REVIEW_TENS(44),0,716,29.8632
DS1__tense_HAPPY_HEA(36)-3-of-7,/Users/rafiabhista/Documents/code/apple/c1_audio/emomv_2/aria/media/minhdanh/5e31d1e3-0187-4837-8530-60bbac61578f1/home/minhdanh/Documents/EmoMV/Dataset1/DS1_TRAIN_MATCH/tense_HAPPY_HEA(36)-3-of-7.mp4,tense,2,DS1,match,bc1f4d2797089e09543bfc93a08e9eda84c87fbfd95b0f0543d25c328dcbf7f1,DS1__tense_HAPPY_HEA(36),30.0,750,25.0,0,DS1__tense_HAPPY_HEA(36)-3-of-7,0,750,30.0
DS1__tense_Exciting_MV_NC3(6)-5-of-8,/Users/rafiabhista/Documents/code/apple/c1_audio/emomv_2/aria/media/minhdanh/5e31d1e3-0187-4837-8530-60bbac61578f1/home/minhdanh/Documents/EmoMV/Dataset1/DS1_TRAIN_MATCH/tense_Exciting_MV_NC3(6)-5-of-8.mp4,tense,2,DS1,match,3474e9f289f6b0bb9bf413977d8235620081d4068313aa4be84443324a771f34,DS1__tense_Exciting_MV_NC3(6),30.0,900,30.0,0,DS1__tense_Exciting_MV_NC3(6)-5-of-8,0,900,30.0
DS1__tense_TENS_LLT(6)-8-of-10,/Users/rafiabhista/Documents/code/apple/c1_audio/emomv_2/aria/media/minhdanh/5e31d1e3-0187-4837-8530-60bbac61578f1/home/minhdanh/Documents/EmoMV/Dataset1/DS1_TRAIN_MATCH/tense_TENS_LLT(6)-8-of-10.mp4,tense,2,DS1,match,2d98b7beddee417d45e0eb4e796fbc7d92a7ac66da32ade5a14fda89f190f609,DS1__tense_TENS_LLT(6),29.4878,707,23.976,0,DS1__tense_TENS_LLT(6)-8-of-10,0,707,29.4878
DS1__tense_DEAP_DP_TENSMM(13),/Users/rafiabhista/Documents/code/apple/c1_audio/emomv_2/aria/media/minhdanh/5e31d1e3-0187-4837-8530-60bbac61578f1/home/minhdanh/Documents/EmoMV/Dataset1/DS1_TRAIN_MATCH/tense_DEAP_DP_TENSMM(13).mp4,tense,2,DS1,match,24fdceebd3bc9ecd12aaf8a6dd19f56932642527c4afc2e8588742ef00f1ce0a,DS1__tense_DEAP_DP_TENSMM(13),30.03,720,23.976,0,DS1__tense_DEAP_DP_TENSMM(13),0,720,30.03
DS1__tense_REVIEW_TENS(38),/Users/rafiabhista/Documents/code/apple/c1_audio/emomv_2/aria/media/minhdanh/5e31d1e3-0187-4837-8530-60bbac61578f1/home/minhdanh/Documents/EmoMV/Dataset1/DS1_TRAIN_MATCH/tense_REVIEW_TENS(38).mp4,tense,2,DS1,match,b218a5db3c116b82c17600809901f54294c1877e9938d15a363c5a4d8fe2eb87,DS1__tense_REVIEW_TENS(38),30.0,750,25.0,0,DS1__tense_REVIEW_TENS(38),0,750,30.0
DS1__tense_Tens_DEAP_DP_TENS(15),/Users/rafiabhista/Documents/code/apple/c1_audio/emomv_2/aria/media/minhdanh/5e31d1e3-0187-4837-8530-60bbac61578f1/home/minhdanh/Documents/EmoMV/Dataset1/DS1_TRAIN_MATCH/tense_Tens_DEAP_DP_TENS(15).mp4,tense,2,DS1,match,f8a8591567ec280a8e62b3f42c7247981466e9f2dab38d450ef7f44c840d0b1f,DS1__tense_Tens_DEAP_DP_TENS(15),30.0,750,25.0,0,DS1__tense_Tens_DEAP_DP_TENS(15),0,750,30.0
DS1__tense_TEST_MV(30)-5-of-13,/Users/rafiabhista/Documents/code/apple/c1_audio/emomv_2/aria/media/minhdanh/5e31d1e3-0187-4837-8530-60bbac61578f1/home/minhdanh/Documents/EmoMV/Dataset1/DS1_TRAIN_MATCH/tense_TEST_MV(30)-5-of-13.mp4,tense,2,DS1,match,93936535980a7625340e543b2c52d6441e2cd09690a23c5dfe45ec5771c76a18,DS1__tense_TEST_MV(30),28.0833,674,24.0,0,DS1__tense_TEST_MV(30)-5-of-13,0,674,28.0833
DS1__tense_ORG_TENS(92),/Users/rafiabhista/Documents/code/apple/c1_audio/emomv_2/aria/media/minhdanh/5e31d1e3-0187-4837-8530-60bbac61578f1/home/minhdanh/Documents/EmoMV/Dataset1/DS1_TRAIN_MATCH/tense_ORG_TENS(92).mp4,tense,2,DS1,match,d4d44f23003cae3086a5d6a0f36dc9573912c077f19c447edbe80e5edb9846a7,DS1__tense_ORG_TENS(92),30.1,903,30.0,0,DS1__tense_ORG_TENS(92),0,903,30.1
DS1__tense_REVIEW_NTRL(32),/Users/rafiabhista/Documents/code/apple/c1_audio/emomv_2/aria/media/minhdanh/5e31d1e3-0187-4837-8530-60bbac61578f1/home/minhdanh/Documents/EmoMV/Dataset1/DS1_TRAIN_MATCH/tense_REVIEW_NTRL(32).mp4,tense,2,DS1,match,076cdc919099fc131d1e98affc57ae7d5ba6d311a0b6516480061c36b2f364fb,DS1__tense_REVIEW_NTRL(32),29.426,882,29.9735,0,DS1__tense_REVIEW_NTRL(32),0,882,29.426
DS1__tense_TEST_MV(2)-8-of-10,/Users/rafiabhista/Documents/code/apple/c1_audio/emomv_2/aria/media/minhdanh/5e31d1e3-0187-4837-8530-60bbac61578f1/home/minhdanh/Documents/EmoMV/Dataset1/DS1_TRAIN_MATCH/tense_TEST_MV(2)-8-of-10.mp4,tense,2,DS1,match,d148965bab2312d351e2f1fd4c4df830f0841eb614f1a2a72c962172690076a9,DS1__tense_TEST_MV(2),28.5702,685,23.976,0,DS1__tense_TEST_MV(2)-8-of-10,0,685,28.5702
DS1__tense_TENS_HE(146)-7-of-8,/Users/rafiabhista/Documents/code/apple/c1_audio/emomv_2/aria/media/minhdanh/5e31d1e3-0187-4837-8530-60bbac61578f1/home/minhdanh/Documents/EmoMV/Dataset1/DS1_TRAIN_MATCH/tense_TENS_HE(146)-7-of-8.mp4,tense,2,DS1,match,86d320b3d4a5b91e2b2324b3a46a076b141f2686c69362688f4671576757f2c6,DS1__tense_TENS_HE(146),29.6667,890,30.0,0,DS1__tense_TENS_HE(146)-7-of-8,0,890,29.6667
DS1__tense_ORG_TENS(268),/Users/rafiabhista/Documents/code/apple/c1_audio/emomv_2/aria/media/minhdanh/5e31d1e3-0187-4837-8530-60bbac61578f1/home/minhdanh/Documents/EmoMV/Dataset1/DS1_TRAIN_MATCH/tense_ORG_TENS(268).mp4,tense,2,DS1,match,f35e4394a1086ff9732e5ba57c9cf0b07b984e887ccde2104924d8a1a3196379,DS1__tense_ORG_TENS(268),29.3961,881,29.97,0,DS1__tense_ORG_TENS(268),0,881,29.3961
DS1__tense_ORG_TENS(314),/Users/rafiabhista/Documents/code/apple/c1_audio/emomv_2/aria/media/minhdanh/5e31d1e3-0187-4837-8530-60bbac61578f1/home/minhdanh/Documents/EmoMV/Dataset1/DS1_TRAIN_MATCH/tense_ORG_TENS(314).mp4,tense,2,DS1,match,5803da45bc028eeb03585c821edf1af7ca07e1b29440b6f4da133041607f8a39,DS1__tense_ORG_TENS(314),29.72,743,25.0,0,DS1__tense_ORG_TENS(314),0,743,29.72
DS1__tense_TENS_MM(4)-9-of-10,/Users/rafiabhista/Documents/code/apple/c1_audio/emomv_2/aria/media/minhdanh/5e31d1e3-0187-4837-8530-60bbac61578f1/home/minhdanh/Documents/EmoMV/Dataset1/DS1_TRAIN_MATCH/tense_TENS_MM(4)-9-of-10.mp4,tense,2,DS1,match,7516d4be7da2526ff8061396c8729bd08df043278ce2d35194586abdde6ca119,DS1__tense_TENS_MM(4),29.029,696,23.976,0,DS1__tense_TENS_MM(4)-9-of-10,0,696,29.029
DS1__tense_ORG_TENS(75),/Users/rafiabhista/Documents/code/apple/c1_audio/emomv_2/aria/media/minhdanh/5e31d1e3-0187-4837-8530-60bbac61578f1/home/minhdanh/Documents/EmoMV/Dataset1/DS1_TRAIN_MATCH/tense_ORG_TENS(75).mp4,tense,2,DS1,match,2374caffd4d99bb90f726d2b52680d030d942c2cd304c64b59a1e3ba8e5bc183,DS1__tense_ORG_TENS(75),28.6537,687,23.9759,0,DS1__tense_ORG_TENS(75),0,687,28.6537
DS1__tense_ORG_TENS(281),/Users/rafiabhista/Documents/code/apple/c1_audio/emomv_2/aria/media/minhdanh/5e31d1e3-0187-4837-8530-60bbac61578f1/home/minhdanh/Documents/EmoMV/Dataset1/DS1_TRAIN_MATCH/tense_ORG_TENS(281).mp4,tense,2,DS1,match,f6cab5d163764a1e6b265820626e932be7741a5a51b52c40648c9bc5476b86b0,DS1__tense_ORG_TENS(281),30.0968,902,29.97,0,DS1__tense_ORG_TENS(281),0,902,30.0968
DS1__tense_ORG_TENS(240),/Users/rafiabhista/Documents/code/apple/c1_audio/emomv_2/aria/media/minhdanh/5e31d1e3-0187-4837-8530-60bbac61578f1/home/minhdanh/Documents/EmoMV/Dataset1/DS1_TRAIN_MATCH/tense_ORG_TENS(240).mp4,tense,2,DS1,match,a284613af172f6eac0d93de1691b8252ad9f0a9afc391843ae87fba0f0946c93,DS1__tense_ORG_TENS(240),30.0717,721,23.976,0,DS1__tense_ORG_TENS(240),0,721,30.0717
DS1__tense_TENS_HE(57)-5-of-9,/Users/rafiabhista/Documents/code/apple/c1_audio/emomv_2/aria/media/minhdanh/5e31d1e3-0187-4837-8530-60bbac61578f1/home/minhdanh/Documents/EmoMV/Dataset1/DS1_TRAIN_MATCH/tense_TENS_HE(57)-5-of-9.mp4,tense,2,DS1,match,25d5c3739766f6084a288e50acb63c430953ae0261abe13ee8528eb9662a7659,DS1__tense_TENS_HE(57),28.9956,869,29.97,0,DS1__tense_TENS_HE(57)-5-of-9,0,869,28.9956
DS1__tense_DEAP_DP_TENSxx(16),/Users/rafiabhista/Documents/code/apple/c1_audio/emomv_2/aria/media/minhdanh/5e31d1e3-0187-4837-8530-60bbac61578f1/home/minhdanh/Documents/EmoMV/Dataset1/DS1_TRAIN_MATCH/tense_DEAP_DP_TENSxx(16).mp4,tense,2,DS1,match,df1d4cbcfacab66623b87b2df4384c42338d1b7ea9357c830b02d8a131a0c68f,DS1__tense_DEAP_DP_TENSxx(16),29.321,703,23.976,0,DS1__tense_DEAP_DP_TENSxx(16),0,703,29.321
DS1__tense_ORG_TENS(96),/Users/rafiabhista/Documents/code/apple/c1_audio/emomv_2/aria/media/minhdanh/5e31d1e3-0187-4837-8530-60bbac61578f1/home/minhdanh/Documents/EmoMV/Dataset1/DS1_TRAIN_MATCH/tense_ORG_TENS(96).mp4,tense,2,DS1,match,9c85938fc13fdfcdfad168680bd8ba70d9425178f9996a336b578161ff96bf12,DS1__tense_ORG_TENS(96),28.7286,861,29.9701,0,DS1__tense_ORG_TENS(96),0,861,28.7286
DS1__tense_TENS_LLT(43)),/Users/rafiabhista/Documents/code/apple/c1_audio/emomv_2/aria/media/minhdanh/5e31d1e3-0187-4837-8530-60bbac61578f1/home/minhdanh/Documents/EmoMV/Dataset1/DS1_TRAIN_MATCH/tense_TENS_LLT(43)).mp4,tense,2,DS1,match,610a1c7fdf865499766d060146c840c7b21ee78cb6782f16ffe8b14cb054bb88,DS1__tense_TENS_LLT(43)),29.8632,895,29.97,0,DS1__tense_TENS_LLT(43)),0,895,29.8632
DS1__tense_DEAP_DP_TENSMM(2),/Users/rafiabhista/Documents/code/apple/c1_audio/emomv_2/aria/media/minhdanh/5e31d1e3-0187-4837-8530-60bbac61578f1/home/minhdanh/Documents/EmoMV/Dataset1/DS1_TRAIN_MATCH/tense_DEAP_DP_TENSMM(2).mp4,tense,2,DS1,match,65e76c2f823b5341f8ad4548a64a841a53fc25d9bb69f21d9dd27364194d36be,DS1__tense_DEAP_DP_TENSMM(2),29.8215,715,23.976,0,DS1__tense_DEAP_DP_TENSMM(2),0,715,29.8215
DS1__tense_TENS_LLT(72)),/Users/rafiabhista/Documents/code/apple/c1_audio/emomv_2/aria/media/minhdanh/5e31d1e3-0187-4837-8530-60bbac61578f1/home/minhdanh/Documents/EmoMV/Dataset1/DS1_TRAIN_MATCH/tense_TENS_LLT(72)).mp4,tense,2,DS1,match,55821f7465dddf97a7243f4833a8b6ad1ca3aa646b174e8df6ed473c03990fbc,DS1__tense_TENS_LLT(72)),29.738,713,23.976,0,DS1__tense_TENS_LLT(72)),0,713,29.738
DS1__tense_LLT_TENS(7)-7-of-12,/Users/rafiabhista/Documents/code/apple/c1_audio/emomv_2/aria/media/minhdanh/5e31d1e3-0187-4837-8530-60bbac61578f1/home/minhdanh/Documents/EmoMV/Dataset1/DS1_TRAIN_MATCH/tense_LLT_TENS(7)-7-of-12.mp4,tense,2,DS1,match,596b751e13835767b8eced8eb28bcd0fd301331b2203276d6043da79c369f134,DS1__tense_LLT_TENS(7),27.6526,663,23.976,0,DS1__tense_LLT_TENS(7)-7-of-12,0,663,27.6526
DS1__tense_TENS_HE(121)-2-of-9,/Users/rafiabhista/Documents/code/apple/c1_audio/emomv_2/aria/media/minhdanh/5e31d1e3-0187-4837-8530-60bbac61578f1/home/minhdanh/Documents/EmoMV/Dataset1/DS1_TRAIN_MATCH/tense_TENS_HE(121)-2-of-9.mp4,tense,2,DS1,match,7eb7858aa1574890bcb05929f98a18f439679cc5ee59f3f8e78ea6c24408dc6b,DS1__tense_TENS_HE(121),30.0,720,24.0,0,DS1__tense_TENS_HE(121)-2-of-9,0,720,30.0
DS1__tense_TEST_MV(36)-12-of-16,/Users/rafiabhista/Documents/code/apple/c1_audio/emomv_2/aria/media/minhdanh/5e31d1e3-0187-4837-8530-60bbac61578f1/home/minhdanh/Documents/EmoMV/Dataset1/DS1_TRAIN_MATCH/tense_TEST_MV(36)-12-of-16.mp4,tense,2,DS1,match,2d5858c8ad4f0c22041853f1a955cfc81f206f51d81357dd40807f23bee2eaf5,DS1__tense_TEST_MV(36),25.9259,777,29.97,0,DS1__tense_TEST_MV(36)-12-of-16,0,777,25.9259
DS1__tense_TENS_LLT(62)),/Users/rafiabhista/Documents/code/apple/c1_audio/emomv_2/aria/media/minhdanh/5e31d1e3-0187-4837-8530-60bbac61578f1/home/minhdanh/Documents/EmoMV/Dataset1/DS1_TRAIN_MATCH/tense_TENS_LLT(62)).mp4,tense,2,DS1,match,0d8dbf094e86d5f4e1e6940acefb58777f8b3c3c28965d7e31daa5d013fe437e,DS1__tense_TENS_LLT(62)),29.9966,899,29.97,0,DS1__tense_TENS_LLT(62)),0,899,29.9966
DS1__tense_ORG_TENS(196),/Users/rafiabhista/Documents/code/apple/c1_audio/emomv_2/aria/media/minhdanh/5e31d1e3-0187-4837-8530-60bbac61578f1/home/minhdanh/Documents/EmoMV/Dataset1/DS1_TRAIN_MATCH/tense_ORG_TENS(196).mp4,tense,2,DS1,match,1ffd324ca02dbe9b3f98e000af6d5ebbb8720a6bf89424abe60f77502377cc0d,DS1__tense_ORG_TENS(196),29.56,739,25.0,0,DS1__tense_ORG_TENS(196),0,739,29.56
DS1__tense_ORG_TENS(233),/Users/rafiabhista/Documents/code/apple/c1_audio/emomv_2/aria/media/minhdanh/5e31d1e3-0187-4837-8530-60bbac61578f1/home/minhdanh/Documents/EmoMV/Dataset1/DS1_TRAIN_MATCH/tense_ORG_TENS(233).mp4,tense,2,DS1,match,01349128dd5ec52477d9cb4ad493d3f4cabfb73f2a0e4ecb8ec0a1601ad6e444,DS1__tense_ORG_TENS(233),28.9957,869,29.97,0,DS1__tense_ORG_TENS(233),0,869,28.9957
DS1__tense_NORM_HEA(53)-5-of-6,/Users/rafiabhista/Documents/code/apple/c1_audio/emomv_2/aria/media/minhdanh/5e31d1e3-0187-4837-8530-60bbac61578f1/home/minhdanh/Documents/EmoMV/Dataset1/DS1_TRAIN_MATCH/tense_NORM_HEA(53)-5-of-6.mp4,tense,2,DS1,match,b88b12e5a63d159a06ca55e2d47d7bb5de96e39b7d7c0ebdee8f6bb9936e9b02,DS1__tense_NORM_HEA(53),29.9049,717,23.976,0,DS1__tense_NORM_HEA(53)-5-of-6,0,717,29.9049
DS1__tense_NORM_HEA(36)-5-of-8,/Users/rafiabhista/Documents/code/apple/c1_audio/emomv_2/aria/media/minhdanh/5e31d1e3-0187-4837-8530-60bbac61578f1/home/minhdanh/Documents/EmoMV/Dataset1/DS1_TRAIN_MATCH/tense_NORM_HEA(36)-5-of-8.mp4,tense,2,DS1,match,1d7d0b3cbde41ac58a640cfc2264c222375988bffdc38582c7788d81bc510c24,DS1__tense_NORM_HEA(36),30.0,750,25.0,0,DS1__tense_NORM_HEA(36)-5-of-8,0,750,30.0
DS1__tense_ORG_TENS(333),/Users/rafiabhista/Documents/code/apple/c1_audio/emomv_2/aria/media/minhdanh/5e31d1e3-0187-4837-8530-60bbac61578f1/home/minhdanh/Documents/EmoMV/Dataset1/DS1_TRAIN_MATCH/tense_ORG_TENS(333).mp4,tense,2,DS1,match,1cf2e26f4507d2bccb548f7d33e8672a656e631354f5089dfc2dcf8d12e6357f,DS1__tense_ORG_TENS(333),29.28,732,25.0,0,DS1__tense_ORG_TENS(333),0,732,29.28
DS1__tense_ORG_TENS(31),/Users/rafiabhista/Documents/code/apple/c1_audio/emomv_2/aria/media/minhdanh/5e31d1e3-0187-4837-8530-60bbac61578f1/home/minhdanh/Documents/EmoMV/Dataset1/DS1_TRAIN_MATCH/tense_ORG_TENS(31).mp4,tense,2,DS1,match,d804f6b47df1c83c183da51739b94bfac46b22fe3f088aed31f792f9ba09e4a1,DS1__tense_ORG_TENS(31),29.663,889,29.97,0,DS1__tense_ORG_TENS(31),0,889,29.663
DS1__tense_ORG_TENS(14),/Users/rafiabhista/Documents/code/apple/c1_audio/emomv_2/aria/media/minhdanh/5e31d1e3-0187-4837-8530-60bbac61578f1/home/minhdanh/Documents/EmoMV/Dataset1/DS1_TRAIN_MATCH/tense_ORG_TENS(14).mp4,tense,2,DS1,match,255bf48d92b2137fd2fe7e80b0a49d38a12324e83a82172b531ec790f7fc32f5,DS1__tense_ORG_TENS(14),25.5922,767,29.97,0,DS1__tense_ORG_TENS(14),0,767,25.5922
DS1__tense_ORG_TENS(262),/Users/rafiabhista/Documents/code/apple/c1_audio/emomv_2/aria/media/minhdanh/5e31d1e3-0187-4837-8530-60bbac61578f1/home/minhdanh/Documents/EmoMV/Dataset1/DS1_TRAIN_MATCH/tense_ORG_TENS(262).mp4,tense,2,DS1,match,d0f88592f643f6fa35092489ee462bd21aed5bbfe5183468ea8cc9080ba589a1,DS1__tense_ORG_TENS(262),29.6,888,30.0,0,DS1__tense_ORG_TENS(262),0,888,29.6
DS1__tense_TEST_TENS(9)-4-of-9,/Users/rafiabhista/Documents/code/apple/c1_audio/emomv_2/aria/media/minhdanh/5e31d1e3-0187-4837-8530-60bbac61578f1/home/minhdanh/Documents/EmoMV/Dataset1/DS1_TRAIN_MATCH/tense_TEST_TENS(9)-4-of-9.mp4,tense,2,DS1,match,81830c09805fe520a585236deca928eafc1db25ecc331a1dcb57dce1a5d5ec62,DS1__tense_TEST_TENS(9),29.7631,892,29.97,0,DS1__tense_TEST_TENS(9)-4-of-9,0,892,29.7631
DS1__tense_TEST_TENS_NN(8)-6-of-7,/Users/rafiabhista/Documents/code/apple/c1_audio/emomv_2/aria/media/minhdanh/5e31d1e3-0187-4837-8530-60bbac61578f1/home/minhdanh/Documents/EmoMV/Dataset1/DS1_TRAIN_MATCH/tense_TEST_TENS_NN(8)-6-of-7.mp4,tense,2,DS1,match,26ae4ea28a1fe47b416075f75aaf3601f1718c2c8d10043b47aad627aeef6f41,DS1__tense_TEST_TENS_NN(8),29.8632,895,29.97,0,DS1__tense_TEST_TENS_NN(8)-6-of-7,0,895,29.8632
DS1__tense_TENS_MM(3)-8-of-9,/Users/rafiabhista/Documents/code/apple/c1_audio/emomv_2/aria/media/minhdanh/5e31d1e3-0187-4837-8530-60bbac61578f1/home/minhdanh/Documents/EmoMV/Dataset1/DS1_TRAIN_MATCH/tense_TENS_MM(3)-8-of-9.mp4,tense,2,DS1,match,cb01aa1aed09b6322edeab2bc0e1f08444f98a79e1f08dcaf54d6e623263efc9,DS1__tense_TENS_MM(3),29.5295,708,23.976,0,DS1__tense_TENS_MM(3)-8-of-9,0,708,29.5295
DS1__tense_TENS_MM(15)-3-of-6,/Users/rafiabhista/Documents/code/apple/c1_audio/emomv_2/aria/media/minhdanh/5e31d1e3-0187-4837-8530-60bbac61578f1/home/minhdanh/Documents/EmoMV/Dataset1/DS1_TRAIN_MATCH/tense_TENS_MM(15)-3-of-6.mp4,tense,2,DS1,match,51b29db46f3efab80dffdcdd204b551169dc0a2530943fd322dae32eb225007d,DS1__tense_TENS_MM(15),29.029,696,23.976,0,DS1__tense_TENS_MM(15)-3-of-6,0,696,29.029
DS1__tense_ORG_TENS(122),/Users/rafiabhista/Documents/code/apple/c1_audio/emomv_2/aria/media/minhdanh/5e31d1e3-0187-4837-8530-60bbac61578f1/home/minhdanh/Documents/EmoMV/Dataset1/DS1_TRAIN_MATCH/tense_ORG_TENS(122).mp4,tense,2,DS1,match,2c8e939e3a197d03d0240af83c12fe6deb4d062037c0f23799e5e4245bcc4a3f,DS1__tense_ORG_TENS(122),29.8632,716,23.976,0,DS1__tense_ORG_TENS(122),0,716,29.8632
DS1__tense_TEST_TENS(16)-4-of-7,/Users/rafiabhista/Documents/code/apple/c1_audio/emomv_2/aria/media/minhdanh/5e31d1e3-0187-4837-8530-60bbac61578f1/home/minhdanh/Documents/EmoMV/Dataset1/DS1_TRAIN_MATCH/tense_TEST_TENS(16)-4-of-7.mp4,tense,2,DS1,match,842684730cde0985d74bb80d629ff098b531affbc96611cfcf2f8f819b605116,DS1__tense_TEST_TENS(16),28.875,693,24.0,0,DS1__tense_TEST_TENS(16)-4-of-7,0,693,28.875
DS1__tense_REVIEW_TENS(14),/Users/rafiabhista/Documents/code/apple/c1_audio/emomv_2/aria/media/minhdanh/5e31d1e3-0187-4837-8530-60bbac61578f1/home/minhdanh/Documents/EmoMV/Dataset1/DS1_TRAIN_MATCH/tense_REVIEW_TENS(14).mp4,tense,2,DS1,match,7645da3143ff7dc0cc8432d2923bbdce457574339f4ce05443dd4d095d60b57b,DS1__tense_REVIEW_TENS(14),30.0,750,25.0,0,DS1__tense_REVIEW_TENS(14),0,750,30.0
DS1__tense_ORG_TENS(310),/Users/rafiabhista/Documents/code/apple/c1_audio/emomv_2/aria/media/minhdanh/5e31d1e3-0187-4837-8530-60bbac61578f1/home/minhdanh/Documents/EmoMV/Dataset1/DS1_TRAIN_MATCH/tense_ORG_TENS(310).mp4,tense,2,DS1,match,fc656213ef72388a8cd0d673a8ebe4c0462bb7ab5d1260a996710133e53144e1,DS1__tense_ORG_TENS(310),28.56,714,25.0,0,DS1__tense_ORG_TENS(310),0,714,28.56
DS1__tense_ORG_TENS(144),/Users/rafiabhista/Documents/code/apple/c1_audio/emomv_2/aria/media/minhdanh/5e31d1e3-0187-4837-8530-60bbac61578f1/home/minhdanh/Documents/EmoMV/Dataset1/DS1_TRAIN_MATCH/tense_ORG_TENS(144).mp4,tense,2,DS1,match,8cdc08699f1ab7281988a1f96cac7c916f803db9a0d9275fe8fae8d2ee2dcdfb,DS1__tense_ORG_TENS(144),28.9038,693,23.9761,0,DS1__tense_ORG_TENS(144),0,693,28.9038
DS1__tense_TEST_TENS_NN(10)-5-of-7,/Users/rafiabhista/Documents/code/apple/c1_audio/emomv_2/aria/media/minhdanh/5e31d1e3-0187-4837-8530-60bbac61578f1/home/minhdanh/Documents/EmoMV/Dataset1/DS1_TRAIN_MATCH/tense_TEST_TENS_NN(10)-5-of-7.mp4,tense,2,DS1,match,ebf063e7f8497a5cadf9b4fdd0e702da0667fb58f4c1104ecb156fd194e0101f,DS1__tense_TEST_TENS_NN(10),29.321,703,23.976,0,DS1__tense_TEST_TENS_NN(10)-5-of-7,0,703,29.321
DS1__tense_REVIEW_TENS(24),/Users/rafiabhista/Documents/code/apple/c1_audio/emomv_2/aria/media/minhdanh/5e31d1e3-0187-4837-8530-60bbac61578f1/home/minhdanh/Documents/EmoMV/Dataset1/DS1_TRAIN_MATCH/tense_REVIEW_TENS(24).mp4,tense,2,DS1,match,506d84eb68898b5819dc2497bf308ee020ba4c23b0e9565c96396b971bce7234,DS1__tense_REVIEW_TENS(24),28.6667,688,24.0,0,DS1__tense_REVIEW_TENS(24),0,688,28.6667
DS1__tense_ORG_TENS(33),/Users/rafiabhista/Documents/code/apple/c1_audio/emomv_2/aria/media/minhdanh/5e31d1e3-0187-4837-8530-60bbac61578f1/home/minhdanh/Documents/EmoMV/Dataset1/DS1_TRAIN_MATCH/tense_ORG_TENS(33).mp4,tense,2,DS1,match,557b5fa774273e12c7f7e8fd49b08cd50087f80acb657be98f062f886e947aaa,DS1__tense_ORG_TENS(33),30.7333,922,30.0,0,DS1__tense_ORG_TENS(33),0,922,30.7333
DS1__tense_ORG_TENS(265),/Users/rafiabhista/Documents/code/apple/c1_audio/emomv_2/aria/media/minhdanh/5e31d1e3-0187-4837-8530-60bbac61578f1/home/minhdanh/Documents/EmoMV/Dataset1/DS1_TRAIN_MATCH/tense_ORG_TENS(265).mp4,tense,2,DS1,match,68258976fcd095facbf413b1292c796ad1f85b8594c79d9c428e7b6c39e4915c,DS1__tense_ORG_TENS(265),32.1989,965,29.97,0,DS1__tense_ORG_TENS(265),0,965,32.1989
DS1__tense_TEST_MV(87)-2-of-11,/Users/rafiabhista/Documents/code/apple/c1_audio/emomv_2/aria/media/minhdanh/5e31d1e3-0187-4837-8530-60bbac61578f1/home/minhdanh/Documents/EmoMV/Dataset1/DS1_TRAIN_MATCH/tense_TEST_MV(87)-2-of-11.mp4,tense,2,DS1,match,0106dba3b75acf1fd7e2395ca9a28fadf8ba50836205d79775cd6851ceb2efab,DS1__tense_TEST_MV(87),28.6333,859,30.0,0,DS1__tense_TEST_MV(87)-2-of-11,0,859,28.6333
DS1__tense_REVIEW_NTRL(39),/Users/rafiabhista/Documents/code/apple/c1_audio/emomv_2/aria/media/minhdanh/5e31d1e3-0187-4837-8530-60bbac61578f1/home/minhdanh/Documents/EmoMV/Dataset1/DS1_TRAIN_MATCH/tense_REVIEW_NTRL(39).mp4,tense,2,DS1,match,db818c4382e266aa850fcb596fe738d546dfeeb97b0b077a529e9868dbd22832,DS1__tense_REVIEW_NTRL(39),29.8965,896,29.97,0,DS1__tense_REVIEW_NTRL(39),0,896,29.8965
DS1__tense_ORG_TENS(198),/Users/rafiabhista/Documents/code/apple/c1_audio/emomv_2/aria/media/minhdanh/5e31d1e3-0187-4837-8530-60bbac61578f1/home/minhdanh/Documents/EmoMV/Dataset1/DS1_TRAIN_MATCH/tense_ORG_TENS(198).mp4,tense,2,DS1,match,f23e515f59db916f294e6923211fed554d1158fa84165ae399503aa850ff4435,DS1__tense_ORG_TENS(198),29.04,726,25.0,0,DS1__tense_ORG_TENS(198),0,726,29.04
DS1__tense_ORG_TENS(298),/Users/rafiabhista/Documents/code/apple/c1_audio/emomv_2/aria/media/minhdanh/5e31d1e3-0187-4837-8530-60bbac61578f1/home/minhdanh/Documents/EmoMV/Dataset1/DS1_TRAIN_MATCH/tense_ORG_TENS(298).mp4,tense,2,DS1,match,42f5c084d2350baec5ed0c05b01b43bf0458ff036a8c43a0a8564a117a3a0223,DS1__tense_ORG_TENS(298),29.7,891,30.0,0,DS1__tense_ORG_TENS(298),0,891,29.7
DS1__tense_LLT_TENS(13)-3-of-11,/Users/rafiabhista/Documents/code/apple/c1_audio/emomv_2/aria/media/minhdanh/5e31d1e3-0187-4837-8530-60bbac61578f1/home/minhdanh/Documents/EmoMV/Dataset1/DS1_TRAIN_MATCH/tense_LLT_TENS(13)-3-of-11.mp4,tense,2,DS1,match,f6f392ebebf9c0f62dc581b518146347283ce0ba6a2943a08f033ee5969cdc90,DS1__tense_LLT_TENS(13),26.3667,791,30.0,0,DS1__tense_LLT_TENS(13)-3-of-11,0,791,26.3667
DS1__tense_TENS_MM(6)-4-of-8,/Users/rafiabhista/Documents/code/apple/c1_audio/emomv_2/aria/media/minhdanh/5e31d1e3-0187-4837-8530-60bbac61578f1/home/minhdanh/Documents/EmoMV/Dataset1/DS1_TRAIN_MATCH/tense_TENS_MM(6)-4-of-8.mp4,tense,2,DS1,match,dd81825de6e4888b3c88c8a9d1c95e03e5be7727e0bf8bbbb72f9164cd748337,DS1__tense_TENS_MM(6),29.8632,895,29.97,0,DS1__tense_TENS_MM(6)-4-of-8,0,895,29.8632
DS1__tense_ORG_TENS(256),/Users/rafiabhista/Documents/code/apple/c1_audio/emomv_2/aria/media/minhdanh/5e31d1e3-0187-4837-8530-60bbac61578f1/home/minhdanh/Documents/EmoMV/Dataset1/DS1_TRAIN_MATCH/tense_ORG_TENS(256).mp4,tense,2,DS1,match,5f763e1ac1a0ea4067cd57c94dcfce4966edf6db93aabee3eada211b9db82d8a,DS1__tense_ORG_TENS(256),28.32,679,23.976,0,DS1__tense_ORG_TENS(256),0,679,28.32
DS1__tense_ORG_TENS(309),/Users/rafiabhista/Documents/code/apple/c1_audio/emomv_2/aria/media/minhdanh/5e31d1e3-0187-4837-8530-60bbac61578f1/home/minhdanh/Documents/EmoMV/Dataset1/DS1_TRAIN_MATCH/tense_ORG_TENS(309).mp4,tense,2,DS1,match,2dda9ea7347c29beee884a2b477c66a700568a9ad24fa68bc19f5f8647b64ac6,DS1__tense_ORG_TENS(309),30.0417,721,24.0,0,DS1__tense_ORG_TENS(309),0,721,30.0417
DS1__tense_ORG_TENS(327),/Users/rafiabhista/Documents/code/apple/c1_audio/emomv_2/aria/media/minhdanh/5e31d1e3-0187-4837-8530-60bbac61578f1/home/minhdanh/Documents/EmoMV/Dataset1/DS1_TRAIN_MATCH/tense_ORG_TENS(327).mp4,tense,2,DS1,match,f1b13686019a3bf48dff8aff84a9bd4c0ccca5a97dc97d674b0841ac14f9ffc0,DS1__tense_ORG_TENS(327),29.3333,704,24.0,0,DS1__tense_ORG_TENS(327),0,704,29.3333
DS1__tense_ORG_TENS(47),/Users/rafiabhista/Documents/code/apple/c1_audio/emomv_2/aria/media/minhdanh/5e31d1e3-0187-4837-8530-60bbac61578f1/home/minhdanh/Documents/EmoMV/Dataset1/DS1_TRAIN_MATCH/tense_ORG_TENS(47).mp4,tense,2,DS1,match,7bd74e2b485183312bbc18e531f9f159c05288bd21edf84c7f0076a58522ad15,DS1__tense_ORG_TENS(47),24.5245,735,29.97,0,DS1__tense_ORG_TENS(47),0,735,24.5245
DS1__tense_TEST_MV(81)-3-of-8,/Users/rafiabhista/Documents/code/apple/c1_audio/emomv_2/aria/media/minhdanh/5e31d1e3-0187-4837-8530-60bbac61578f1/home/minhdanh/Documents/EmoMV/Dataset1/DS1_TRAIN_MATCH/tense_TEST_MV(81)-3-of-8.mp4,tense,2,DS1,match,b4f2772119b72063eb8828fd89c1888162b9c5d91c6e2092f83324c87cc8dacd,DS1__tense_TEST_MV(81),29.2959,878,29.97,0,DS1__tense_TEST_MV(81)-3-of-8,0,878,29.2959
DS1__tense_TEST_MV(63)-8-of-9,/Users/rafiabhista/Documents/code/apple/c1_audio/emomv_2/aria/media/minhdanh/5e31d1e3-0187-4837-8530-60bbac61578f1/home/minhdanh/Documents/EmoMV/Dataset1/DS1_TRAIN_MATCH/tense_TEST_MV(63)-8-of-9.mp4,tense,2,DS1,match,114ace4e46ba48cb65d05e9bcd2fc5394ed4c54dd4d251f8f8d236f5581b09fa,DS1__tense_TEST_MV(63),28.64,716,25.0,0,DS1__tense_TEST_MV(63)-8-of-9,0,716,28.64
DS1__tense_TENS_LLT(65)),/Users/rafiabhista/Documents/code/apple/c1_audio/emomv_2/aria/media/minhdanh/5e31d1e3-0187-4837-8530-60bbac61578f1/home/minhdanh/Documents/EmoMV/Dataset1/DS1_TRAIN_MATCH/tense_TENS_LLT(65)).mp4,tense,2,DS1,match,34d1153fd9e3e27cb887828c5030f409fac795900b404621deff216af43591c0,DS1__tense_TENS_LLT(65)),29.8632,895,29.97,0,DS1__tense_TENS_LLT(65)),0,895,29.8632
DS1__tense_LLT_TENS(5)-6-of-10,/Users/rafiabhista/Documents/code/apple/c1_audio/emomv_2/aria/media/minhdanh/5e31d1e3-0187-4837-8530-60bbac61578f1/home/minhdanh/Documents/EmoMV/Dataset1/DS1_TRAIN_MATCH/tense_LLT_TENS(5)-6-of-10.mp4,tense,2,DS1,match,a8d26c410cfb628c6f7f539a0a10b7a58828cec85731e4cf397cd153f326ec8e,DS1__tense_LLT_TENS(5),29.32,733,25.0,0,DS1__tense_LLT_TENS(5)-6-of-10,0,733,29.32
DS1__tense_DEAP_DB_FEARR(4),/Users/rafiabhista/Documents/code/apple/c1_audio/emomv_2/aria/media/minhdanh/5e31d1e3-0187-4837-8530-60bbac61578f1/home/minhdanh/Documents/EmoMV/Dataset1/DS1_TRAIN_MATCH/tense_DEAP_DB_FEARR(4).mp4,tense,2,DS1,match,ef2da8b4956a80973031ce916b3563588688fb86345336227128b37389b0a1aa,DS1__tense_DEAP_DB_FEARR(4),29.8298,894,29.97,0,DS1__tense_DEAP_DB_FEARR(4),0,894,29.8298
DS1__tense_ORG_TENS(280),/Users/rafiabhista/Documents/code/apple/c1_audio/emomv_2/aria/media/minhdanh/5e31d1e3-0187-4837-8530-60bbac61578f1/home/minhdanh/Documents/EmoMV/Dataset1/DS1_TRAIN_MATCH/tense_ORG_TENS(280).mp4,tense,2,DS1,match,f35f1cb2772f4b86c95b7e324a8b5687383c84f8ed2584235ac70b3680f64a02,DS1__tense_ORG_TENS(280),29.0707,697,23.976,0,DS1__tense_ORG_TENS(280),0,697,29.0707
DS1__tense_ORG_TENS(28),/Users/rafiabhista/Documents/code/apple/c1_audio/emomv_2/aria/media/minhdanh/5e31d1e3-0187-4837-8530-60bbac61578f1/home/minhdanh/Documents/EmoMV/Dataset1/DS1_TRAIN_MATCH/tense_ORG_TENS(28).mp4,tense,2,DS1,match,a509b616a41ab8a4831f7f5b1c927f88bc886c7c7ae1b9bb027f5941b7027bc6,DS1__tense_ORG_TENS(28),25.8174,619,23.976,0,DS1__tense_ORG_TENS(28),0,619,25.8174
DS1__tense_DEAP_DP_TENSxx(0),/Users/rafiabhista/Documents/code/apple/c1_audio/emomv_2/aria/media/minhdanh/5e31d1e3-0187-4837-8530-60bbac61578f1/home/minhdanh/Documents/EmoMV/Dataset1/DS1_TRAIN_MATCH/tense_DEAP_DP_TENSxx(0).mp4,tense,2,DS1,match,43451bb4799d1fa6e2fd5880e8132540e0c0156326f7374d59313de5d3e46fcd,DS1__tense_DEAP_DP_TENSxx(0),29.8632,716,23.976,0,DS1__tense_DEAP_DP_TENSxx(0),0,716,29.8632
DS1__tense_ORG_TENS(317),/Users/rafiabhista/Documents/code/apple/c1_audio/emomv_2/aria/media/minhdanh/5e31d1e3-0187-4837-8530-60bbac61578f1/home/minhdanh/Documents/EmoMV/Dataset1/DS1_TRAIN_MATCH/tense_ORG_TENS(317).mp4,tense,2,DS1,match,253ffed9f2f53e44e836eadce3e23be8cb4bd613be414b6b3035d2058a624f03,DS1__tense_ORG_TENS(317),29.1,873,30.0,0,DS1__tense_ORG_TENS(317),0,873,29.1
DS1__tense_TEST_MV(86)-3-of-8,/Users/rafiabhista/Documents/code/apple/c1_audio/emomv_2/aria/media/minhdanh/5e31d1e3-0187-4837-8530-60bbac61578f1/home/minhdanh/Documents/EmoMV/Dataset1/DS1_TRAIN_MATCH/tense_TEST_MV(86)-3-of-8.mp4,tense,2,DS1,match,cd405cd9db04a5c7023752a6af85e44ef559a464ca7fd0b27cef5617a8105147,DS1__tense_TEST_MV(86),29.96,749,25.0,0,DS1__tense_TEST_MV(86)-3-of-8,0,749,29.96
DS1__tense_Tens_DEAP_DP_TENS(14),/Users/rafiabhista/Documents/code/apple/c1_audio/emomv_2/aria/media/minhdanh/5e31d1e3-0187-4837-8530-60bbac61578f1/home/minhdanh/Documents/EmoMV/Dataset1/DS1_TRAIN_MATCH/tense_Tens_DEAP_DP_TENS(14).mp4,tense,2,DS1,match,f8de580649ed6a083dbdebefd83f57c0afd781261717003d674852a1fbc55316,DS1__tense_Tens_DEAP_DP_TENS(14),30.0,750,25.0,0,DS1__tense_Tens_DEAP_DP_TENS(14),0,750,30.0
DS1__tense_ORG_TENS(304),/Users/rafiabhista/Documents/code/apple/c1_audio/emomv_2/aria/media/minhdanh/5e31d1e3-0187-4837-8530-60bbac61578f1/home/minhdanh/Documents/EmoMV/Dataset1/DS1_TRAIN_MATCH/tense_ORG_TENS(304).mp4,tense,2,DS1,match,651a2df9b86adb6201762968f0037abb7e8e245aae8ae91770c2576aae5e35f3,DS1__tense_ORG_TENS(304),29.4962,884,29.97,0,DS1__tense_ORG_TENS(304),0,884,29.4962
DS1__tense_REVIEW_TENS(61),/Users/rafiabhista/Documents/code/apple/c1_audio/emomv_2/aria/media/minhdanh/5e31d1e3-0187-4837-8530-60bbac61578f1/home/minhdanh/Documents/EmoMV/Dataset1/DS1_TRAIN_MATCH/tense_REVIEW_TENS(61).mp4,tense,2,DS1,match,2666f9e496cc6748a4bbe1277258fa12c6128e9538f1fa3ebdb9775d917fdd0a,DS1__tense_REVIEW_TENS(61),29.9966,899,29.97,0,DS1__tense_REVIEW_TENS(61),0,899,29.9966
DS1__tense_ORG_TENS(84),/Users/rafiabhista/Documents/code/apple/c1_audio/emomv_2/aria/media/minhdanh/5e31d1e3-0187-4837-8530-60bbac61578f1/home/minhdanh/Documents/EmoMV/Dataset1/DS1_TRAIN_MATCH/tense_ORG_TENS(84).mp4,tense,2,DS1,match,2ceee968f30c3f5b08ebca35dd1e7f66f52ca746c2c540f093dad42cd32df1cd,DS1__tense_ORG_TENS(84),29.2293,876,29.9699,0,DS1__tense_ORG_TENS(84),0,876,29.2293
DS1__tense_ORG_TENS(293),/Users/rafiabhista/Documents/code/apple/c1_audio/emomv_2/aria/media/minhdanh/5e31d1e3-0187-4837-8530-60bbac61578f1/home/minhdanh/Documents/EmoMV/Dataset1/DS1_TRAIN_MATCH/tense_ORG_TENS(293).mp4,tense,2,DS1,match,84ff6a8250bed68dc501921469ad22809fa0e8cbc9bdd655672006fff3801ca3,DS1__tense_ORG_TENS(293),29.92,748,25.0,0,DS1__tense_ORG_TENS(293),0,748,29.92
DS1__tense_TENS_MM(4)-6-of-10,/Users/rafiabhista/Documents/code/apple/c1_audio/emomv_2/aria/media/minhdanh/5e31d1e3-0187-4837-8530-60bbac61578f1/home/minhdanh/Documents/EmoMV/Dataset1/DS1_TRAIN_MATCH/tense_TENS_MM(4)-6-of-10.mp4,tense,2,DS1,match,93e4ac25106242264b51245cc76b7f800565dff12382f9e0e3eae820ea08544c,DS1__tense_TENS_MM(4),29.9466,718,23.976,0,DS1__tense_TENS_MM(4)-6-of-10,0,718,29.9466
DS1__tense_TENS_LLT(67)),/Users/rafiabhista/Documents/code/apple/c1_audio/emomv_2/aria/media/minhdanh/5e31d1e3-0187-4837-8530-60bbac61578f1/home/minhdanh/Documents/EmoMV/Dataset1/DS1_TRAIN_MATCH/tense_TENS_LLT(67)).mp4,tense,2,DS1,match,8b3459b28f227a6afd9ebbb5279bfb0071168d383e071735325f260ba6be5b44,DS1__tense_TENS_LLT(67)),30.0,750,25.0,0,DS1__tense_TENS_LLT(67)),0,750,30.0
DS1__tense_TEST_MV(83)-5-of-6,/Users/rafiabhista/Documents/code/apple/c1_audio/emomv_2/aria/media/minhdanh/5e31d1e3-0187-4837-8530-60bbac61578f1/home/minhdanh/Documents/EmoMV/Dataset1/DS1_TRAIN_MATCH/tense_TEST_MV(83)-5-of-6.mp4,tense,2,DS1,match,432e0a7b845e5486ed798819292dbe6aabab3b5b4458644bbde3681074564b6d,DS1__tense_TEST_MV(83),28.8,864,30.0,0,DS1__tense_TEST_MV(83)-5-of-6,0,864,28.8
DS1__tense_TENS_MM(8)-9-of-11,/Users/rafiabhista/Documents/code/apple/c1_audio/emomv_2/aria/media/minhdanh/5e31d1e3-0187-4837-8530-60bbac61578f1/home/minhdanh/Documents/EmoMV/Dataset1/DS1_TRAIN_MATCH/tense_TENS_MM(8)-9-of-11.mp4,tense,2,DS1,match,1d5d2e1cd1ad167c61a0965634d1c18daef6588930217a1d27a2eedde0b28b53,DS1__tense_TENS_MM(8),29.8632,716,23.976,0,DS1__tense_TENS_MM(8)-9-of-11,0,716,29.8632
DS1__tense_ORG_TENS(110),/Users/rafiabhista/Documents/code/apple/c1_audio/emomv_2/aria/media/minhdanh/5e31d1e3-0187-4837-8530-60bbac61578f1/home/minhdanh/Documents/EmoMV/Dataset1/DS1_TRAIN_MATCH/tense_ORG_TENS(110).mp4,tense,2,DS1,match,a470992eae33e2c8e37ef13cabbcaec17dad1f025672f441a14f1fe837b60d85,DS1__tense_ORG_TENS(110),29.7631,892,29.97,0,DS1__tense_ORG_TENS(110),0,892,29.7631
DS1__tense_ORG_TENS(277),/Users/rafiabhista/Documents/code/apple/c1_audio/emomv_2/aria/media/minhdanh/5e31d1e3-0187-4837-8530-60bbac61578f1/home/minhdanh/Documents/EmoMV/Dataset1/DS1_TRAIN_MATCH/tense_ORG_TENS(277).mp4,tense,2,DS1,match,0b5e9dfed3bae2c143256495f57aa5d864440f288e3a0a1b18f934601410db4b,DS1__tense_ORG_TENS(277),29.1124,698,23.976,0,DS1__tense_ORG_TENS(277),0,698,29.1124
DS1__tense_ORG_TENS(350),/Users/rafiabhista/Documents/code/apple/c1_audio/emomv_2/aria/media/minhdanh/5e31d1e3-0187-4837-8530-60bbac61578f1/home/minhdanh/Documents/EmoMV/Dataset1/DS1_TRAIN_MATCH/tense_ORG_TENS(350).mp4,tense,2,DS1,match,6c8b4803f8dd2561518764a7ff353ad3b7bdf74a7c08d4f413b3acf9ac920b60,DS1__tense_ORG_TENS(350),28.7787,690,23.9761,0,DS1__tense_ORG_TENS(350),0,690,28.7787
DS1__tense_TENS_HE(18)-4-of-10,/Users/rafiabhista/Documents/code/apple/c1_audio/emomv_2/aria/media/minhdanh/5e31d1e3-0187-4837-8530-60bbac61578f1/home/minhdanh/Documents/EmoMV/Dataset1/DS1_TRAIN_MATCH/tense_TENS_HE(18)-4-of-10.mp4,tense,2,DS1,match,b11c65129e4c21629e553232b41665560184e65e0ab896ac272991d90e334786,DS1__tense_TENS_HE(18),29.9466,718,23.976,0,DS1__tense_TENS_HE(18)-4-of-10,0,718,29.9466
DS1__tense_ORG_TENS(22),/Users/rafiabhista/Documents/code/apple/c1_audio/emomv_2/aria/media/minhdanh/5e31d1e3-0187-4837-8530-60bbac61578f1/home/minhdanh/Documents/EmoMV/Dataset1/DS1_TRAIN_MATCH/tense_ORG_TENS(22).mp4,tense,2,DS1,match,ebb98262bf7f50e5c6f69db307184c85c338f745e98ad54f0e648426008404fa,DS1__tense_ORG_TENS(22),27.92,698,25.0,0,DS1__tense_ORG_TENS(22),0,698,27.92
DS1__tense_ORG_TENS(215),/Users/rafiabhista/Documents/code/apple/c1_audio/emomv_2/aria/media/minhdanh/5e31d1e3-0187-4837-8530-60bbac61578f1/home/minhdanh/Documents/EmoMV/Dataset1/DS1_TRAIN_MATCH/tense_ORG_TENS(215).mp4,tense,2,DS1,match,37f797f482c89fd256f855bbe49743ef5babdb939e0df58fd049327f147e20a6,DS1__tense_ORG_TENS(215),28.893,809,27.9999,0,DS1__tense_ORG_TENS(215),0,809,28.893
DS1__tense_ORG_TENS(220),/Users/rafiabhista/Documents/code/apple/c1_audio/emomv_2/aria/media/minhdanh/5e31d1e3-0187-4837-8530-60bbac61578f1/home/minhdanh/Documents/EmoMV/Dataset1/DS1_TRAIN_MATCH/tense_ORG_TENS(220).mp4,tense,2,DS1,match,82332c4364561bc1f6ae3e29cf23d9c30ee1206853a022f61b878ce963df6107,DS1__tense_ORG_TENS(220),29.6787,831,27.9999,0,DS1__tense_ORG_TENS(220),0,831,29.6787
DS1__tense_REVIEW_TENS(23),/Users/rafiabhista/Documents/code/apple/c1_audio/emomv_2/aria/media/minhdanh/5e31d1e3-0187-4837-8530-60bbac61578f1/home/minhdanh/Documents/EmoMV/Dataset1/DS1_TRAIN_MATCH/tense_REVIEW_TENS(23).mp4,tense,2,DS1,match,f200282761baf24f95fbfad11656bf906168bdba85c79e245230962c0faa48a2,DS1__tense_REVIEW_TENS(23),29.2292,876,29.97,0,DS1__tense_REVIEW_TENS(23),0,876,29.2292
DS1__tense_ORG_TENS(49),/Users/rafiabhista/Documents/code/apple/c1_audio/emomv_2/aria/media/minhdanh/5e31d1e3-0187-4837-8530-60bbac61578f1/home/minhdanh/Documents/EmoMV/Dataset1/DS1_TRAIN_MATCH/tense_ORG_TENS(49).mp4,tense,2,DS1,match,2e3c7349d50d4c18d2ceef593a40b5339defe4663c718313ed51255be24b4087,DS1__tense_ORG_TENS(49),29.8966,896,29.97,0,DS1__tense_ORG_TENS(49),0,896,29.8966
DS1__tense_TENS_HE(161)__win0,/Users/rafiabhista/Documents/code/apple/c1_audio/emomv_2/aria/media/minhdanh/5e31d1e3-0187-4837-8530-60bbac61578f1/home/minhdanh/Documents/EmoMV/Dataset1/DS1_TRAIN_MATCH/tense_TENS_HE(161).mp4,tense,2,DS1,match,582e5dece745ee38dcc380905840f7ae0b6fd38c6dc7ccf1ef9b0d83d3d53036,DS1__tense_TENS_HE(161),296.88,7422,25.0,0,DS1__tense_TENS_HE(161),0,750,30.0
DS1__tense_TENS_HE(161)__win1,/Users/rafiabhista/Documents/code/apple/c1_audio/emomv_2/aria/media/minhdanh/5e31d1e3-0187-4837-8530-60bbac61578f1/home/minhdanh/Documents/EmoMV/Dataset1/DS1_TRAIN_MATCH/tense_TENS_HE(161).mp4,tense,2,DS1,match,582e5dece745ee38dcc380905840f7ae0b6fd38c6dc7ccf1ef9b0d83d3d53036,DS1__tense_TENS_HE(161),296.88,7422,25.0,1,DS1__tense_TENS_HE(161),750,1500,30.0
DS1__tense_TENS_HE(161)__win2,/Users/rafiabhista/Documents/code/apple/c1_audio/emomv_2/aria/media/minhdanh/5e31d1e3-0187-4837-8530-60bbac61578f1/home/minhdanh/Documents/EmoMV/Dataset1/DS1_TRAIN_MATCH/tense_TENS_HE(161).mp4,tense,2,DS1,match,582e5dece745ee38dcc380905840f7ae0b6fd38c6dc7ccf1ef9b0d83d3d53036,DS1__tense_TENS_HE(161),296.88,7422,25.0,2,DS1__tense_TENS_HE(161),1500,2250,30.0
DS1__tense_TENS_HE(161)__win3,/Users/rafiabhista/Documents/code/apple/c1_audio/emomv_2/aria/media/minhdanh/5e31d1e3-0187-4837-8530-60bbac61578f1/home/minhdanh/Documents/EmoMV/Dataset1/DS1_TRAIN_MATCH/tense_TENS_HE(161).mp4,tense,2,DS1,match,582e5dece745ee38dcc380905840f7ae0b6fd38c6dc7ccf1ef9b0d83d3d53036,DS1__tense_TENS_HE(161),296.88,7422,25.0,3,DS1__tense_TENS_HE(161),2250,3000,30.0
DS1__tense_TENS_HE(161)__win4,/Users/rafiabhista/Documents/code/apple/c1_audio/emomv_2/aria/media/minhdanh/5e31d1e3-0187-4837-8530-60bbac61578f1/home/minhdanh/Documents/EmoMV/Dataset1/DS1_TRAIN_MATCH/tense_TENS_HE(161).mp4,tense,2,DS1,match,582e5dece745ee38dcc380905840f7ae0b6fd38c6dc7ccf1ef9b0d83d3d53036,DS1__tense_TENS_HE(161),296.88,7422,25.0,4,DS1__tense_TENS_HE(161),3000,3750,30.0
DS1__tense_TENS_HE(161)__win5,/Users/rafiabhista/Documents/code/apple/c1_audio/emomv_2/aria/media/minhdanh/5e31d1e3-0187-4837-8530-60bbac61578f1/home/minhdanh/Documents/EmoMV/Dataset1/DS1_TRAIN_MATCH/tense_TENS_HE(161).mp4,tense,2,DS1,match,582e5dece745ee38dcc380905840f7ae0b6fd38c6dc7ccf1ef9b0d83d3d53036,DS1__tense_TENS_HE(161),296.88,7422,25.0,5,DS1__tense_TENS_HE(161),3750,4500,30.0
DS1__tense_TENS_HE(161)__win6,/Users/rafiabhista/Documents/code/apple/c1_audio/emomv_2/aria/media/minhdanh/5e31d1e3-0187-4837-8530-60bbac61578f1/home/minhdanh/Documents/EmoMV/Dataset1/DS1_TRAIN_MATCH/tense_TENS_HE(161).mp4,tense,2,DS1,match,582e5dece745ee38dcc380905840f7ae0b6fd38c6dc7ccf1ef9b0d83d3d53036,DS1__tense_TENS_HE(161),296.88,7422,25.0,6,DS1__tense_TENS_HE(161),4500,5250,30.0
DS1__tense_TENS_HE(161)__win7,/Users/rafiabhista/Documents/code/apple/c1_audio/emomv_2/aria/media/minhdanh/5e31d1e3-0187-4837-8530-60bbac61578f1/home/minhdanh/Documents/EmoMV/Dataset1/DS1_TRAIN_MATCH/tense_TENS_HE(161).mp4,tense,2,DS1,match,582e5dece745ee38dcc380905840f7ae0b6fd38c6dc7ccf1ef9b0d83d3d53036,DS1__tense_TENS_HE(161),296.88,7422,25.0,7,DS1__tense_TENS_HE(161),5250,6000,30.0
DS1__tense_TENS_HE(161)__win8,/Users/rafiabhista/Documents/code/apple/c1_audio/emomv_2/aria/media/minhdanh/5e31d1e3-0187-4837-8530-60bbac61578f1/home/minhdanh/Documents/EmoMV/Dataset1/DS1_TRAIN_MATCH/tense_TENS_HE(161).mp4,tense,2,DS1,match,582e5dece745ee38dcc380905840f7ae0b6fd38c6dc7ccf1ef9b0d83d3d53036,DS1__tense_TENS_HE(161),296.88,7422,25.0,8,DS1__tense_TENS_HE(161),6000,6750,30.0
DS1__tense_TENS_HE(161)__win9,/Users/rafiabhista/Documents/code/apple/c1_audio/emomv_2/aria/media/minhdanh/5e31d1e3-0187-4837-8530-60bbac61578f1/home/minhdanh/Documents/EmoMV/Dataset1/DS1_TRAIN_MATCH/tense_TENS_HE(161).mp4,tense,2,DS1,match,582e5dece745ee38dcc380905840f7ae0b6fd38c6dc7ccf1ef9b0d83d3d53036,DS1__tense_TENS_HE(161),296.88,7422,25.0,9,DS1__tense_TENS_HE(161),6750,7422,26.88
DS1__tense_REVIEW_TENS(0),/Users/rafiabhista/Documents/code/apple/c1_audio/emomv_2/aria/media/minhdanh/5e31d1e3-0187-4837-8530-60bbac61578f1/home/minhdanh/Documents/EmoMV/Dataset1/DS1_TRAIN_MATCH/tense_REVIEW_TENS(0).mp4,tense,2,DS1,match,0051cdea047218bdda2590df17d13a0d926b3bab9117b8fa2cd1f9a534226d0b,DS1__tense_REVIEW_TENS(0),29.8298,894,29.97,0,DS1__tense_REVIEW_TENS(0),0,894,29.8298
DS1__tense_TENS_HE(92)-5-of-10,/Users/rafiabhista/Documents/code/apple/c1_audio/emomv_2/aria/media/minhdanh/5e31d1e3-0187-4837-8530-60bbac61578f1/home/minhdanh/Documents/EmoMV/Dataset1/DS1_TRAIN_MATCH/tense_TENS_HE(92)-5-of-10.mp4,tense,2,DS1,match,9d9382056605726a33a129c7e5e406e24e9e72a23ab82569312ee06fecbd4d26,DS1__tense_TENS_HE(92),29.9049,717,23.976,0,DS1__tense_TENS_HE(92)-5-of-10,0,717,29.9049
DS1__tense_REVIEW_TENS(68),/Users/rafiabhista/Documents/code/apple/c1_audio/emomv_2/aria/media/minhdanh/5e31d1e3-0187-4837-8530-60bbac61578f1/home/minhdanh/Documents/EmoMV/Dataset1/DS1_TRAIN_MATCH/tense_REVIEW_TENS(68).mp4,tense,2,DS1,match,2a70d39bb27ea124d7312adab4257bd3449418ad5a2ae860b2eec512c99dd8cc,DS1__tense_REVIEW_TENS(68),29.9299,897,29.97,0,DS1__tense_REVIEW_TENS(68),0,897,29.9299
DS1__tense_REVIEW_NTRL(53),/Users/rafiabhista/Documents/code/apple/c1_audio/emomv_2/aria/media/minhdanh/5e31d1e3-0187-4837-8530-60bbac61578f1/home/minhdanh/Documents/EmoMV/Dataset1/DS1_TRAIN_MATCH/tense_REVIEW_NTRL(53).mp4,tense,2,DS1,match,442f1e1976d404f8198f4556c8d4be36660de15668642261418aafd766583854,DS1__tense_REVIEW_NTRL(53),28.758,862,29.9743,0,DS1__tense_REVIEW_NTRL(53),0,862,28.758
DS1__tense_TEST_TENS_NN(4)-3-of-6,/Users/rafiabhista/Documents/code/apple/c1_audio/emomv_2/aria/media/minhdanh/5e31d1e3-0187-4837-8530-60bbac61578f1/home/minhdanh/Documents/EmoMV/Dataset1/DS1_TRAIN_MATCH/tense_TEST_TENS_NN(4)-3-of-6.mp4,tense,2,DS1,match,dc55abbd7feb1697004aff75324f88dd310ba1df303ba81d81e4bfbb6bc7cab4,DS1__tense_TEST_TENS_NN(4),29.2792,702,23.976,0,DS1__tense_TEST_TENS_NN(4)-3-of-6,0,702,29.2792
DS1__tense_REVIEW_NTRL(37),/Users/rafiabhista/Documents/code/apple/c1_audio/emomv_2/aria/media/minhdanh/5e31d1e3-0187-4837-8530-60bbac61578f1/home/minhdanh/Documents/EmoMV/Dataset1/DS1_TRAIN_MATCH/tense_REVIEW_NTRL(37).mp4,tense,2,DS1,match,abf0fb5b834f196383391033577c9016bfcd1b3cebd2fc24eb31bbdf529f9813,DS1__tense_REVIEW_NTRL(37),30.0,900,30.0,0,DS1__tense_REVIEW_NTRL(37),0,900,30.0
DS1__tense_FINAL_DL(4),/Users/rafiabhista/Documents/code/apple/c1_audio/emomv_2/aria/media/minhdanh/5e31d1e3-0187-4837-8530-60bbac61578f1/home/minhdanh/Documents/EmoMV/Dataset1/DS1_TRAIN_MATCH/tense_FINAL_DL(4).mp4,tense,2,DS1,match,96f4ca81bc08f0738c09b82b1ecd362c93a84daca55c3ad4f0a21c4a5e8b1f43,DS1__tense_FINAL_DL(4),28.9956,869,29.97,0,DS1__tense_FINAL_DL(4),0,869,28.9956
DS1__tense_ORG_TENS(161),/Users/rafiabhista/Documents/code/apple/c1_audio/emomv_2/aria/media/minhdanh/5e31d1e3-0187-4837-8530-60bbac61578f1/home/minhdanh/Documents/EmoMV/Dataset1/DS1_TRAIN_MATCH/tense_ORG_TENS(161).mp4,tense,2,DS1,match,df312bae3e9a1c6b2ae5795d0a8734f6a7e3a2480f6c80660d7a074de5ec80a8,DS1__tense_ORG_TENS(161),26.5833,638,24.0,0,DS1__tense_ORG_TENS(161),0,638,26.5833
DS1__tense_TENS_MM(8)-8-of-11,/Users/rafiabhista/Documents/code/apple/c1_audio/emomv_2/aria/media/minhdanh/5e31d1e3-0187-4837-8530-60bbac61578f1/home/minhdanh/Documents/EmoMV/Dataset1/DS1_TRAIN_MATCH/tense_TENS_MM(8)-8-of-11.mp4,tense,2,DS1,match,bf3479676e2bc6b5af4ed18c583ec4ebd16ba32f797f2abe458107028f308eac,DS1__tense_TENS_MM(8),29.7797,714,23.976,0,DS1__tense_TENS_MM(8)-8-of-11,0,714,29.7797
DS1__tense_ORG_TENS(217),/Users/rafiabhista/Documents/code/apple/c1_audio/emomv_2/aria/media/minhdanh/5e31d1e3-0187-4837-8530-60bbac61578f1/home/minhdanh/Documents/EmoMV/Dataset1/DS1_TRAIN_MATCH/tense_ORG_TENS(217).mp4,tense,2,DS1,match,b0d2e9429c80b8f1243e418ef2dcd7182a68f2a0fed72d23f0ce175b38757ea9,DS1__tense_ORG_TENS(217),29.0358,813,27.9999,0,DS1__tense_ORG_TENS(217),0,813,29.0358
DS1__tense_Exciting_MV_NC3(25)-5-of-6,/Users/rafiabhista/Documents/code/apple/c1_audio/emomv_2/aria/media/minhdanh/5e31d1e3-0187-4837-8530-60bbac61578f1/home/minhdanh/Documents/EmoMV/Dataset1/DS1_TRAIN_MATCH/tense_Exciting_MV_NC3(25)-5-of-6.mp4,tense,2,DS1,match,527ff3037a39792a7f7c4893e351b31161ad382bc99223317dc8b4cd5c6b0076,DS1__tense_Exciting_MV_NC3(25),29.9049,717,23.976,0,DS1__tense_Exciting_MV_NC3(25)-5-of-6,0,717,29.9049
DS1__tense_ORG_TENS(9),/Users/rafiabhista/Documents/code/apple/c1_audio/emomv_2/aria/media/minhdanh/5e31d1e3-0187-4837-8530-60bbac61578f1/home/minhdanh/Documents/EmoMV/Dataset1/DS1_TRAIN_MATCH/tense_ORG_TENS(9).mp4,tense,2,DS1,match,5d4fc2807b44ac4bea1e096d369aed3f4259de698305dc92b56b32f6083d635a,DS1__tense_ORG_TENS(9),29.7631,892,29.97,0,DS1__tense_ORG_TENS(9),0,892,29.7631
DS1__tense_ORG_TENS(39),/Users/rafiabhista/Documents/code/apple/c1_audio/emomv_2/aria/media/minhdanh/5e31d1e3-0187-4837-8530-60bbac61578f1/home/minhdanh/Documents/EmoMV/Dataset1/DS1_TRAIN_MATCH/tense_ORG_TENS(39).mp4,tense,2,DS1,match,11027a5b6a093c7fa61051963250587e04997b31d58691d2a55ca479b28f76cc,DS1__tense_ORG_TENS(39),28.7333,862,30.0,0,DS1__tense_ORG_TENS(39),0,862,28.7333
DS1__tense_ORG_TENS(342),/Users/rafiabhista/Documents/code/apple/c1_audio/emomv_2/aria/media/minhdanh/5e31d1e3-0187-4837-8530-60bbac61578f1/home/minhdanh/Documents/EmoMV/Dataset1/DS1_TRAIN_MATCH/tense_ORG_TENS(342).mp4,tense,2,DS1,match,28419a2776eae28748199244355a8c9bf2e51ebbff887eba75e4aa3a1859a288,DS1__tense_ORG_TENS(342),29.296,878,29.97,0,DS1__tense_ORG_TENS(342),0,878,29.296
DS1__tense_ORG_TENS(346),/Users/rafiabhista/Documents/code/apple/c1_audio/emomv_2/aria/media/minhdanh/5e31d1e3-0187-4837-8530-60bbac61578f1/home/minhdanh/Documents/EmoMV/Dataset1/DS1_TRAIN_MATCH/tense_ORG_TENS(346).mp4,tense,2,DS1,match,a1c91e1067ac94c8ded6a27eaebcbcb43021d616a16f866b03651dc0801b16c5,DS1__tense_ORG_TENS(346),29.64,741,25.0,0,DS1__tense_ORG_TENS(346),0,741,29.64
DS1__tense_ORG_TENS(40),/Users/rafiabhista/Documents/code/apple/c1_audio/emomv_2/aria/media/minhdanh/5e31d1e3-0187-4837-8530-60bbac61578f1/home/minhdanh/Documents/EmoMV/Dataset1/DS1_TRAIN_MATCH/tense_ORG_TENS(40).mp4,tense,2,DS1,match,6d7b853246093f4dff72e1856beea7c680ae74ad9728eca3725eab82402b0438,DS1__tense_ORG_TENS(40),30.0,900,30.0,0,DS1__tense_ORG_TENS(40),0,900,30.0
DS1__tense_TT(14),/Users/rafiabhista/Documents/code/apple/c1_audio/emomv_2/aria/media/minhdanh/5e31d1e3-0187-4837-8530-60bbac61578f1/home/minhdanh/Documents/EmoMV/Dataset1/DS1_TRAIN_MATCH/tense_TT(14).mp4,tense,2,DS1,match,e54e46e7c6b17a4cef3a0667a02766a9200c95947336e2050baca0ba5e082d2d,DS1__tense_TT(14),29.9882,719,23.9761,0,DS1__tense_TT(14),0,719,29.9882
DS1__tense_TEST_MV(30)-9-of-13,/Users/rafiabhista/Documents/code/apple/c1_audio/emomv_2/aria/media/minhdanh/5e31d1e3-0187-4837-8530-60bbac61578f1/home/minhdanh/Documents/EmoMV/Dataset1/DS1_TRAIN_MATCH/tense_TEST_MV(30)-9-of-13.mp4,tense,2,DS1,match,d840f60eff0b194933925b30ed6eb0467cfef3c3d960db66fda89d9bd3a1f53f,DS1__tense_TEST_MV(30),28.75,690,24.0,0,DS1__tense_TEST_MV(30)-9-of-13,0,690,28.75
DS1__tense_REVIEW_FEAR(40),/Users/rafiabhista/Documents/code/apple/c1_audio/emomv_2/aria/media/minhdanh/5e31d1e3-0187-4837-8530-60bbac61578f1/home/minhdanh/Documents/EmoMV/Dataset1/DS1_TRAIN_MATCH/tense_REVIEW_FEAR(40).mp4,tense,2,DS1,match,a98c7d77b7ea3674a4f6c99883655b044b8182cbe8e3c6a687e4a80b65a4b9ae,DS1__tense_REVIEW_FEAR(40),28.44,707,24.8594,0,DS1__tense_REVIEW_FEAR(40),0,707,28.44
DS1__tense_REVIEW_TENS(6),/Users/rafiabhista/Documents/code/apple/c1_audio/emomv_2/aria/media/minhdanh/5e31d1e3-0187-4837-8530-60bbac61578f1/home/minhdanh/Documents/EmoMV/Dataset1/DS1_TRAIN_MATCH/tense_REVIEW_TENS(6).mp4,tense,2,DS1,match,88616f2a02d049ae9df0b69b0e22e5f71a94254820f012cc8e0cdf702a7f3865,DS1__tense_REVIEW_TENS(6),29.6,888,30.0,0,DS1__tense_REVIEW_TENS(6),0,888,29.6
DS1__tense_Tens_DEAP_DP_TENS(8),/Users/rafiabhista/Documents/code/apple/c1_audio/emomv_2/aria/media/minhdanh/5e31d1e3-0187-4837-8530-60bbac61578f1/home/minhdanh/Documents/EmoMV/Dataset1/DS1_TRAIN_MATCH/tense_Tens_DEAP_DP_TENS(8).mp4,tense,2,DS1,match,6facf03344b38d037d8a7f92d285b8e97741cb81ad33eaf1851d4d8120132053,DS1__tense_Tens_DEAP_DP_TENS(8),28.6,715,25.0,0,DS1__tense_Tens_DEAP_DP_TENS(8),0,715,28.6
DS1__tense_TENS_LLT(39)),/Users/rafiabhista/Documents/code/apple/c1_audio/emomv_2/aria/media/minhdanh/5e31d1e3-0187-4837-8530-60bbac61578f1/home/minhdanh/Documents/EmoMV/Dataset1/DS1_TRAIN_MATCH/tense_TENS_LLT(39)).mp4,tense,2,DS1,match,c5a6fbba8bbbb6a5783cee8268c9719f9799518f707cc12b8ed81a94fdddf7f9,DS1__tense_TENS_LLT(39)),27.92,698,25.0,0,DS1__tense_TENS_LLT(39)),0,698,27.92
DS1__tense_REVIEW_TENS(32),/Users/rafiabhista/Documents/code/apple/c1_audio/emomv_2/aria/media/minhdanh/5e31d1e3-0187-4837-8530-60bbac61578f1/home/minhdanh/Documents/EmoMV/Dataset1/DS1_TRAIN_MATCH/tense_REVIEW_TENS(32).mp4,tense,2,DS1,match,255f0fef03abd304f209f936095a3c52a11d7124275c6128bc96a43c661f6b84,DS1__tense_REVIEW_TENS(32),29.9466,718,23.976,0,DS1__tense_REVIEW_TENS(32),0,718,29.9466
DS1__tense_ORG_TENS(283),/Users/rafiabhista/Documents/code/apple/c1_audio/emomv_2/aria/media/minhdanh/5e31d1e3-0187-4837-8530-60bbac61578f1/home/minhdanh/Documents/EmoMV/Dataset1/DS1_TRAIN_MATCH/tense_ORG_TENS(283).mp4,tense,2,DS1,match,caa9451968e34552982121c64b8fffe4e5603e1c8ec882ec194a0c0b09a67a96,DS1__tense_ORG_TENS(283),31.1979,748,23.976,0,DS1__tense_ORG_TENS(283),0,748,31.1979
DS1__tense_TEST_TENS(3)-2-of-10,/Users/rafiabhista/Documents/code/apple/c1_audio/emomv_2/aria/media/minhdanh/5e31d1e3-0187-4837-8530-60bbac61578f1/home/minhdanh/Documents/EmoMV/Dataset1/DS1_TRAIN_MATCH/tense_TEST_TENS(3)-2-of-10.mp4,tense,2,DS1,match,17c1143096ba93e892264454c3db371a7ed2d9aa2c76e3e9aa448906c6aa84f2,DS1__tense_TEST_TENS(3),27.5333,826,30.0,0,DS1__tense_TEST_TENS(3)-2-of-10,0,826,27.5333
DS1__tense_TENS_HE(84)-2-of-7,/Users/rafiabhista/Documents/code/apple/c1_audio/emomv_2/aria/media/minhdanh/5e31d1e3-0187-4837-8530-60bbac61578f1/home/minhdanh/Documents/EmoMV/Dataset1/DS1_TRAIN_MATCH/tense_TENS_HE(84)-2-of-7.mp4,tense,2,DS1,match,646e1474639a764860bdf37e72309081fa92cfc539bfb02d4370bb01d1e81b10,DS1__tense_TENS_HE(84),29.9883,719,23.976,0,DS1__tense_TENS_HE(84)-2-of-7,0,719,29.9883
DS1__tense_ORG_TENS(241),/Users/rafiabhista/Documents/code/apple/c1_audio/emomv_2/aria/media/minhdanh/5e31d1e3-0187-4837-8530-60bbac61578f1/home/minhdanh/Documents/EmoMV/Dataset1/DS1_TRAIN_MATCH/tense_ORG_TENS(241).mp4,tense,2,DS1,match,798ba7703d653e76ab77e790690fbf836064266a76d6db562f2f0a2a919de590,DS1__tense_ORG_TENS(241),29.2917,703,24.0,0,DS1__tense_ORG_TENS(241),0,703,29.2917
DS1__tense_TENS_HE(152)-6-of-8,/Users/rafiabhista/Documents/code/apple/c1_audio/emomv_2/aria/media/minhdanh/5e31d1e3-0187-4837-8530-60bbac61578f1/home/minhdanh/Documents/EmoMV/Dataset1/DS1_TRAIN_MATCH/tense_TENS_HE(152)-6-of-8.mp4,tense,2,DS1,match,71af3be6f134da7da6742354e0495357c2f9630b9334eb55737004dadcfff218,DS1__tense_TENS_HE(152),29.8333,895,30.0,0,DS1__tense_TENS_HE(152)-6-of-8,0,895,29.8333
DS1__tense_ORG_TENS(238),/Users/rafiabhista/Documents/code/apple/c1_audio/emomv_2/aria/media/minhdanh/5e31d1e3-0187-4837-8530-60bbac61578f1/home/minhdanh/Documents/EmoMV/Dataset1/DS1_TRAIN_MATCH/tense_ORG_TENS(238).mp4,tense,2,DS1,match,bc2b608689b099cfd878ba8af9dd5dc9f9743e000b3e42e1ddee2bad056c3817,DS1__tense_ORG_TENS(238),29.0624,871,29.97,0,DS1__tense_ORG_TENS(238),0,871,29.0624
DS1__tense_ORG_TENS(155),/Users/rafiabhista/Documents/code/apple/c1_audio/emomv_2/aria/media/minhdanh/5e31d1e3-0187-4837-8530-60bbac61578f1/home/minhdanh/Documents/EmoMV/Dataset1/DS1_TRAIN_MATCH/tense_ORG_TENS(155).mp4,tense,2,DS1,match,82db6b8f6a36b0455c76faff63b2ae4e78314699837eecd8232b957003ee84e7,DS1__tense_ORG_TENS(155),28.4867,683,23.9761,0,DS1__tense_ORG_TENS(155),0,683,28.4867
DS1__tense_ORG_TENS(203),/Users/rafiabhista/Documents/code/apple/c1_audio/emomv_2/aria/media/minhdanh/5e31d1e3-0187-4837-8530-60bbac61578f1/home/minhdanh/Documents/EmoMV/Dataset1/DS1_TRAIN_MATCH/tense_ORG_TENS(203).mp4,tense,2,DS1,match,9690b2470a264f1ddefa05d77cd52e6e1e76aa6ad08d39c25ee018b0d737b2ff,DS1__tense_ORG_TENS(203),29.4294,882,29.9701,0,DS1__tense_ORG_TENS(203),0,882,29.4294
DS1__tense_DEAP_DP_TENSxx(10),/Users/rafiabhista/Documents/code/apple/c1_audio/emomv_2/aria/media/minhdanh/5e31d1e3-0187-4837-8530-60bbac61578f1/home/minhdanh/Documents/EmoMV/Dataset1/DS1_TRAIN_MATCH/tense_DEAP_DP_TENSxx(10).mp4,tense,2,DS1,match,e35d8a61467ba91a6e6b242933d05976151c9d0ffa038341347bea6d7ff4a4b2,DS1__tense_DEAP_DP_TENSxx(10),29.56,739,25.0,0,DS1__tense_DEAP_DP_TENSxx(10),0,739,29.56
DS1__tense_ORG_TENS(271),/Users/rafiabhista/Documents/code/apple/c1_audio/emomv_2/aria/media/minhdanh/5e31d1e3-0187-4837-8530-60bbac61578f1/home/minhdanh/Documents/EmoMV/Dataset1/DS1_TRAIN_MATCH/tense_ORG_TENS(271).mp4,tense,2,DS1,match,640dc0f099b8a18efbcaf058c9af0fb1badafcefd8a1c690317fc358361fe9b8,DS1__tense_ORG_TENS(271),29.4628,883,29.97,0,DS1__tense_ORG_TENS(271),0,883,29.4628
DS1__tense_LLT_TENS(6)-3-of-9,/Users/rafiabhista/Documents/code/apple/c1_audio/emomv_2/aria/media/minhdanh/5e31d1e3-0187-4837-8530-60bbac61578f1/home/minhdanh/Documents/EmoMV/Dataset1/DS1_TRAIN_MATCH/tense_LLT_TENS(6)-3-of-9.mp4,tense,2,DS1,match,2b20bb9545defe382a82ffaf73338ff2d5ed787b72d3c09de6a3a956e0afc109,DS1__tense_LLT_TENS(6),28.7787,690,23.976,0,DS1__tense_LLT_TENS(6)-3-of-9,0,690,28.7787
DS1__tense_ORG_TENS(191),/Users/rafiabhista/Documents/code/apple/c1_audio/emomv_2/aria/media/minhdanh/5e31d1e3-0187-4837-8530-60bbac61578f1/home/minhdanh/Documents/EmoMV/Dataset1/DS1_TRAIN_MATCH/tense_ORG_TENS(191).mp4,tense,2,DS1,match,a8e352cd9f7c7ccfbaecc7e6d6d69a3296f0d810fde0a7b3da4b4f7544b18d87,DS1__tense_ORG_TENS(191),31.1644,934,29.9701,0,DS1__tense_ORG_TENS(191),0,934,31.1644
DS1__tense_LLT_TENS(0)-8-of-9,/Users/rafiabhista/Documents/code/apple/c1_audio/emomv_2/aria/media/minhdanh/5e31d1e3-0187-4837-8530-60bbac61578f1/home/minhdanh/Documents/EmoMV/Dataset1/DS1_TRAIN_MATCH/tense_LLT_TENS(0)-8-of-9.mp4,tense,2,DS1,match,75aee264707a3a6d3afd019482b170d52d2ec92fdf0626e86f5ab36059f87954,DS1__tense_LLT_TENS(0),29.12,728,25.0,0,DS1__tense_LLT_TENS(0)-8-of-9,0,728,29.12
DS1__tense_ORG_TENS(82),/Users/rafiabhista/Documents/code/apple/c1_audio/emomv_2/aria/media/minhdanh/5e31d1e3-0187-4837-8530-60bbac61578f1/home/minhdanh/Documents/EmoMV/Dataset1/DS1_TRAIN_MATCH/tense_ORG_TENS(82).mp4,tense,2,DS1,match,49dd84fb2a1fab2cf41bcb0cd81374a6ae607032bb9c57e916b0f06925c139e0,DS1__tense_ORG_TENS(82),30.1969,905,29.97,0,DS1__tense_ORG_TENS(82),0,905,30.1969
DS1__tense_TENS_HE(149)-3-of-5,/Users/rafiabhista/Documents/code/apple/c1_audio/emomv_2/aria/media/minhdanh/5e31d1e3-0187-4837-8530-60bbac61578f1/home/minhdanh/Documents/EmoMV/Dataset1/DS1_TRAIN_MATCH/tense_TENS_HE(149)-3-of-5.mp4,tense,2,DS1,match,05af89369af6c61a922a8af2ef432b300ae3d534c633ab23d6576641e8b42dfb,DS1__tense_TENS_HE(149),29.44,736,25.0,0,DS1__tense_TENS_HE(149)-3-of-5,0,736,29.44
DS1__tense_TENS_MM(16)-2-of-7,/Users/rafiabhista/Documents/code/apple/c1_audio/emomv_2/aria/media/minhdanh/5e31d1e3-0187-4837-8530-60bbac61578f1/home/minhdanh/Documents/EmoMV/Dataset1/DS1_TRAIN_MATCH/tense_TENS_MM(16)-2-of-7.mp4,tense,2,DS1,match,7e12d81021e1258b5d39b3d8e3050414e1934eb4ecd7b40f1d85a3c123fae93a,DS1__tense_TENS_MM(16),29.92,748,25.0,0,DS1__tense_TENS_MM(16)-2-of-7,0,748,29.92
DS1__tense_ORG_TENS(34),/Users/rafiabhista/Documents/code/apple/c1_audio/emomv_2/aria/media/minhdanh/5e31d1e3-0187-4837-8530-60bbac61578f1/home/minhdanh/Documents/EmoMV/Dataset1/DS1_TRAIN_MATCH/tense_ORG_TENS(34).mp4,tense,2,DS1,match,eaf38a68ff8676519a170cee9bb6b8dcb3628c7b79739afa0d0357da68269798,DS1__tense_ORG_TENS(34),30.03,720,23.976,0,DS1__tense_ORG_TENS(34),0,720,30.03
DS1__tense_TEST_TENS(19)-7-of-8,/Users/rafiabhista/Documents/code/apple/c1_audio/emomv_2/aria/media/minhdanh/5e31d1e3-0187-4837-8530-60bbac61578f1/home/minhdanh/Documents/EmoMV/Dataset1/DS1_TRAIN_MATCH/tense_TEST_TENS(19)-7-of-8.mp4,tense,2,DS1,match,addaba07ab85ccccf2fb6a6311b983aeb1303bab076e469e1abb1686f8fbead6,DS1__tense_TEST_TENS(19),28.1531,675,23.976,0,DS1__tense_TEST_TENS(19)-7-of-8,0,675,28.1531
DS1__tense_ORG_TENS(182),/Users/rafiabhista/Documents/code/apple/c1_audio/emomv_2/aria/media/minhdanh/5e31d1e3-0187-4837-8530-60bbac61578f1/home/minhdanh/Documents/EmoMV/Dataset1/DS1_TRAIN_MATCH/tense_ORG_TENS(182).mp4,tense,2,DS1,match,4699c45a9706c362fed3249af61b0d8d80e12f815da8cc3f145566c7f72e3c7f,DS1__tense_ORG_TENS(182),28.8,720,25.0,0,DS1__tense_ORG_TENS(182),0,720,28.8
DS1__tense_ORG_TENS(86),/Users/rafiabhista/Documents/code/apple/c1_audio/emomv_2/aria/media/minhdanh/5e31d1e3-0187-4837-8530-60bbac61578f1/home/minhdanh/Documents/EmoMV/Dataset1/DS1_TRAIN_MATCH/tense_ORG_TENS(86).mp4,tense,2,DS1,match,73c686eaa4e6d52129fc6f2d8b3eafece0e743b4393044414313956403e5f22e,DS1__tense_ORG_TENS(86),31.5315,756,23.976,0,DS1__tense_ORG_TENS(86),0,756,31.5315
DS1__tense_TEST_MV(31)-2-of-10,/Users/rafiabhista/Documents/code/apple/c1_audio/emomv_2/aria/media/minhdanh/5e31d1e3-0187-4837-8530-60bbac61578f1/home/minhdanh/Documents/EmoMV/Dataset1/DS1_TRAIN_MATCH/tense_TEST_MV(31)-2-of-10.mp4,tense,2,DS1,match,d1f0b9cc93a345bfbd1d4bee3b03490ad33f1dcbe73b6ee2eba2d49de6ae7d83,DS1__tense_TEST_MV(31),26.0,780,30.0,0,DS1__tense_TEST_MV(31)-2-of-10,0,780,26.0
DS1__tense_TEST_TENS(34)-3-of-15,/Users/rafiabhista/Documents/code/apple/c1_audio/emomv_2/aria/media/minhdanh/5e31d1e3-0187-4837-8530-60bbac61578f1/home/minhdanh/Documents/EmoMV/Dataset1/DS1_TRAIN_MATCH/tense_TEST_TENS(34)-3-of-15.mp4,tense,2,DS1,match,22e981ecab527ceedd508b0904758cd7c6b38ec8bc32cd485aae53d24cb88fb5,DS1__tense_TEST_TENS(34),28.3553,806,28.425,0,DS1__tense_TEST_TENS(34)-3-of-15,0,806,28.3553
DS1__tense_TEST_TENS_NN(0)-6-of-9,/Users/rafiabhista/Documents/code/apple/c1_audio/emomv_2/aria/media/minhdanh/5e31d1e3-0187-4837-8530-60bbac61578f1/home/minhdanh/Documents/EmoMV/Dataset1/DS1_TRAIN_MATCH/tense_TEST_TENS_NN(0)-6-of-9.mp4,tense,2,DS1,match,6122c12c61aea4fc6b2d752cbe9c9694039cdfb3e87c1d44bd0eb814ac7dd722,DS1__tense_TEST_TENS_NN(0),28.92,723,25.0,0,DS1__tense_TEST_TENS_NN(0)-6-of-9,0,723,28.92
DS1__tense_TENS_HE(22)-2-of-8,/Users/rafiabhista/Documents/code/apple/c1_audio/emomv_2/aria/media/minhdanh/5e31d1e3-0187-4837-8530-60bbac61578f1/home/minhdanh/Documents/EmoMV/Dataset1/DS1_TRAIN_MATCH/tense_TENS_HE(22)-2-of-8.mp4,tense,2,DS1,match,4efbe13965d42d796440f0974ddd6abd7309395b93c36527263ef5de2135ae00,DS1__tense_TENS_HE(22),29.3627,704,23.976,0,DS1__tense_TENS_HE(22)-2-of-8,0,704,29.3627
DS1__tense_ORG_TENS(318),/Users/rafiabhista/Documents/code/apple/c1_audio/emomv_2/aria/media/minhdanh/5e31d1e3-0187-4837-8530-60bbac61578f1/home/minhdanh/Documents/EmoMV/Dataset1/DS1_TRAIN_MATCH/tense_ORG_TENS(318).mp4,tense,2,DS1,match,3cd5eb0e493a3e77eb4d4397075e3ee44200e0e16e8a3ec28433ac180a1f7813,DS1__tense_ORG_TENS(318),29.0,870,30.0,0,DS1__tense_ORG_TENS(318),0,870,29.0
DS1__tense_REVIEW_TENS(20),/Users/rafiabhista/Documents/code/apple/c1_audio/emomv_2/aria/media/minhdanh/5e31d1e3-0187-4837-8530-60bbac61578f1/home/minhdanh/Documents/EmoMV/Dataset1/DS1_TRAIN_MATCH/tense_REVIEW_TENS(20).mp4,tense,2,DS1,match,0c96661b501a2a132b69221ae4dbe5cb4c5f67a2af36e7808595049e880accf1,DS1__tense_REVIEW_TENS(20),29.9633,898,29.97,0,DS1__tense_REVIEW_TENS(20),0,898,29.9633
DS1__tense_TENS_MM(3)-5-of-9,/Users/rafiabhista/Documents/code/apple/c1_audio/emomv_2/aria/media/minhdanh/5e31d1e3-0187-4837-8530-60bbac61578f1/home/minhdanh/Documents/EmoMV/Dataset1/DS1_TRAIN_MATCH/tense_TENS_MM(3)-5-of-9.mp4,tense,2,DS1,match,9a8e3be38c49575b9d16a5f208d46872f8259ce731a5e426789d9db0ffb2a45f,DS1__tense_TENS_MM(3),29.9883,719,23.976,0,DS1__tense_TENS_MM(3)-5-of-9,0,719,29.9883
DS1__tense_TENS_LLT(0)-2-of-6,/Users/rafiabhista/Documents/code/apple/c1_audio/emomv_2/aria/media/minhdanh/5e31d1e3-0187-4837-8530-60bbac61578f1/home/minhdanh/Documents/EmoMV/Dataset1/DS1_TRAIN_MATCH/tense_TENS_LLT(0)-2-of-6.mp4,tense,2,DS1,match,82ce97b23d7832f199e3ef96e30263d906a68ac82d84115cd24841bef1fad7aa,DS1__tense_TENS_LLT(0),28.68,717,25.0,0,DS1__tense_TENS_LLT(0)-2-of-6,0,717,28.68
DS1__tense_ORG_TENS(116),/Users/rafiabhista/Documents/code/apple/c1_audio/emomv_2/aria/media/minhdanh/5e31d1e3-0187-4837-8530-60bbac61578f1/home/minhdanh/Documents/EmoMV/Dataset1/DS1_TRAIN_MATCH/tense_ORG_TENS(116).mp4,tense,2,DS1,match,71309acb78fc23a77a17cf5ed8160ed6ff802aecdb9480df9a2a86b3501fa498,DS1__tense_ORG_TENS(116),31.3647,752,23.976,0,DS1__tense_ORG_TENS(116),0,752,31.3647
DS1__tense_TENS_MM(17)-2-of-12,/Users/rafiabhista/Documents/code/apple/c1_audio/emomv_2/aria/media/minhdanh/5e31d1e3-0187-4837-8530-60bbac61578f1/home/minhdanh/Documents/EmoMV/Dataset1/DS1_TRAIN_MATCH/tense_TENS_MM(17)-2-of-12.mp4,tense,2,DS1,match,9f74d560bccc0f58d31e91f027519ac02d41df88c0efea8af080f40dcdc04c8d,DS1__tense_TENS_MM(17),28.6953,688,23.976,0,DS1__tense_TENS_MM(17)-2-of-12,0,688,28.6953
DS1__tense_ORG_TENS(166)__win0,/Users/rafiabhista/Documents/code/apple/c1_audio/emomv_2/aria/media/minhdanh/5e31d1e3-0187-4837-8530-60bbac61578f1/home/minhdanh/Documents/EmoMV/Dataset1/DS1_TRAIN_MATCH/tense_ORG_TENS(166).mp4,tense,2,DS1,match,aeb7e6267086ac236a57c3dcfe9577e8ae0f8638ae6781ded371ac25e6cd1f50,DS1__tense_ORG_TENS(166),58.32,1458,25.0,0,DS1__tense_ORG_TENS(166),0,750,30.0
DS1__tense_ORG_TENS(166)__win1,/Users/rafiabhista/Documents/code/apple/c1_audio/emomv_2/aria/media/minhdanh/5e31d1e3-0187-4837-8530-60bbac61578f1/home/minhdanh/Documents/EmoMV/Dataset1/DS1_TRAIN_MATCH/tense_ORG_TENS(166).mp4,tense,2,DS1,match,aeb7e6267086ac236a57c3dcfe9577e8ae0f8638ae6781ded371ac25e6cd1f50,DS1__tense_ORG_TENS(166),58.32,1458,25.0,1,DS1__tense_ORG_TENS(166),750,1458,28.32
DS1__tense_TENS_HE(124)-2-of-9,/Users/rafiabhista/Documents/code/apple/c1_audio/emomv_2/aria/media/minhdanh/5e31d1e3-0187-4837-8530-60bbac61578f1/home/minhdanh/Documents/EmoMV/Dataset1/DS1_TRAIN_MATCH/tense_TENS_HE(124)-2-of-9.mp4,tense,2,DS1,match,59f84762883b9849852e746173c20972aaaa84f87346dbd2a572674463140b6a,DS1__tense_TENS_HE(124),29.6546,711,23.976,0,DS1__tense_TENS_HE(124)-2-of-9,0,711,29.6546
DS1__tense_LLT_TENS(12)-4-of-11,/Users/rafiabhista/Documents/code/apple/c1_audio/emomv_2/aria/media/minhdanh/5e31d1e3-0187-4837-8530-60bbac61578f1/home/minhdanh/Documents/EmoMV/Dataset1/DS1_TRAIN_MATCH/tense_LLT_TENS(12)-4-of-11.mp4,tense,2,DS1,match,192a7c0ed4445477d0946a4c6681811ff6231e2e3dd83d4439f69d187ff927db,DS1__tense_LLT_TENS(12),30.03,720,23.976,0,DS1__tense_LLT_TENS(12)-4-of-11,0,720,30.03
DS1__tense_REVIEW_TENS(2),/Users/rafiabhista/Documents/code/apple/c1_audio/emomv_2/aria/media/minhdanh/5e31d1e3-0187-4837-8530-60bbac61578f1/home/minhdanh/Documents/EmoMV/Dataset1/DS1_TRAIN_MATCH/tense_REVIEW_TENS(2).mp4,tense,2,DS1,match,fa03aaed137fa4c76357a94647151e13c97bd5190b9632c2c5f5001320124e54,DS1__tense_REVIEW_TENS(2),30.0,750,25.0,0,DS1__tense_REVIEW_TENS(2),0,750,30.0
DS1__tense_TEST_MV(39)-9-of-10,/Users/rafiabhista/Documents/code/apple/c1_audio/emomv_2/aria/media/minhdanh/5e31d1e3-0187-4837-8530-60bbac61578f1/home/minhdanh/Documents/EmoMV/Dataset1/DS1_TRAIN_MATCH/tense_TEST_MV(39)-9-of-10.mp4,tense,2,DS1,match,efd12c7d10068f95c5d8800d02342193cc1b504a6a5f3fdf00ea877cbc3e8d46,DS1__tense_TEST_MV(39),27.8333,835,30.0,0,DS1__tense_TEST_MV(39)-9-of-10,0,835,27.8333
DS1__tense_ORG_TENS(154),/Users/rafiabhista/Documents/code/apple/c1_audio/emomv_2/aria/media/minhdanh/5e31d1e3-0187-4837-8530-60bbac61578f1/home/minhdanh/Documents/EmoMV/Dataset1/DS1_TRAIN_MATCH/tense_ORG_TENS(154).mp4,tense,2,DS1,match,e7284af3180acc8d61c2654214087e800dc0adef3f68ab9d415f529e3fc869d4,DS1__tense_ORG_TENS(154),29.4042,705,23.9761,0,DS1__tense_ORG_TENS(154),0,705,29.4042
DS1__tense_ORG_TENS(246),/Users/rafiabhista/Documents/code/apple/c1_audio/emomv_2/aria/media/minhdanh/5e31d1e3-0187-4837-8530-60bbac61578f1/home/minhdanh/Documents/EmoMV/Dataset1/DS1_TRAIN_MATCH/tense_ORG_TENS(246).mp4,tense,2,DS1,match,f152209b028888ed22f440b7ce3381c90e64f60ecfa3c07c0c14c5cd836edadb,DS1__tense_ORG_TENS(246),29.4333,883,30.0,0,DS1__tense_ORG_TENS(246),0,883,29.4333
DS1__tense_TEST_TENS(5)-8-of-9,/Users/rafiabhista/Documents/code/apple/c1_audio/emomv_2/aria/media/minhdanh/5e31d1e3-0187-4837-8530-60bbac61578f1/home/minhdanh/Documents/EmoMV/Dataset1/DS1_TRAIN_MATCH/tense_TEST_TENS(5)-8-of-9.mp4,tense,2,DS1,match,7576e662093cc9cf84363740febfeda789ad9a7e21bc024572bbe083896e5a7e,DS1__tense_TEST_TENS(5),29.0667,872,30.0,0,DS1__tense_TEST_TENS(5)-8-of-9,0,872,29.0667
DS1__tense_TENS_LLT(5)-2-of-8,/Users/rafiabhista/Documents/code/apple/c1_audio/emomv_2/aria/media/minhdanh/5e31d1e3-0187-4837-8530-60bbac61578f1/home/minhdanh/Documents/EmoMV/Dataset1/DS1_TRAIN_MATCH/tense_TENS_LLT(5)-2-of-8.mp4,tense,2,DS1,match,70cb0c72621a2242b7e5703425463a751dea6e3cfb18b368ad18cb1ab46fe922,DS1__tense_TENS_LLT(5),28.5952,857,29.97,0,DS1__tense_TENS_LLT(5)-2-of-8,0,857,28.5952
DS1__tense_TENS_HE(110)-2-of-7,/Users/rafiabhista/Documents/code/apple/c1_audio/emomv_2/aria/media/minhdanh/5e31d1e3-0187-4837-8530-60bbac61578f1/home/minhdanh/Documents/EmoMV/Dataset1/DS1_TRAIN_MATCH/tense_TENS_HE(110)-2-of-7.mp4,tense,2,DS1,match,8a2447e4aec371034b3732d42529c0d0ba090b08324c2231ddc1574d8809d88e,DS1__tense_TENS_HE(110),29.9883,719,23.976,0,DS1__tense_TENS_HE(110)-2-of-7,0,719,29.9883
DS1__tense_TEST_TENS(10)-3-of-8,/Users/rafiabhista/Documents/code/apple/c1_audio/emomv_2/aria/media/minhdanh/5e31d1e3-0187-4837-8530-60bbac61578f1/home/minhdanh/Documents/EmoMV/Dataset1/DS1_TRAIN_MATCH/tense_TEST_TENS(10)-3-of-8.mp4,tense,2,DS1,match,9b015db4b3aac7bbc339dcbb8df14dbe56d5b96327bcc2223ca519640322d924,DS1__tense_TEST_TENS(10),30.0,900,30.0,0,DS1__tense_TEST_TENS(10)-3-of-8,0,900,30.0
DS1__tense_ORG_TENS(285),/Users/rafiabhista/Documents/code/apple/c1_audio/emomv_2/aria/media/minhdanh/5e31d1e3-0187-4837-8530-60bbac61578f1/home/minhdanh/Documents/EmoMV/Dataset1/DS1_TRAIN_MATCH/tense_ORG_TENS(285).mp4,tense,2,DS1,match,6fbc4ed37484683c7bc1b9fb94acbe4323b4a4c8801b7d688a197386aeaed7ad,DS1__tense_ORG_TENS(285),29.8966,896,29.97,0,DS1__tense_ORG_TENS(285),0,896,29.8966
DS1__tense_TENS_LLT(2)-10-of-13,/Users/rafiabhista/Documents/code/apple/c1_audio/emomv_2/aria/media/minhdanh/5e31d1e3-0187-4837-8530-60bbac61578f1/home/minhdanh/Documents/EmoMV/Dataset1/DS1_TRAIN_MATCH/tense_TENS_LLT(2)-10-of-13.mp4,tense,2,DS1,match,11e43a4defae2c143335b2fdd272113e5fd1eb55b592b62d9f0ee108e59b8924,DS1__tense_TENS_LLT(2),28.9873,695,23.976,0,DS1__tense_TENS_LLT(2)-10-of-13,0,695,28.9873
DS1__tense_REVIEW_TENS(70),/Users/rafiabhista/Documents/code/apple/c1_audio/emomv_2/aria/media/minhdanh/5e31d1e3-0187-4837-8530-60bbac61578f1/home/minhdanh/Documents/EmoMV/Dataset1/DS1_TRAIN_MATCH/tense_REVIEW_TENS(70).mp4,tense,2,DS1,match,77a901f32c5e1620e92d6398d61cd63f594676ca96b3ee6d59b5d2a26440a126,DS1__tense_REVIEW_TENS(70),29.9466,718,23.976,0,DS1__tense_REVIEW_TENS(70),0,718,29.9466
DS1__tense_ORG_TENS(159),/Users/rafiabhista/Documents/code/apple/c1_audio/emomv_2/aria/media/minhdanh/5e31d1e3-0187-4837-8530-60bbac61578f1/home/minhdanh/Documents/EmoMV/Dataset1/DS1_TRAIN_MATCH/tense_ORG_TENS(159).mp4,tense,2,DS1,match,0d5caa71943f18721f83096b50c65064c4fab39f587865ee9c8b5a0631dd5496,DS1__tense_ORG_TENS(159),29.0417,697,24.0,0,DS1__tense_ORG_TENS(159),0,697,29.0417
DS1__tense_ORG_TENS(208),/Users/rafiabhista/Documents/code/apple/c1_audio/emomv_2/aria/media/minhdanh/5e31d1e3-0187-4837-8530-60bbac61578f1/home/minhdanh/Documents/EmoMV/Dataset1/DS1_TRAIN_MATCH/tense_ORG_TENS(208).mp4,tense,2,DS1,match,277bb7c6d42922e77d212c481c6f08c36edeb2a029c882286158fb54f334bdcc,DS1__tense_ORG_TENS(208),28.6,858,30.0,0,DS1__tense_ORG_TENS(208),0,858,28.6
DS1__tense_TEST_MV(39)-4-of-10,/Users/rafiabhista/Documents/code/apple/c1_audio/emomv_2/aria/media/minhdanh/5e31d1e3-0187-4837-8530-60bbac61578f1/home/minhdanh/Documents/EmoMV/Dataset1/DS1_TRAIN_MATCH/tense_TEST_MV(39)-4-of-10.mp4,tense,2,DS1,match,ae468409d1fddfcbe1d0b63fc89fc8f41182209c96a9a23d8d8e75bf4d66fe68,DS1__tense_TEST_MV(39),26.3667,791,30.0,0,DS1__tense_TEST_MV(39)-4-of-10,0,791,26.3667
DS1__tense_TENS_LLT(53)),/Users/rafiabhista/Documents/code/apple/c1_audio/emomv_2/aria/media/minhdanh/5e31d1e3-0187-4837-8530-60bbac61578f1/home/minhdanh/Documents/EmoMV/Dataset1/DS1_TRAIN_MATCH/tense_TENS_LLT(53)).mp4,tense,2,DS1,match,1a025b51758516ab6c4b83305225481f91e7b5f6f19ed4c5829c17224c9dd55d,DS1__tense_TENS_LLT(53)),29.8333,895,30.0,0,DS1__tense_TENS_LLT(53)),0,895,29.8333
DS1__tense_TENS_MM(17)-8-of-12,/Users/rafiabhista/Documents/code/apple/c1_audio/emomv_2/aria/media/minhdanh/5e31d1e3-0187-4837-8530-60bbac61578f1/home/minhdanh/Documents/EmoMV/Dataset1/DS1_TRAIN_MATCH/tense_TENS_MM(17)-8-of-12.mp4,tense,2,DS1,match,270fe5d0d68c34912b377c583063679dcac1f9c0287aac7e8e8e150c8c380090,DS1__tense_TENS_MM(17),27.6943,664,23.976,0,DS1__tense_TENS_MM(17)-8-of-12,0,664,27.6943
DS1__tense_ORG_TENS(276),/Users/rafiabhista/Documents/code/apple/c1_audio/emomv_2/aria/media/minhdanh/5e31d1e3-0187-4837-8530-60bbac61578f1/home/minhdanh/Documents/EmoMV/Dataset1/DS1_TRAIN_MATCH/tense_ORG_TENS(276).mp4,tense,2,DS1,match,5cf3e2fe66e03c9b2aa4f5150f0dd19780a361d8660f82397ccc24f816cc6a4b,DS1__tense_ORG_TENS(276),29.9049,717,23.976,0,DS1__tense_ORG_TENS(276),0,717,29.9049
DS1__sad_REVIEW_SAD (81),/Users/rafiabhista/Documents/code/apple/c1_audio/emomv_2/aria/media/minhdanh/5e31d1e3-0187-4837-8530-60bbac61578f1/home/minhdanh/Documents/EmoMV/Dataset1/DS1_TRAIN_MATCH/sad_REVIEW_SAD (81).mp4,sad,3,DS1,match,16f3747c2fc7c9c69ccc0d48b1b488daff7088a334b7b4901e5fab4d22663d3f,DS1__sad_REVIEW_SAD (81),29.9299,897,29.97,0,DS1__sad_REVIEW_SAD (81),0,897,29.9299
DS1__sad_REVIEW_SAD (1),/Users/rafiabhista/Documents/code/apple/c1_audio/emomv_2/aria/media/minhdanh/5e31d1e3-0187-4837-8530-60bbac61578f1/home/minhdanh/Documents/EmoMV/Dataset1/DS1_TRAIN_MATCH/sad_REVIEW_SAD (1).mp4,sad,3,DS1,match,8977ec78e173133bf5b7e44dcaa703c6805470f8bd12d7610668245574ffd225,DS1__sad_REVIEW_SAD (1),29.2,730,25.0,0,DS1__sad_REVIEW_SAD (1),0,730,29.2
DS1__sad_ORG_SAD(312),/Users/rafiabhista/Documents/code/apple/c1_audio/emomv_2/aria/media/minhdanh/5e31d1e3-0187-4837-8530-60bbac61578f1/home/minhdanh/Documents/EmoMV/Dataset1/DS1_TRAIN_MATCH/sad_ORG_SAD(312).mp4,sad,3,DS1,match,d07a943c7074f2d2d24bf889b5e9b3231b43251019194a14344d8435839fd9ee,DS1__sad_ORG_SAD(312),32.4073,777,23.9761,0,DS1__sad_ORG_SAD(312),0,777,32.4073
DS1__sad_FINAL_DL_Sad(2),/Users/rafiabhista/Documents/code/apple/c1_audio/emomv_2/aria/media/minhdanh/5e31d1e3-0187-4837-8530-60bbac61578f1/home/minhdanh/Documents/EmoMV/Dataset1/DS1_TRAIN_MATCH/sad_FINAL_DL_Sad(2).mp4,sad,3,DS1,match,96337eed5450567ed30aaea6631837bdc2ede751728798c88f24bdf64ad5b40a,DS1__sad_FINAL_DL_Sad(2),27.7777,666,23.976,0,DS1__sad_FINAL_DL_Sad(2),0,666,27.7777
DS1__sad_ORG_SAD(335),/Users/rafiabhista/Documents/code/apple/c1_audio/emomv_2/aria/media/minhdanh/5e31d1e3-0187-4837-8530-60bbac61578f1/home/minhdanh/Documents/EmoMV/Dataset1/DS1_TRAIN_MATCH/sad_ORG_SAD(335).mp4,sad,3,DS1,match,903b6453ad2fac6df55aa8b3edf77997ad2832ea4cbae764594ce5e576b1b835,DS1__sad_ORG_SAD(335),30.5333,916,30.0,0,DS1__sad_ORG_SAD(335),0,916,30.5333
DS1__sad_ORG_SAD(188),/Users/rafiabhista/Documents/code/apple/c1_audio/emomv_2/aria/media/minhdanh/5e31d1e3-0187-4837-8530-60bbac61578f1/home/minhdanh/Documents/EmoMV/Dataset1/DS1_TRAIN_MATCH/sad_ORG_SAD(188).mp4,sad,3,DS1,match,921e3c38180f28cddff291543960cb7288e989f37317e193e49e8254fadb2494,DS1__sad_ORG_SAD(188),29.0,696,24.0,0,DS1__sad_ORG_SAD(188),0,696,29.0
DS1__sad_Sad_FINAL_DL(56),/Users/rafiabhista/Documents/code/apple/c1_audio/emomv_2/aria/media/minhdanh/5e31d1e3-0187-4837-8530-60bbac61578f1/home/minhdanh/Documents/EmoMV/Dataset1/DS1_TRAIN_MATCH/sad_Sad_FINAL_DL(56).mp4,sad,3,DS1,match,6b15f12d614e29072c3d9026b5d0ce74cf4cb22d5d3ea0033b2de635ab8908d3,DS1__sad_Sad_FINAL_DL(56),28.88,722,25.0,0,DS1__sad_Sad_FINAL_DL(56),0,722,28.88
DS1__sad_SAD_LLT(8),/Users/rafiabhista/Documents/code/apple/c1_audio/emomv_2/aria/media/minhdanh/5e31d1e3-0187-4837-8530-60bbac61578f1/home/minhdanh/Documents/EmoMV/Dataset1/DS1_TRAIN_MATCH/sad_SAD_LLT(8).mp4,sad,3,DS1,match,24b8d81b1494be2cc002540f5178b683318d8c6ddfa18cb1900523d33cbd33c6,DS1__sad_SAD_LLT(8),29.9299,897,29.97,0,DS1__sad_SAD_LLT(8),0,897,29.9299
DS1__sad_SAD_LLT(15),/Users/rafiabhista/Documents/code/apple/c1_audio/emomv_2/aria/media/minhdanh/5e31d1e3-0187-4837-8530-60bbac61578f1/home/minhdanh/Documents/EmoMV/Dataset1/DS1_TRAIN_MATCH/sad_SAD_LLT(15).mp4,sad,3,DS1,match,4b394ccaaf81a10f096a611b1afb1007779d32bd23239c62cd49dd3c2ef8eb28,DS1__sad_SAD_LLT(15),29.1958,875,29.97,0,DS1__sad_SAD_LLT(15),0,875,29.1958
DS1__sad_REVIEW_SAD (39),/Users/rafiabhista/Documents/code/apple/c1_audio/emomv_2/aria/media/minhdanh/5e31d1e3-0187-4837-8530-60bbac61578f1/home/minhdanh/Documents/EmoMV/Dataset1/DS1_TRAIN_MATCH/sad_REVIEW_SAD (39).mp4,sad,3,DS1,match,ae05e86e37a2aad7fff9adb6ef781cd34134da8d3d172a672c8d2b2e431c8851,DS1__sad_REVIEW_SAD (39),29.48,737,25.0,0,DS1__sad_REVIEW_SAD (39),0,737,29.48
DS1__sad_SAD_LLT(28),/Users/rafiabhista/Documents/code/apple/c1_audio/emomv_2/aria/media/minhdanh/5e31d1e3-0187-4837-8530-60bbac61578f1/home/minhdanh/Documents/EmoMV/Dataset1/DS1_TRAIN_MATCH/sad_SAD_LLT(28).mp4,sad,3,DS1,match,b7930257adff1fcaba223f898e08e4cf88551f7eb12773c96f60954fcce5b1d3,DS1__sad_SAD_LLT(28),27.625,663,24.0,0,DS1__sad_SAD_LLT(28),0,663,27.625
DS1__sad_SAAD_FINAL_DL(10),/Users/rafiabhista/Documents/code/apple/c1_audio/emomv_2/aria/media/minhdanh/5e31d1e3-0187-4837-8530-60bbac61578f1/home/minhdanh/Documents/EmoMV/Dataset1/DS1_TRAIN_MATCH/sad_SAAD_FINAL_DL(10).mp4,sad,3,DS1,match,bc9cacd7d38c42f1bd63bb7168e7f7332841dba333169ed8ee9b205b71e2f37b,DS1__sad_SAAD_FINAL_DL(10),26.2929,788,29.97,0,DS1__sad_SAAD_FINAL_DL(10),0,788,26.2929
DS1__sad_FINAL_DL_Sad(5),/Users/rafiabhista/Documents/code/apple/c1_audio/emomv_2/aria/media/minhdanh/5e31d1e3-0187-4837-8530-60bbac61578f1/home/minhdanh/Documents/EmoMV/Dataset1/DS1_TRAIN_MATCH/sad_FINAL_DL_Sad(5).mp4,sad,3,DS1,match,bdc6c15ced2ed7dbdc325c739844b3da40dc24efbe935aa176ac30cc4c992a68,DS1__sad_FINAL_DL_Sad(5),28.2365,677,23.976,0,DS1__sad_FINAL_DL_Sad(5),0,677,28.2365
DS1__sad_ORG_NEUTRAL(88),/Users/rafiabhista/Documents/code/apple/c1_audio/emomv_2/aria/media/minhdanh/5e31d1e3-0187-4837-8530-60bbac61578f1/home/minhdanh/Documents/EmoMV/Dataset1/DS1_TRAIN_MATCH/sad_ORG_NEUTRAL(88).mp4,sad,3,DS1,match,512bbaf33b36550a592110893567458e1806f26882e0b71f1c4ade42e6980057,DS1__sad_ORG_NEUTRAL(88),29.9967,899,29.97,0,DS1__sad_ORG_NEUTRAL(88),0,899,29.9967
DS1__sad_FINAL_DL_Sad(64),/Users/rafiabhista/Documents/code/apple/c1_audio/emomv_2/aria/media/minhdanh/5e31d1e3-0187-4837-8530-60bbac61578f1/home/minhdanh/Documents/EmoMV/Dataset1/DS1_TRAIN_MATCH/sad_FINAL_DL_Sad(64).mp4,sad,3,DS1,match,bb655da35427355af62e5414c2e6ddab799a27a7789ea1781c6df101f7566c14,DS1__sad_FINAL_DL_Sad(64),29.0,725,25.0,0,DS1__sad_FINAL_DL_Sad(64),0,725,29.0
DS1__sad_TT(5),/Users/rafiabhista/Documents/code/apple/c1_audio/emomv_2/aria/media/minhdanh/5e31d1e3-0187-4837-8530-60bbac61578f1/home/minhdanh/Documents/EmoMV/Dataset1/DS1_TRAIN_MATCH/sad_TT(5).mp4,sad,3,DS1,match,2c7ebe090363c7fb51a977e1dd3cb94a004c2c1dcb3aecc08221075ce10aa93f,DS1__sad_TT(5),30.2,755,25.0,0,DS1__sad_TT(5),0,755,30.2
DS1__sad_REVIEW_SAD (68),/Users/rafiabhista/Documents/code/apple/c1_audio/emomv_2/aria/media/minhdanh/5e31d1e3-0187-4837-8530-60bbac61578f1/home/minhdanh/Documents/EmoMV/Dataset1/DS1_TRAIN_MATCH/sad_REVIEW_SAD (68).mp4,sad,3,DS1,match,93a51a0ba1deb0a7183fb16c7f877dc10fc16d91f7f6f397590871098fbb456f,DS1__sad_REVIEW_SAD (68),29.56,739,25.0,0,DS1__sad_REVIEW_SAD (68),0,739,29.56
DS1__sad_ORG_SAD(247),/Users/rafiabhista/Documents/code/apple/c1_audio/emomv_2/aria/media/minhdanh/5e31d1e3-0187-4837-8530-60bbac61578f1/home/minhdanh/Documents/EmoMV/Dataset1/DS1_TRAIN_MATCH/sad_ORG_SAD(247).mp4,sad,3,DS1,match,45bf512c02e8d39080cdaf1edecfc0be1a6f8b0689391abf5172d163ce34799c,DS1__sad_ORG_SAD(247),31.32,783,25.0,0,DS1__sad_ORG_SAD(247),0,783,31.32
DS1__sad_ORG_SAD(183),/Users/rafiabhista/Documents/code/apple/c1_audio/emomv_2/aria/media/minhdanh/5e31d1e3-0187-4837-8530-60bbac61578f1/home/minhdanh/Documents/EmoMV/Dataset1/DS1_TRAIN_MATCH/sad_ORG_SAD(183).mp4,sad,3,DS1,match,71e13ae844f103fd0ece7f242715ba11f6af846c252847759b7b3375f67b3427,DS1__sad_ORG_SAD(183),30.9583,743,24.0,0,DS1__sad_ORG_SAD(183),0,743,30.9583
DS1__sad_Sad_FINAL_DL(33),/Users/rafiabhista/Documents/code/apple/c1_audio/emomv_2/aria/media/minhdanh/5e31d1e3-0187-4837-8530-60bbac61578f1/home/minhdanh/Documents/EmoMV/Dataset1/DS1_TRAIN_MATCH/sad_Sad_FINAL_DL(33).mp4,sad,3,DS1,match,abee029718c2b1954a359f5d86f1b72f783f16c12af9aec506e5f78ecbb60eef,DS1__sad_Sad_FINAL_DL(33),28.12,703,25.0,0,DS1__sad_Sad_FINAL_DL(33),0,703,28.12
DS1__sad_SAD_LLT(31)-104-of-228,/Users/rafiabhista/Documents/code/apple/c1_audio/emomv_2/aria/media/minhdanh/5e31d1e3-0187-4837-8530-60bbac61578f1/home/minhdanh/Documents/EmoMV/Dataset1/DS1_TRAIN_MATCH/sad_SAD_LLT(31)-104-of-228.mp4,sad,3,DS1,match,a6348cff94c8f0832bcdb599b1ecb681c58e98d5fea4917c29112c08168ba277,DS1__sad_SAD_LLT(31),28.48,712,25.0,0,DS1__sad_SAD_LLT(31)-104-of-228,0,712,28.48
DS1__sad_ORG_SAD(213),/Users/rafiabhista/Documents/code/apple/c1_audio/emomv_2/aria/media/minhdanh/5e31d1e3-0187-4837-8530-60bbac61578f1/home/minhdanh/Documents/EmoMV/Dataset1/DS1_TRAIN_MATCH/sad_ORG_SAD(213).mp4,sad,3,DS1,match,e87f30a8c8286f55e60ef28dd45d9d437796c043f5f1c82855cc02bd41c02ab2,DS1__sad_ORG_SAD(213),29.7931,864,29.0,0,DS1__sad_ORG_SAD(213),0,864,29.7931
DS1__sad_SAD_LLT(22),/Users/rafiabhista/Documents/code/apple/c1_audio/emomv_2/aria/media/minhdanh/5e31d1e3-0187-4837-8530-60bbac61578f1/home/minhdanh/Documents/EmoMV/Dataset1/DS1_TRAIN_MATCH/sad_SAD_LLT(22).mp4,sad,3,DS1,match,759438d8799556347a8297745a08528374eb422075285245474b1b94fa35dd4f,DS1__sad_SAD_LLT(22),28.4451,682,23.976,0,DS1__sad_SAD_LLT(22),0,682,28.4451
DS1__sad_TT(12),/Users/rafiabhista/Documents/code/apple/c1_audio/emomv_2/aria/media/minhdanh/5e31d1e3-0187-4837-8530-60bbac61578f1/home/minhdanh/Documents/EmoMV/Dataset1/DS1_TRAIN_MATCH/sad_TT(12).mp4,sad,3,DS1,match,d61f55e46ae97b21184a915f3f83cbb7a2489d167f3315301bd0f73fca457773,DS1__sad_TT(12),29.96,749,25.0,0,DS1__sad_TT(12),0,749,29.96
DS1__sad_Sad_FINAL_DL(5),/Users/rafiabhista/Documents/code/apple/c1_audio/emomv_2/aria/media/minhdanh/5e31d1e3-0187-4837-8530-60bbac61578f1/home/minhdanh/Documents/EmoMV/Dataset1/DS1_TRAIN_MATCH/sad_Sad_FINAL_DL(5).mp4,sad,3,DS1,match,18f8481bf1fd2db7d050d9fb958114f67eb346f0c9e9bd1235176d68656ed18e,DS1__sad_Sad_FINAL_DL(5),26.318,631,23.976,0,DS1__sad_Sad_FINAL_DL(5),0,631,26.318
DS1__sad_ORG_SAD(127),/Users/rafiabhista/Documents/code/apple/c1_audio/emomv_2/aria/media/minhdanh/5e31d1e3-0187-4837-8530-60bbac61578f1/home/minhdanh/Documents/EmoMV/Dataset1/DS1_TRAIN_MATCH/sad_ORG_SAD(127).mp4,sad,3,DS1,match,0fb72706938084953b5ba954935b368556279cfd7d308d22334df786b76cdf0c,DS1__sad_ORG_SAD(127),29.48,737,25.0,0,DS1__sad_ORG_SAD(127),0,737,29.48
DS1__sad_REVIEW_SAD (88),/Users/rafiabhista/Documents/code/apple/c1_audio/emomv_2/aria/media/minhdanh/5e31d1e3-0187-4837-8530-60bbac61578f1/home/minhdanh/Documents/EmoMV/Dataset1/DS1_TRAIN_MATCH/sad_REVIEW_SAD (88).mp4,sad,3,DS1,match,041e747e71e221f6232c7299f88c5672c7a98c9f5386008d5e58d905d5fab0eb,DS1__sad_REVIEW_SAD (88),29.7797,714,23.976,0,DS1__sad_REVIEW_SAD (88),0,714,29.7797
DS1__sad_ORG_SAD(61),/Users/rafiabhista/Documents/code/apple/c1_audio/emomv_2/aria/media/minhdanh/5e31d1e3-0187-4837-8530-60bbac61578f1/home/minhdanh/Documents/EmoMV/Dataset1/DS1_TRAIN_MATCH/sad_ORG_SAD(61).mp4,sad,3,DS1,match,c5a685779e13e3e6837f93328c80323c7688887e6c5399db8dde2adcd5f7828a,DS1__sad_ORG_SAD(61),28.96,724,25.0,0,DS1__sad_ORG_SAD(61),0,724,28.96
DS1__sad_SAAD_NN(0)-2-of-10,/Users/rafiabhista/Documents/code/apple/c1_audio/emomv_2/aria/media/minhdanh/5e31d1e3-0187-4837-8530-60bbac61578f1/home/minhdanh/Documents/EmoMV/Dataset1/DS1_TRAIN_MATCH/sad_SAAD_NN(0)-2-of-10.mp4,sad,3,DS1,match,2b97cc19fa6867b91f2ff2547b32a4c11d6b3d6408699edc87c62a3a2c3c5260,DS1__sad_SAAD_NN(0),28.2365,677,23.976,0,DS1__sad_SAAD_NN(0)-2-of-10,0,677,28.2365
DS1__sad_ORG_SAD(221),/Users/rafiabhista/Documents/code/apple/c1_audio/emomv_2/aria/media/minhdanh/5e31d1e3-0187-4837-8530-60bbac61578f1/home/minhdanh/Documents/EmoMV/Dataset1/DS1_TRAIN_MATCH/sad_ORG_SAD(221).mp4,sad,3,DS1,match,b2610c16e4b3d6b9a2e7a79820fed6f6bf058a11ce2bb18157df14c876595b32,DS1__sad_ORG_SAD(221),28.3477,700,24.6934,0,DS1__sad_ORG_SAD(221),0,700,28.3477
DS1__sad_REVIEW_SAD (22),/Users/rafiabhista/Documents/code/apple/c1_audio/emomv_2/aria/media/minhdanh/5e31d1e3-0187-4837-8530-60bbac61578f1/home/minhdanh/Documents/EmoMV/Dataset1/DS1_TRAIN_MATCH/sad_REVIEW_SAD (22).mp4,sad,3,DS1,match,4bad60a0a3ff9b53b404ed2fb761e7f20e7a55ba52e41c4a75e199278e81a96d,DS1__sad_REVIEW_SAD (22),29.9966,899,29.97,0,DS1__sad_REVIEW_SAD (22),0,899,29.9966
DS1__sad_SAD_LLT(31)-120-of-228,/Users/rafiabhista/Documents/code/apple/c1_audio/emomv_2/aria/media/minhdanh/5e31d1e3-0187-4837-8530-60bbac61578f1/home/minhdanh/Documents/EmoMV/Dataset1/DS1_TRAIN_MATCH/sad_SAD_LLT(31)-120-of-228.mp4,sad,3,DS1,match,1fcee1a31c6edf468c07f6d594269c22fe624e0d687939a6463be1f4c8d93dfd,DS1__sad_SAD_LLT(31),29.64,741,25.0,0,DS1__sad_SAD_LLT(31)-120-of-228,0,741,29.64
DS1__sad_ORG_SAD(124),/Users/rafiabhista/Documents/code/apple/c1_audio/emomv_2/aria/media/minhdanh/5e31d1e3-0187-4837-8530-60bbac61578f1/home/minhdanh/Documents/EmoMV/Dataset1/DS1_TRAIN_MATCH/sad_ORG_SAD(124).mp4,sad,3,DS1,match,6909d52db27408c744f6436e3b13847d74f5012e1edc04f20f4b632c3a2480ce,DS1__sad_ORG_SAD(124),29.4626,883,29.9702,0,DS1__sad_ORG_SAD(124),0,883,29.4626
DS1__sad_TEST_SAD(14)-12-of-14,/Users/rafiabhista/Documents/code/apple/c1_audio/emomv_2/aria/media/minhdanh/5e31d1e3-0187-4837-8530-60bbac61578f1/home/minhdanh/Documents/EmoMV/Dataset1/DS1_TRAIN_MATCH/sad_TEST_SAD(14)-12-of-14.mp4,sad,3,DS1,match,2dc5bbb02c52f323547389022b51044b178945deb361909dff76796f138fb372,DS1__sad_TEST_SAD(14),27.9029,669,23.976,0,DS1__sad_TEST_SAD(14)-12-of-14,0,669,27.9029
DS1__sad_ORG_SAD(210),/Users/rafiabhista/Documents/code/apple/c1_audio/emomv_2/aria/media/minhdanh/5e31d1e3-0187-4837-8530-60bbac61578f1/home/minhdanh/Documents/EmoMV/Dataset1/DS1_TRAIN_MATCH/sad_ORG_SAD(210).mp4,sad,3,DS1,match,9da421df64fc82ec1afaa67517e14ff7f191cadb0ce24c9ffbfa350169afa428,DS1__sad_ORG_SAD(210),29.7241,862,29.0,0,DS1__sad_ORG_SAD(210),0,862,29.7241
DS1__sad_SAD_LLT(31)-146-of-228,/Users/rafiabhista/Documents/code/apple/c1_audio/emomv_2/aria/media/minhdanh/5e31d1e3-0187-4837-8530-60bbac61578f1/home/minhdanh/Documents/EmoMV/Dataset1/DS1_TRAIN_MATCH/sad_SAD_LLT(31)-146-of-228.mp4,sad,3,DS1,match,873d210c5a9cbdf05359208bfb79e74e9ea4fb0dc716fab90afa3c64129fb68b,DS1__sad_SAD_LLT(31),29.6,740,25.0,0,DS1__sad_SAD_LLT(31)-146-of-228,0,740,29.6
DS1__sad_SADA_FINAL_DL(39),/Users/rafiabhista/Documents/code/apple/c1_audio/emomv_2/aria/media/minhdanh/5e31d1e3-0187-4837-8530-60bbac61578f1/home/minhdanh/Documents/EmoMV/Dataset1/DS1_TRAIN_MATCH/sad_SADA_FINAL_DL(39).mp4,sad,3,DS1,match,ae14ce9abf600eda02df64be0471928101ba99203f69ce238e77c5300a9e5b61,DS1__sad_SADA_FINAL_DL(39),29.5833,710,24.0,0,DS1__sad_SADA_FINAL_DL(39),0,710,29.5833
DS1__sad_SAD_LLT(23)-3-of-13,/Users/rafiabhista/Documents/code/apple/c1_audio/emomv_2/aria/media/minhdanh/5e31d1e3-0187-4837-8530-60bbac61578f1/home/minhdanh/Documents/EmoMV/Dataset1/DS1_TRAIN_MATCH/sad_SAD_LLT(23)-3-of-13.mp4,sad,3,DS1,match,ef76975068eb1eb24affca6ec816414ef7ddbd42a3a2a248df70ddf2a9e6f208,DS1__sad_SAD_LLT(23),28.0,700,25.0,0,DS1__sad_SAD_LLT(23)-3-of-13,0,700,28.0
DS1__sad_SAAD_NN(1)-5-of-7,/Users/rafiabhista/Documents/code/apple/c1_audio/emomv_2/aria/media/minhdanh/5e31d1e3-0187-4837-8530-60bbac61578f1/home/minhdanh/Documents/EmoMV/Dataset1/DS1_TRAIN_MATCH/sad_SAAD_NN(1)-5-of-7.mp4,sad,3,DS1,match,8bb5ba3839c52bfaec06c8624cc185eae8a579adadf6db1b298c26bba2289a3f,DS1__sad_SAAD_NN(1),27.5275,660,23.976,0,DS1__sad_SAAD_NN(1)-5-of-7,0,660,27.5275
DS1__sad_SAD_LLT(22)-6-of-7,/Users/rafiabhista/Documents/code/apple/c1_audio/emomv_2/aria/media/minhdanh/5e31d1e3-0187-4837-8530-60bbac61578f1/home/minhdanh/Documents/EmoMV/Dataset1/DS1_TRAIN_MATCH/sad_SAD_LLT(22)-6-of-7.mp4,sad,3,DS1,match,7299e36e9a9b2eb7f04ed4be7c2b5ed1270a5407dcf11e396cdcb6ccf43fbd6f,DS1__sad_SAD_LLT(22),28.4451,682,23.976,0,DS1__sad_SAD_LLT(22)-6-of-7,0,682,28.4451
DS1__sad_SAD_LLT(31),/Users/rafiabhista/Documents/code/apple/c1_audio/emomv_2/aria/media/minhdanh/5e31d1e3-0187-4837-8530-60bbac61578f1/home/minhdanh/Documents/EmoMV/Dataset1/DS1_TRAIN_MATCH/sad_SAD_LLT(31).mp4,sad,3,DS1,match,ddc4646c24744d312aef34c84c4c91934fbdc8bcffd7473d86b6e56791e1a45d,DS1__sad_SAD_LLT(31),28.6119,686,23.976,0,DS1__sad_SAD_LLT(31),0,686,28.6119
DS1__sad_SAD_LLT(7)-7-of-8,/Users/rafiabhista/Documents/code/apple/c1_audio/emomv_2/aria/media/minhdanh/5e31d1e3-0187-4837-8530-60bbac61578f1/home/minhdanh/Documents/EmoMV/Dataset1/DS1_TRAIN_MATCH/sad_SAD_LLT(7)-7-of-8.mp4,sad,3,DS1,match,a8df22ffe3353c524f3254303080d77d256d6942a1e773923bdbfdee1aff8417,DS1__sad_SAD_LLT(7),29.92,748,25.0,0,DS1__sad_SAD_LLT(7)-7-of-8,0,748,29.92
DS1__sad_ORG_SAD(197),/Users/rafiabhista/Documents/code/apple/c1_audio/emomv_2/aria/media/minhdanh/5e31d1e3-0187-4837-8530-60bbac61578f1/home/minhdanh/Documents/EmoMV/Dataset1/DS1_TRAIN_MATCH/sad_ORG_SAD(197).mp4,sad,3,DS1,match,b55ebb1359e959869e3e0028ce19faa3ae86f14900283d1ed974908edc6ec408,DS1__sad_ORG_SAD(197),29.3,879,30.0,0,DS1__sad_ORG_SAD(197),0,879,29.3
DS1__sad_ORG_SAD(321),/Users/rafiabhista/Documents/code/apple/c1_audio/emomv_2/aria/media/minhdanh/5e31d1e3-0187-4837-8530-60bbac61578f1/home/minhdanh/Documents/EmoMV/Dataset1/DS1_TRAIN_MATCH/sad_ORG_SAD(321).mp4,sad,3,DS1,match,93602695efb13786cb618a28dc5cbfa18d51e1193b0b76c5e1b0823f4bdcbeef,DS1__sad_ORG_SAD(321),29.7333,892,30.0,0,DS1__sad_ORG_SAD(321),0,892,29.7333
DS1__sad_SAD_LLT(8)-6-of-10,/Users/rafiabhista/Documents/code/apple/c1_audio/emomv_2/aria/media/minhdanh/5e31d1e3-0187-4837-8530-60bbac61578f1/home/minhdanh/Documents/EmoMV/Dataset1/DS1_TRAIN_MATCH/sad_SAD_LLT(8)-6-of-10.mp4,sad,3,DS1,match,cf9de5314e2b25e3e7e65436402fb8af840ba44880da28b9c1ac13462af2e7ff,DS1__sad_SAD_LLT(8),28.56,714,25.0,0,DS1__sad_SAD_LLT(8)-6-of-10,0,714,28.56
DS1__sad_REVIEW_SAD (64),/Users/rafiabhista/Documents/code/apple/c1_audio/emomv_2/aria/media/minhdanh/5e31d1e3-0187-4837-8530-60bbac61578f1/home/minhdanh/Documents/EmoMV/Dataset1/DS1_TRAIN_MATCH/sad_REVIEW_SAD (64).mp4,sad,3,DS1,match,5c603116d18a388079cf1f5872b8c10070314a3f1dbcd42b4b5af4301e9bb3e2,DS1__sad_REVIEW_SAD (64),28.64,716,25.0,0,DS1__sad_REVIEW_SAD (64),0,716,28.64
DS1__sad_SAD_LLT(8)-9-of-10,/Users/rafiabhista/Documents/code/apple/c1_audio/emomv_2/aria/media/minhdanh/5e31d1e3-0187-4837-8530-60bbac61578f1/home/minhdanh/Documents/EmoMV/Dataset1/DS1_TRAIN_MATCH/sad_SAD_LLT(8)-9-of-10.mp4,sad,3,DS1,match,85684b2272f261ff03523e8d72d41bb5d3c6fbb21faea1f81c5ab95d0b3a1ce1,DS1__sad_SAD_LLT(8),30.0,750,25.0,0,DS1__sad_SAD_LLT(8)-9-of-10,0,750,30.0
DS1__sad_FINAL_DL_Sad(14),/Users/rafiabhista/Documents/code/apple/c1_audio/emomv_2/aria/media/minhdanh/5e31d1e3-0187-4837-8530-60bbac61578f1/home/minhdanh/Documents/EmoMV/Dataset1/DS1_TRAIN_MATCH/sad_FINAL_DL_Sad(14).mp4,sad,3,DS1,match,fa94f24c06d9dce9d6c8eb6d8dcc763e3b62d1a62da218a2a233a1049bdf9ea0,DS1__sad_FINAL_DL_Sad(14),28.7,861,30.0,0,DS1__sad_FINAL_DL_Sad(14),0,861,28.7
DS1__sad_SAD_LLT(14)-7-of-8,/Users/rafiabhista/Documents/code/apple/c1_audio/emomv_2/aria/media/minhdanh/5e31d1e3-0187-4837-8530-60bbac61578f1/home/minhdanh/Documents/EmoMV/Dataset1/DS1_TRAIN_MATCH/sad_SAD_LLT(14)-7-of-8.mp4,sad,3,DS1,match,2fb2d3d61780b2036707a81fe25b916b0b53f5c7207b42e812e3e0e225284918,DS1__sad_SAD_LLT(14),29.9583,719,24.0,0,DS1__sad_SAD_LLT(14)-7-of-8,0,719,29.9583
DS1__sad_ORG_SAD(296),/Users/rafiabhista/Documents/code/apple/c1_audio/emomv_2/aria/media/minhdanh/5e31d1e3-0187-4837-8530-60bbac61578f1/home/minhdanh/Documents/EmoMV/Dataset1/DS1_TRAIN_MATCH/sad_ORG_SAD(296).mp4,sad,3,DS1,match,f8ae11cb2783ea975b4b90db096295498ee937b8a7a9ab924d5b5dabbac5031f,DS1__sad_ORG_SAD(296),30.6667,920,30.0,0,DS1__sad_ORG_SAD(296),0,920,30.6667
DS1__sad_TT(14),/Users/rafiabhista/Documents/code/apple/c1_audio/emomv_2/aria/media/minhdanh/5e31d1e3-0187-4837-8530-60bbac61578f1/home/minhdanh/Documents/EmoMV/Dataset1/DS1_TRAIN_MATCH/sad_TT(14).mp4,sad,3,DS1,match,6cab787473b262e0962ce9b7f66166d7425b1957277d47a074ccbe5261d8d3f0,DS1__sad_TT(14),30.36,759,25.0,0,DS1__sad_TT(14),0,759,30.36
DS1__sad_SAD_LLT(28)-6-of-9,/Users/rafiabhista/Documents/code/apple/c1_audio/emomv_2/aria/media/minhdanh/5e31d1e3-0187-4837-8530-60bbac61578f1/home/minhdanh/Documents/EmoMV/Dataset1/DS1_TRAIN_MATCH/sad_SAD_LLT(28)-6-of-9.mp4,sad,3,DS1,match,3ed1c957cc367aa408c75270b5af8ac7608d13fcc0db92645caeec2778b81321,DS1__sad_SAD_LLT(28),29.6,740,25.0,0,DS1__sad_SAD_LLT(28)-6-of-9,0,740,29.6
DS1__sad_ORG_SAD(169),/Users/rafiabhista/Documents/code/apple/c1_audio/emomv_2/aria/media/minhdanh/5e31d1e3-0187-4837-8530-60bbac61578f1/home/minhdanh/Documents/EmoMV/Dataset1/DS1_TRAIN_MATCH/sad_ORG_SAD(169).mp4,sad,3,DS1,match,1e73af9b6921b3bc44339148e098f199b81b19ee046464bf965ecc5e2d8278f7,DS1__sad_ORG_SAD(169),28.2366,677,23.976,0,DS1__sad_ORG_SAD(169),0,677,28.2366
DS1__sad_SAD_LLT(15)-2-of-7,/Users/rafiabhista/Documents/code/apple/c1_audio/emomv_2/aria/media/minhdanh/5e31d1e3-0187-4837-8530-60bbac61578f1/home/minhdanh/Documents/EmoMV/Dataset1/DS1_TRAIN_MATCH/sad_SAD_LLT(15)-2-of-7.mp4,sad,3,DS1,match,88c506d5f694e20767259d5a0aec04d462a5f46a725e29fc69400071b54529de,DS1__sad_SAD_LLT(15),29.64,741,25.0,0,DS1__sad_SAD_LLT(15)-2-of-7,0,741,29.64
DS1__sad_TT(18),/Users/rafiabhista/Documents/code/apple/c1_audio/emomv_2/aria/media/minhdanh/5e31d1e3-0187-4837-8530-60bbac61578f1/home/minhdanh/Documents/EmoMV/Dataset1/DS1_TRAIN_MATCH/sad_TT(18).mp4,sad,3,DS1,match,84b5bc43f78a3cb1d555b6599993e27734011efed6a2d19681634e3e9b518ccd,DS1__sad_TT(18),29.44,736,25.0,0,DS1__sad_TT(18),0,736,29.44
DS1__sad_ORG_SAD(230),/Users/rafiabhista/Documents/code/apple/c1_audio/emomv_2/aria/media/minhdanh/5e31d1e3-0187-4837-8530-60bbac61578f1/home/minhdanh/Documents/EmoMV/Dataset1/DS1_TRAIN_MATCH/sad_ORG_SAD(230).mp4,sad,3,DS1,match,440bc159b786f4dd02c9709530e64973bbc14d969afe9701a123014fc89f4aa4,DS1__sad_ORG_SAD(230),29.76,744,25.0,0,DS1__sad_ORG_SAD(230),0,744,29.76
DS1__sad_SAD_LLT(34),/Users/rafiabhista/Documents/code/apple/c1_audio/emomv_2/aria/media/minhdanh/5e31d1e3-0187-4837-8530-60bbac61578f1/home/minhdanh/Documents/EmoMV/Dataset1/DS1_TRAIN_MATCH/sad_SAD_LLT(34).mp4,sad,3,DS1,match,630da8a773a8a26cf9565a2269cdc52d3264261a0d24566103f6f19a23a6027d,DS1__sad_SAD_LLT(34),28.5417,685,24.0,0,DS1__sad_SAD_LLT(34),0,685,28.5417
DS1__sad_ORG_SAD(34),/Users/rafiabhista/Documents/code/apple/c1_audio/emomv_2/aria/media/minhdanh/5e31d1e3-0187-4837-8530-60bbac61578f1/home/minhdanh/Documents/EmoMV/Dataset1/DS1_TRAIN_MATCH/sad_ORG_SAD(34).mp4,sad,3,DS1,match,285d3947d344e515bfb1ae7908e61da92ebedfb024f03376159a55a82bfac92e,DS1__sad_ORG_SAD(34),29.9883,719,23.976,0,DS1__sad_ORG_SAD(34),0,719,29.9883
DS1__sad_DEAP_DB_HR(43),/Users/rafiabhista/Documents/code/apple/c1_audio/emomv_2/aria/media/minhdanh/5e31d1e3-0187-4837-8530-60bbac61578f1/home/minhdanh/Documents/EmoMV/Dataset1/DS1_TRAIN_MATCH/sad_DEAP_DB_HR(43).mp4,sad,3,DS1,match,6f02ea8b4f37f820a899447d5cc16c1a5306c92d12b66c9cd6dacd08e9eb4ed5,DS1__sad_DEAP_DB_HR(43),30.0,750,25.0,0,DS1__sad_DEAP_DB_HR(43),0,750,30.0
DS1__sad_SAAD_FINAL_DL(13),/Users/rafiabhista/Documents/code/apple/c1_audio/emomv_2/aria/media/minhdanh/5e31d1e3-0187-4837-8530-60bbac61578f1/home/minhdanh/Documents/EmoMV/Dataset1/DS1_TRAIN_MATCH/sad_SAAD_FINAL_DL(13).mp4,sad,3,DS1,match,8c14fdebc35eb5cd6c66f10d66c9583e9cbda168127168488dbfa56148170242,DS1__sad_SAAD_FINAL_DL(13),29.0,696,24.0,0,DS1__sad_SAAD_FINAL_DL(13),0,696,29.0
DS1__sad_TEST_SAD(6)-8-of-9,/Users/rafiabhista/Documents/code/apple/c1_audio/emomv_2/aria/media/minhdanh/5e31d1e3-0187-4837-8530-60bbac61578f1/home/minhdanh/Documents/EmoMV/Dataset1/DS1_TRAIN_MATCH/sad_TEST_SAD(6)-8-of-9.mp4,sad,3,DS1,match,1f478cb7d4e56f995b9538027456d730d81cb5eb1e8c24acf1bc05088cb4e916,DS1__sad_TEST_SAD(6),28.8,720,25.0,0,DS1__sad_TEST_SAD(6)-8-of-9,0,720,28.8
DS1__sad_SAAD_FINAL_DL(12),/Users/rafiabhista/Documents/code/apple/c1_audio/emomv_2/aria/media/minhdanh/5e31d1e3-0187-4837-8530-60bbac61578f1/home/minhdanh/Documents/EmoMV/Dataset1/DS1_TRAIN_MATCH/sad_SAAD_FINAL_DL(12).mp4,sad,3,DS1,match,003b06a368d76d3b4ed60a8e93df0cc4aa7132d36d702221896d8ae649307744,DS1__sad_SAAD_FINAL_DL(12),29.75,714,24.0,0,DS1__sad_SAAD_FINAL_DL(12),0,714,29.75
DS1__sad_ORG_SAD(171),/Users/rafiabhista/Documents/code/apple/c1_audio/emomv_2/aria/media/minhdanh/5e31d1e3-0187-4837-8530-60bbac61578f1/home/minhdanh/Documents/EmoMV/Dataset1/DS1_TRAIN_MATCH/sad_ORG_SAD(171).mp4,sad,3,DS1,match,903c6452bfeda4ad8655af9567d182f30fa4f5915a7ed2e58769ef75e0b2460c,DS1__sad_ORG_SAD(171),29.7798,714,23.976,0,DS1__sad_ORG_SAD(171),0,714,29.7798
DS1__sad_ORG_SAD(23),/Users/rafiabhista/Documents/code/apple/c1_audio/emomv_2/aria/media/minhdanh/5e31d1e3-0187-4837-8530-60bbac61578f1/home/minhdanh/Documents/EmoMV/Dataset1/DS1_TRAIN_MATCH/sad_ORG_SAD(23).mp4,sad,3,DS1,match,00690595b866713f14e0bfbe2921abe71852cf846d9caf945a57fd0d834eaa22,DS1__sad_ORG_SAD(23),30.2,755,25.0,0,DS1__sad_ORG_SAD(23),0,755,30.2
DS1__sad_FINAL_DL_Sad(50),/Users/rafiabhista/Documents/code/apple/c1_audio/emomv_2/aria/media/minhdanh/5e31d1e3-0187-4837-8530-60bbac61578f1/home/minhdanh/Documents/EmoMV/Dataset1/DS1_TRAIN_MATCH/sad_FINAL_DL_Sad(50).mp4,sad,3,DS1,match,377db45b68da4648e132053358749482618ad235bea0303a69024c8a6fc6f0d0,DS1__sad_FINAL_DL_Sad(50),29.1958,700,23.976,0,DS1__sad_FINAL_DL_Sad(50),0,700,29.1958
DS1__sad_ORG_SAD(222),/Users/rafiabhista/Documents/code/apple/c1_audio/emomv_2/aria/media/minhdanh/5e31d1e3-0187-4837-8530-60bbac61578f1/home/minhdanh/Documents/EmoMV/Dataset1/DS1_TRAIN_MATCH/sad_ORG_SAD(222).mp4,sad,3,DS1,match,a8bd607769c4367b19815e6fe48fdda6e87e26d83ef74b2b051272dd9cde6924,DS1__sad_ORG_SAD(222),26.8088,662,24.6934,0,DS1__sad_ORG_SAD(222),0,662,26.8088
DS1__sad_SAD_LLT(26)-3-of-11,/Users/rafiabhista/Documents/code/apple/c1_audio/emomv_2/aria/media/minhdanh/5e31d1e3-0187-4837-8530-60bbac61578f1/home/minhdanh/Documents/EmoMV/Dataset1/DS1_TRAIN_MATCH/sad_SAD_LLT(26)-3-of-11.mp4,sad,3,DS1,match,48fe2f40cbbb319ae6b736dbb0d2404b1913ad5261e1161be7b01ab353620bf7,DS1__sad_SAD_LLT(26),29.7333,892,30.0,0,DS1__sad_SAD_LLT(26)-3-of-11,0,892,29.7333
DS1__sad_HAPPY_HEA(196)-5-of-7,/Users/rafiabhista/Documents/code/apple/c1_audio/emomv_2/aria/media/minhdanh/5e31d1e3-0187-4837-8530-60bbac61578f1/home/minhdanh/Documents/EmoMV/Dataset1/DS1_TRAIN_MATCH/sad_HAPPY_HEA(196)-5-of-7.mp4,sad,3,DS1,match,cac29c4a4ef1d10b58ef9e57c63d096986645aa07447e511b49402ef41d57aae,DS1__sad_HAPPY_HEA(196),29.4878,707,23.976,0,DS1__sad_HAPPY_HEA(196)-5-of-7,0,707,29.4878
DS1__sad_SAD_LLT(31)-190-of-228,/Users/rafiabhista/Documents/code/apple/c1_audio/emomv_2/aria/media/minhdanh/5e31d1e3-0187-4837-8530-60bbac61578f1/home/minhdanh/Documents/EmoMV/Dataset1/DS1_TRAIN_MATCH/sad_SAD_LLT(31)-190-of-228.mp4,sad,3,DS1,match,1398d41f571687ef6b37874cb7e551f4f2b7deebd6da501d7ff8e552ce5f884f,DS1__sad_SAD_LLT(31),29.36,734,25.0,0,DS1__sad_SAD_LLT(31)-190-of-228,0,734,29.36
DS1__sad_ORG_SAD(54),/Users/rafiabhista/Documents/code/apple/c1_audio/emomv_2/aria/media/minhdanh/5e31d1e3-0187-4837-8530-60bbac61578f1/home/minhdanh/Documents/EmoMV/Dataset1/DS1_TRAIN_MATCH/sad_ORG_SAD(54).mp4,sad,3,DS1,match,a7e42931e46a35227a89015198236bbe924a5eed60bba7d136c0741c2587b93c,DS1__sad_ORG_SAD(54),30.0,720,24.0,0,DS1__sad_ORG_SAD(54),0,720,30.0
DS1__sad_ORG_SAD(304),/Users/rafiabhista/Documents/code/apple/c1_audio/emomv_2/aria/media/minhdanh/5e31d1e3-0187-4837-8530-60bbac61578f1/home/minhdanh/Documents/EmoMV/Dataset1/DS1_TRAIN_MATCH/sad_ORG_SAD(304).mp4,sad,3,DS1,match,c58c7b96015dfc268625b30619028f13994704d5b2b77c46655af33913298628,DS1__sad_ORG_SAD(304),29.2,730,25.0,0,DS1__sad_ORG_SAD(304),0,730,29.2
DS1__sad_ORG_SAD(119),/Users/rafiabhista/Documents/code/apple/c1_audio/emomv_2/aria/media/minhdanh/5e31d1e3-0187-4837-8530-60bbac61578f1/home/minhdanh/Documents/EmoMV/Dataset1/DS1_TRAIN_MATCH/sad_ORG_SAD(119).mp4,sad,3,DS1,match,07be54a63f11feb6336dfc918f41ce351f0c0308ea604c7af0de9f82ff8bc306,DS1__sad_ORG_SAD(119),30.9667,929,30.0,0,DS1__sad_ORG_SAD(119),0,929,30.9667
DS1__sad_ORG_SAD(293)__win0,/Users/rafiabhista/Documents/code/apple/c1_audio/emomv_2/aria/media/minhdanh/5e31d1e3-0187-4837-8530-60bbac61578f1/home/minhdanh/Documents/EmoMV/Dataset1/DS1_TRAIN_MATCH/sad_ORG_SAD(293).mp4,sad,3,DS1,match,508029760f5100fb6f8261fd5ad92649e2b31995ac1b8a7347303d2571816d27,DS1__sad_ORG_SAD(293),89.339,2142,23.9761,0,DS1__sad_ORG_SAD(293),0,719,29.9882
DS1__sad_ORG_SAD(293)__win1,/Users/rafiabhista/Documents/code/apple/c1_audio/emomv_2/aria/media/minhdanh/5e31d1e3-0187-4837-8530-60bbac61578f1/home/minhdanh/Documents/EmoMV/Dataset1/DS1_TRAIN_MATCH/sad_ORG_SAD(293).mp4,sad,3,DS1,match,508029760f5100fb6f8261fd5ad92649e2b31995ac1b8a7347303d2571816d27,DS1__sad_ORG_SAD(293),89.339,2142,23.9761,1,DS1__sad_ORG_SAD(293),719,1438,29.9882
DS1__sad_ORG_SAD(293)__win2,/Users/rafiabhista/Documents/code/apple/c1_audio/emomv_2/aria/media/minhdanh/5e31d1e3-0187-4837-8530-60bbac61578f1/home/minhdanh/Documents/EmoMV/Dataset1/DS1_TRAIN_MATCH/sad_ORG_SAD(293).mp4,sad,3,DS1,match,508029760f5100fb6f8261fd5ad92649e2b31995ac1b8a7347303d2571816d27,DS1__sad_ORG_SAD(293),89.339,2142,23.9761,2,DS1__sad_ORG_SAD(293),1438,2142,29.3626
DS1__sad_TT(16),/Users/rafiabhista/Documents/code/apple/c1_audio/emomv_2/aria/media/minhdanh/5e31d1e3-0187-4837-8530-60bbac61578f1/home/minhdanh/Documents/EmoMV/Dataset1/DS1_TRAIN_MATCH/sad_TT(16).mp4,sad,3,DS1,match,d2dbd6d4e30bd11525e1edbe45994b4794c5bf9116fb5246d8dee23102721b6b,DS1__sad_TT(16),30.4,760,25.0,0,DS1__sad_TT(16),0,760,30.4
DS1__sad_ORG_SAD(311),/Users/rafiabhista/Documents/code/apple/c1_audio/emomv_2/aria/media/minhdanh/5e31d1e3-0187-4837-8530-60bbac61578f1/home/minhdanh/Documents/EmoMV/Dataset1/DS1_TRAIN_MATCH/sad_ORG_SAD(311).mp4,sad,3,DS1,match,2dd251adbab9da04b003c2c647c442c65920406b5b645aaa9fac093b444ce768,DS1__sad_ORG_SAD(311),28.9038,693,23.9761,0,DS1__sad_ORG_SAD(311),0,693,28.9038
DS1__sad_SAD_LLT(17)-5-of-10,/Users/rafiabhista/Documents/code/apple/c1_audio/emomv_2/aria/media/minhdanh/5e31d1e3-0187-4837-8530-60bbac61578f1/home/minhdanh/Documents/EmoMV/Dataset1/DS1_TRAIN_MATCH/sad_SAD_LLT(17)-5-of-10.mp4,sad,3,DS1,match,44dfdeb7c5fa54a52870776f8492ed1cfdd990b0c5d049152e8c58b28343776a,DS1__sad_SAD_LLT(17),29.2,876,30.0,0,DS1__sad_SAD_LLT(17)-5-of-10,0,876,29.2
DS1__sad_ORG_SAD(91),/Users/rafiabhista/Documents/code/apple/c1_audio/emomv_2/aria/media/minhdanh/5e31d1e3-0187-4837-8530-60bbac61578f1/home/minhdanh/Documents/EmoMV/Dataset1/DS1_TRAIN_MATCH/sad_ORG_SAD(91).mp4,sad,3,DS1,match,bdcd9a734eab8fd58f8aa15249499c623f6e7a3213e8ccd64b8e801e4aad16d6,DS1__sad_ORG_SAD(91),29.2625,877,29.9701,0,DS1__sad_ORG_SAD(91),0,877,29.2625
DS1__sad_ORG_SAD(83),/Users/rafiabhista/Documents/code/apple/c1_audio/emomv_2/aria/media/minhdanh/5e31d1e3-0187-4837-8530-60bbac61578f1/home/minhdanh/Documents/EmoMV/Dataset1/DS1_TRAIN_MATCH/sad_ORG_SAD(83).mp4,sad,3,DS1,match,7e7c261ac6eede646082cfaa63c377c0093b251e4c3c7563c8d97ba4722ff5c3,DS1__sad_ORG_SAD(83),29.44,736,25.0,0,DS1__sad_ORG_SAD(83),0,736,29.44
DS1__sad_SAD_TEST(8)-3-of-8,/Users/rafiabhista/Documents/code/apple/c1_audio/emomv_2/aria/media/minhdanh/5e31d1e3-0187-4837-8530-60bbac61578f1/home/minhdanh/Documents/EmoMV/Dataset1/DS1_TRAIN_MATCH/sad_SAD_TEST(8)-3-of-8.mp4,sad,3,DS1,match,371fb080c0a72e37fda2520fa3bc044522a1b1f13e9029c22abaf9555af7c08e,DS1__sad_SAD_TEST(8),28.1531,675,23.976,0,DS1__sad_SAD_TEST(8)-3-of-8,0,675,28.1531
DS1__sad_SAD_LLT(23),/Users/rafiabhista/Documents/code/apple/c1_audio/emomv_2/aria/media/minhdanh/5e31d1e3-0187-4837-8530-60bbac61578f1/home/minhdanh/Documents/EmoMV/Dataset1/DS1_TRAIN_MATCH/sad_SAD_LLT(23).mp4,sad,3,DS1,match,58de17e2e895718d44af317c736ba6ad07b8013c03bb50284b4269a3c05e15c7,DS1__sad_SAD_LLT(23),29.6963,712,23.976,0,DS1__sad_SAD_LLT(23),0,712,29.6963
DS1__sad_FINAL_DL_Sad(76),/Users/rafiabhista/Documents/code/apple/c1_audio/emomv_2/aria/media/minhdanh/5e31d1e3-0187-4837-8530-60bbac61578f1/home/minhdanh/Documents/EmoMV/Dataset1/DS1_TRAIN_MATCH/sad_FINAL_DL_Sad(76).mp4,sad,3,DS1,match,fe0975931b6bf22acf2a50279ae47191fbd464d7d6b6a2d1cb1ca28d2b5099f7,DS1__sad_FINAL_DL_Sad(76),29.0707,697,23.976,0,DS1__sad_FINAL_DL_Sad(76),0,697,29.0707
DS1__sad_SAD_TEST(4)-3-of-6,/Users/rafiabhista/Documents/code/apple/c1_audio/emomv_2/aria/media/minhdanh/5e31d1e3-0187-4837-8530-60bbac61578f1/home/minhdanh/Documents/EmoMV/Dataset1/DS1_TRAIN_MATCH/sad_SAD_TEST(4)-3-of-6.mp4,sad,3,DS1,match,f5f9bec3bd93ddd13c0bac8c263ee7c8f7dabd90d174679653eadbc007ec3590,DS1__sad_SAD_TEST(4),27.9029,669,23.976,0,DS1__sad_SAD_TEST(4)-3-of-6,0,669,27.9029
DS1__sad_ORG_SAD(229),/Users/rafiabhista/Documents/code/apple/c1_audio/emomv_2/aria/media/minhdanh/5e31d1e3-0187-4837-8530-60bbac61578f1/home/minhdanh/Documents/EmoMV/Dataset1/DS1_TRAIN_MATCH/sad_ORG_SAD(229).mp4,sad,3,DS1,match,e496e46fa2ff393bd32847a69dc742f5de411022d8d2e15e075f47f81e926c2d,DS1__sad_ORG_SAD(229),28.8287,864,29.9701,0,DS1__sad_ORG_SAD(229),0,864,28.8287
DS1__sad_ORG_SAD(256),/Users/rafiabhista/Documents/code/apple/c1_audio/emomv_2/aria/media/minhdanh/5e31d1e3-0187-4837-8530-60bbac61578f1/home/minhdanh/Documents/EmoMV/Dataset1/DS1_TRAIN_MATCH/sad_ORG_SAD(256).mp4,sad,3,DS1,match,9e1df07dcbd786670451936cb7091b221f33e83d979009c9e23ccd2a09c338da,DS1__sad_ORG_SAD(256),28.4,710,25.0,0,DS1__sad_ORG_SAD(256),0,710,28.4
DS1__sad_ORG_SAD(100)__win0,/Users/rafiabhista/Documents/code/apple/c1_audio/emomv_2/aria/media/minhdanh/5e31d1e3-0187-4837-8530-60bbac61578f1/home/minhdanh/Documents/EmoMV/Dataset1/DS1_TRAIN_MATCH/sad_ORG_SAD(100).mp4,sad,3,DS1,match,a9b52250a72634d950b87764501c2e8ce92c032bc761e577f9f70f20ab5d64a8,DS1__sad_ORG_SAD(100),36.2029,868,23.976,0,DS1__sad_ORG_SAD(100),0,719,29.9883
DS1__sad_ORG_SAD(100)__win1,/Users/rafiabhista/Documents/code/apple/c1_audio/emomv_2/aria/media/minhdanh/5e31d1e3-0187-4837-8530-60bbac61578f1/home/minhdanh/Documents/EmoMV/Dataset1/DS1_TRAIN_MATCH/sad_ORG_SAD(100).mp4,sad,3,DS1,match,a9b52250a72634d950b87764501c2e8ce92c032bc761e577f9f70f20ab5d64a8,DS1__sad_ORG_SAD(100),36.2029,868,23.976,1,DS1__sad_ORG_SAD(100),719,868,6.2145
DS1__sad_SAD_LLT(8)-2-of-10,/Users/rafiabhista/Documents/code/apple/c1_audio/emomv_2/aria/media/minhdanh/5e31d1e3-0187-4837-8530-60bbac61578f1/home/minhdanh/Documents/EmoMV/Dataset1/DS1_TRAIN_MATCH/sad_SAD_LLT(8)-2-of-10.mp4,sad,3,DS1,match,eae5ebcf47ebab2f7f88b8c24b7eff352f58df1ba6a1d033fd70db0e48f828c0,DS1__sad_SAD_LLT(8),29.28,732,25.0,0,DS1__sad_SAD_LLT(8)-2-of-10,0,732,29.28
DS1__sad_REVIEW_SAD (75),/Users/rafiabhista/Documents/code/apple/c1_audio/emomv_2/aria/media/minhdanh/5e31d1e3-0187-4837-8530-60bbac61578f1/home/minhdanh/Documents/EmoMV/Dataset1/DS1_TRAIN_MATCH/sad_REVIEW_SAD (75).mp4,sad,3,DS1,match,6efe621c4502189fd755f2a81894eee43dc5ac2e8f3470e56ec7539a1e801696,DS1__sad_REVIEW_SAD (75),29.9049,717,23.976,0,DS1__sad_REVIEW_SAD (75),0,717,29.9049
DS1__sad_TEST_SAD(17)-9-of-10,/Users/rafiabhista/Documents/code/apple/c1_audio/emomv_2/aria/media/minhdanh/5e31d1e3-0187-4837-8530-60bbac61578f1/home/minhdanh/Documents/EmoMV/Dataset1/DS1_TRAIN_MATCH/sad_TEST_SAD(17)-9-of-10.mp4,sad,3,DS1,match,761afb9eb91c663da46ba337f53670d40a1cd577d314211965f2be33c91a0326,DS1__sad_TEST_SAD(17),28.0697,673,23.976,0,DS1__sad_TEST_SAD(17)-9-of-10,0,673,28.0697
DS1__sad_SAD_LLT(4)-9-of-10,/Users/rafiabhista/Documents/code/apple/c1_audio/emomv_2/aria/media/minhdanh/5e31d1e3-0187-4837-8530-60bbac61578f1/home/minhdanh/Documents/EmoMV/Dataset1/DS1_TRAIN_MATCH/sad_SAD_LLT(4)-9-of-10.mp4,sad,3,DS1,match,62f270024361fd21d6cb2f34c1c9692b53f26b36726ea7d22346ef2b33500902,DS1__sad_SAD_LLT(4),29.1304,670,23.0,0,DS1__sad_SAD_LLT(4)-9-of-10,0,670,29.1304
DS1__sad_FINAL_DL_Sad(58),/Users/rafiabhista/Documents/code/apple/c1_audio/emomv_2/aria/media/minhdanh/5e31d1e3-0187-4837-8530-60bbac61578f1/home/minhdanh/Documents/EmoMV/Dataset1/DS1_TRAIN_MATCH/sad_FINAL_DL_Sad(58).mp4,sad,3,DS1,match,8e820eef2548208620e0f1c4d9d5be388e2a2561090b81df543fc88fb7334fdd,DS1__sad_FINAL_DL_Sad(58),27.7944,833,29.97,0,DS1__sad_FINAL_DL_Sad(58),0,833,27.7944
DS1__sad_REVIEW_SAD (53),/Users/rafiabhista/Documents/code/apple/c1_audio/emomv_2/aria/media/minhdanh/5e31d1e3-0187-4837-8530-60bbac61578f1/home/minhdanh/Documents/EmoMV/Dataset1/DS1_TRAIN_MATCH/sad_REVIEW_SAD (53).mp4,sad,3,DS1,match,fc6af9b19d506d367eb51fc52a906b973a387ab5ff548c330f79e178454a93f9,DS1__sad_REVIEW_SAD (53),30.0,720,24.0,0,DS1__sad_REVIEW_SAD (53),0,720,30.0
DS1__sad_SAD_LLT(19),/Users/rafiabhista/Documents/code/apple/c1_audio/emomv_2/aria/media/minhdanh/5e31d1e3-0187-4837-8530-60bbac61578f1/home/minhdanh/Documents/EmoMV/Dataset1/DS1_TRAIN_MATCH/sad_SAD_LLT(19).mp4,sad,3,DS1,match,0fdec08a0a43832431653689fc0592ceb4c334ce4e5a71b47143ece0b21df6e4,DS1__sad_SAD_LLT(19),29.4044,705,23.976,0,DS1__sad_SAD_LLT(19),0,705,29.4044
DS1__sad_ORG_SAD(297),/Users/rafiabhista/Documents/code/apple/c1_audio/emomv_2/aria/media/minhdanh/5e31d1e3-0187-4837-8530-60bbac61578f1/home/minhdanh/Documents/EmoMV/Dataset1/DS1_TRAIN_MATCH/sad_ORG_SAD(297).mp4,sad,3,DS1,match,c5914772b90de413246b6dbea305a174b192089a0ec058f3948bcd1664859b44,DS1__sad_ORG_SAD(297),29.9,897,30.0,0,DS1__sad_ORG_SAD(297),0,897,29.9
DS1__sad_SAAD_FINAL_DL(17),/Users/rafiabhista/Documents/code/apple/c1_audio/emomv_2/aria/media/minhdanh/5e31d1e3-0187-4837-8530-60bbac61578f1/home/minhdanh/Documents/EmoMV/Dataset1/DS1_TRAIN_MATCH/sad_SAAD_FINAL_DL(17).mp4,sad,3,DS1,match,70310f212e56aaa214846dfa23ddfc236171ecd867ebbf5e5c521e6eee19b0b3,DS1__sad_SAAD_FINAL_DL(17),28.1948,845,29.97,0,DS1__sad_SAAD_FINAL_DL(17),0,845,28.1948
DS1__sad_ORG_SAD(224),/Users/rafiabhista/Documents/code/apple/c1_audio/emomv_2/aria/media/minhdanh/5e31d1e3-0187-4837-8530-60bbac61578f1/home/minhdanh/Documents/EmoMV/Dataset1/DS1_TRAIN_MATCH/sad_ORG_SAD(224).mp4,sad,3,DS1,match,8a29cf448cee1fba482a21cc37d0f45f3d960ae9a76ad24fd8e7600ed185b97c,DS1__sad_ORG_SAD(224),30.12,753,25.0,0,DS1__sad_ORG_SAD(224),0,753,30.12
DS1__sad_ORG_SAD(266)__win0,/Users/rafiabhista/Documents/code/apple/c1_audio/emomv_2/aria/media/minhdanh/5e31d1e3-0187-4837-8530-60bbac61578f1/home/minhdanh/Documents/EmoMV/Dataset1/DS1_TRAIN_MATCH/sad_ORG_SAD(266).mp4,sad,3,DS1,match,ebafc6a3ceef71a65020cb0647d686183901d366730b8380e4810aae06eb5b3b,DS1__sad_ORG_SAD(266),41.333,991,23.976,0,DS1__sad_ORG_SAD(266),0,719,29.9883
DS1__sad_ORG_SAD(266)__win1,/Users/rafiabhista/Documents/code/apple/c1_audio/emomv_2/aria/media/minhdanh/5e31d1e3-0187-4837-8530-60bbac61578f1/home/minhdanh/Documents/EmoMV/Dataset1/DS1_TRAIN_MATCH/sad_ORG_SAD(266).mp4,sad,3,DS1,match,ebafc6a3ceef71a65020cb0647d686183901d366730b8380e4810aae06eb5b3b,DS1__sad_ORG_SAD(266),41.333,991,23.976,1,DS1__sad_ORG_SAD(266),719,991,11.3447
DS1__sad_REVIEW_SAD (86),/Users/rafiabhista/Documents/code/apple/c1_audio/emomv_2/aria/media/minhdanh/5e31d1e3-0187-4837-8530-60bbac61578f1/home/minhdanh/Documents/EmoMV/Dataset1/DS1_TRAIN_MATCH/sad_REVIEW_SAD (86).mp4,sad,3,DS1,match,9fd4d124d581f8f33cf182011ac1571d30496d9b474ea66db568fa55f9c8ac9a,DS1__sad_REVIEW_SAD (86),29.8215,715,23.976,0,DS1__sad_REVIEW_SAD (86),0,715,29.8215
DS1__sad_SAD_LLT(27)-7-of-8,/Users/rafiabhista/Documents/code/apple/c1_audio/emomv_2/aria/media/minhdanh/5e31d1e3-0187-4837-8530-60bbac61578f1/home/minhdanh/Documents/EmoMV/Dataset1/DS1_TRAIN_MATCH/sad_SAD_LLT(27)-7-of-8.mp4,sad,3,DS1,match,4a98e680eea723e91cf0004ba2d30e554da87ff7e5b3bfccef48a7e118dccbd6,DS1__sad_SAD_LLT(27),29.0,870,30.0,0,DS1__sad_SAD_LLT(27)-7-of-8,0,870,29.0
DS1__sad_ORG_SAD(196),/Users/rafiabhista/Documents/code/apple/c1_audio/emomv_2/aria/media/minhdanh/5e31d1e3-0187-4837-8530-60bbac61578f1/home/minhdanh/Documents/EmoMV/Dataset1/DS1_TRAIN_MATCH/sad_ORG_SAD(196).mp4,sad,3,DS1,match,fbe90f742d2d1b07592f336c04ca2b3ac3386b4ee412ca96032aa3e369b8ce82,DS1__sad_ORG_SAD(196),30.7,921,30.0,0,DS1__sad_ORG_SAD(196),0,921,30.7
DS1__sad_ORG_SAD(331),/Users/rafiabhista/Documents/code/apple/c1_audio/emomv_2/aria/media/minhdanh/5e31d1e3-0187-4837-8530-60bbac61578f1/home/minhdanh/Documents/EmoMV/Dataset1/DS1_TRAIN_MATCH/sad_ORG_SAD(331).mp4,sad,3,DS1,match,f64e63831fc36ef2d3a8b10721b08a42edb3c69f16963e81823e1f1231a3fac8,DS1__sad_ORG_SAD(331),30.4637,913,29.9701,0,DS1__sad_ORG_SAD(331),0,913,30.4637
DS1__sad_ORG_SAD(184),/Users/rafiabhista/Documents/code/apple/c1_audio/emomv_2/aria/media/minhdanh/5e31d1e3-0187-4837-8530-60bbac61578f1/home/minhdanh/Documents/EmoMV/Dataset1/DS1_TRAIN_MATCH/sad_ORG_SAD(184).mp4,sad,3,DS1,match,aa549c5b93056cdfca1d648aeeafecd2df1698c50247c5e8e1d60b935e254a06,DS1__sad_ORG_SAD(184),30.125,723,24.0,0,DS1__sad_ORG_SAD(184),0,723,30.125
DS1__sad_SAD_LLT(3)-4-of-6,/Users/rafiabhista/Documents/code/apple/c1_audio/emomv_2/aria/media/minhdanh/5e31d1e3-0187-4837-8530-60bbac61578f1/home/minhdanh/Documents/EmoMV/Dataset1/DS1_TRAIN_MATCH/sad_SAD_LLT(3)-4-of-6.mp4,sad,3,DS1,match,347d3479f20ad49fdcb9b8412322d66af8a0d112723d5c7e626f143f67bc8b97,DS1__sad_SAD_LLT(3),29.8667,896,30.0,0,DS1__sad_SAD_LLT(3)-4-of-6,0,896,29.8667
DS1__sad_SAD (2),/Users/rafiabhista/Documents/code/apple/c1_audio/emomv_2/aria/media/minhdanh/5e31d1e3-0187-4837-8530-60bbac61578f1/home/minhdanh/Documents/EmoMV/Dataset1/DS1_TRAIN_MATCH/sad_SAD (2).mp4,sad,3,DS1,match,e14eab90d0352caa30284c11c7b8274f4e0b8fa476b5656a6ac386ebb5d5790c,DS1__sad_SAD (2),31.08,777,25.0,0,DS1__sad_SAD (2),0,777,31.08
DS1__sad_REVIEW_SAD (33),/Users/rafiabhista/Documents/code/apple/c1_audio/emomv_2/aria/media/minhdanh/5e31d1e3-0187-4837-8530-60bbac61578f1/home/minhdanh/Documents/EmoMV/Dataset1/DS1_TRAIN_MATCH/sad_REVIEW_SAD (33).mp4,sad,3,DS1,match,b95da78d87774fe6a7337d4813e58fe904aa80c7f2f4b2cb44ad3425f339e73a,DS1__sad_REVIEW_SAD (33),30.0,900,30.0,0,DS1__sad_REVIEW_SAD (33),0,900,30.0
DS1__sad_SAD_LLT(17)-9-of-10,/Users/rafiabhista/Documents/code/apple/c1_audio/emomv_2/aria/media/minhdanh/5e31d1e3-0187-4837-8530-60bbac61578f1/home/minhdanh/Documents/EmoMV/Dataset1/DS1_TRAIN_MATCH/sad_SAD_LLT(17)-9-of-10.mp4,sad,3,DS1,match,6ff2a76345f92ab9456ba0c500b72bd33bffef5265f2d02c8f746822ca0580d2,DS1__sad_SAD_LLT(17),29.0333,871,30.0,0,DS1__sad_SAD_LLT(17)-9-of-10,0,871,29.0333
DS1__sad_TEST_EXT(14)-7-of-93,/Users/rafiabhista/Documents/code/apple/c1_audio/emomv_2/aria/media/minhdanh/5e31d1e3-0187-4837-8530-60bbac61578f1/home/minhdanh/Documents/EmoMV/Dataset1/DS1_TRAIN_MATCH/sad_TEST_EXT(14)-7-of-93.mp4,sad,3,DS1,match,fd5c18c8a969f359d5f8e483ff480f2474294f625535b9380365b3969182d4db,DS1__sad_TEST_EXT(14),28.0833,674,24.0,0,DS1__sad_TEST_EXT(14)-7-of-93,0,674,28.0833
DS1__sad_SAD_LLT(30)-3-of-6,/Users/rafiabhista/Documents/code/apple/c1_audio/emomv_2/aria/media/minhdanh/5e31d1e3-0187-4837-8530-60bbac61578f1/home/minhdanh/Documents/EmoMV/Dataset1/DS1_TRAIN_MATCH/sad_SAD_LLT(30)-3-of-6.mp4,sad,3,DS1,match,e4c1f934a07e539bdf9b055f6eba3208d032044de795f08a28621999ca49add4,DS1__sad_SAD_LLT(30),29.0,725,25.0,0,DS1__sad_SAD_LLT(30)-3-of-6,0,725,29.0
DS1__sad_Sad_FINAL_DL(6),/Users/rafiabhista/Documents/code/apple/c1_audio/emomv_2/aria/media/minhdanh/5e31d1e3-0187-4837-8530-60bbac61578f1/home/minhdanh/Documents/EmoMV/Dataset1/DS1_TRAIN_MATCH/sad_Sad_FINAL_DL(6).mp4,sad,3,DS1,match,76769078ec3770809f9cabfae99bcd230f956809ac728437358f43468ca9efe9,DS1__sad_Sad_FINAL_DL(6),29.9466,718,23.976,0,DS1__sad_Sad_FINAL_DL(6),0,718,29.9466
DS1__sad_REVIEW_SAD (24),/Users/rafiabhista/Documents/code/apple/c1_audio/emomv_2/aria/media/minhdanh/5e31d1e3-0187-4837-8530-60bbac61578f1/home/minhdanh/Documents/EmoMV/Dataset1/DS1_TRAIN_MATCH/sad_REVIEW_SAD (24).mp4,sad,3,DS1,match,fa613cf590e5c63a4ddc69c3987fef894ee8f49e55425049471a8ebe6296e2a7,DS1__sad_REVIEW_SAD (24),30.0,750,25.0,0,DS1__sad_REVIEW_SAD (24),0,750,30.0
DS1__sad_TT(0),/Users/rafiabhista/Documents/code/apple/c1_audio/emomv_2/aria/media/minhdanh/5e31d1e3-0187-4837-8530-60bbac61578f1/home/minhdanh/Documents/EmoMV/Dataset1/DS1_TRAIN_MATCH/sad_TT(0).mp4,sad,3,DS1,match,9ca9705df777533521b12005fdd4476fcf9cdd0263b88c5c5f786fce3e8a53e6,DS1__sad_TT(0),28.52,713,25.0,0,DS1__sad_TT(0),0,713,28.52
DS1__sad_SAD_LLT(13)-8-of-10,/Users/rafiabhista/Documents/code/apple/c1_audio/emomv_2/aria/media/minhdanh/5e31d1e3-0187-4837-8530-60bbac61578f1/home/minhdanh/Documents/EmoMV/Dataset1/DS1_TRAIN_MATCH/sad_SAD_LLT(13)-8-of-10.mp4,sad,3,DS1,match,eb594219d4efd0648e8c2fd44862b31de29ab1a48afacc7cddc503e0ee7dd2d7,DS1__sad_SAD_LLT(13),29.7964,893,29.97,0,DS1__sad_SAD_LLT(13)-8-of-10,0,893,29.7964
DS1__sad_Sad_FINAL_DL(31),/Users/rafiabhista/Documents/code/apple/c1_audio/emomv_2/aria/media/minhdanh/5e31d1e3-0187-4837-8530-60bbac61578f1/home/minhdanh/Documents/EmoMV/Dataset1/DS1_TRAIN_MATCH/sad_Sad_FINAL_DL(31).mp4,sad,3,DS1,match,e11ec7eb84176432bd65b0d1d66b49cf9a223754dcaba16647dbb4d94a4a7cce,DS1__sad_Sad_FINAL_DL(31),29.72,743,25.0,0,DS1__sad_Sad_FINAL_DL(31),0,743,29.72
DS1__sad_ORG_SAD(135)__win0,/Users/rafiabhista/Documents/code/apple/c1_audio/emomv_2/aria/media/minhdanh/5e31d1e3-0187-4837-8530-60bbac61578f1/home/minhdanh/Documents/EmoMV/Dataset1/DS1_TRAIN_MATCH/sad_ORG_SAD(135).mp4,sad,3,DS1,match,3fd8d4f5e225378b887893d898c52d8a8d6b10b08aeae18d4778ecfec37c7a8f,DS1__sad_ORG_SAD(135),90.28,2257,25.0,0,DS1__sad_ORG_SAD(135),0,750,30.0
DS1__sad_ORG_SAD(135)__win1,/Users/rafiabhista/Documents/code/apple/c1_audio/emomv_2/aria/media/minhdanh/5e31d1e3-0187-4837-8530-60bbac61578f1/home/minhdanh/Documents/EmoMV/Dataset1/DS1_TRAIN_MATCH/sad_ORG_SAD(135).mp4,sad,3,DS1,match,3fd8d4f5e225378b887893d898c52d8a8d6b10b08aeae18d4778ecfec37c7a8f,DS1__sad_ORG_SAD(135),90.28,2257,25.0,1,DS1__sad_ORG_SAD(135),750,1500,30.0
DS1__sad_ORG_SAD(135)__win2,/Users/rafiabhista/Documents/code/apple/c1_audio/emomv_2/aria/media/minhdanh/5e31d1e3-0187-4837-8530-60bbac61578f1/home/minhdanh/Documents/EmoMV/Dataset1/DS1_TRAIN_MATCH/sad_ORG_SAD(135).mp4,sad,3,DS1,match,3fd8d4f5e225378b887893d898c52d8a8d6b10b08aeae18d4778ecfec37c7a8f,DS1__sad_ORG_SAD(135),90.28,2257,25.0,2,DS1__sad_ORG_SAD(135),1500,2250,30.0
DS1__sad_ORG_SAD(73),/Users/rafiabhista/Documents/code/apple/c1_audio/emomv_2/aria/media/minhdanh/5e31d1e3-0187-4837-8530-60bbac61578f1/home/minhdanh/Documents/EmoMV/Dataset1/DS1_TRAIN_MATCH/sad_ORG_SAD(73).mp4,sad,3,DS1,match,46996d5e8ac90a70e846ae7eb3bd39dae3cef5bbd139a8e696304995fcbf0405,DS1__sad_ORG_SAD(73),30.5,732,24.0,0,DS1__sad_ORG_SAD(73),0,732,30.5
DS1__sad_TT(6),/Users/rafiabhista/Documents/code/apple/c1_audio/emomv_2/aria/media/minhdanh/5e31d1e3-0187-4837-8530-60bbac61578f1/home/minhdanh/Documents/EmoMV/Dataset1/DS1_TRAIN_MATCH/sad_TT(6).mp4,sad,3,DS1,match,37b84a6ce34aa5a3b0ba7f811dc1af643638653380eb6e5adfff2660e64bbc6a,DS1__sad_TT(6),30.8667,926,30.0,0,DS1__sad_TT(6),0,926,30.8667
DS1__sad_SAAD_FINAL_DL(7),/Users/rafiabhista/Documents/code/apple/c1_audio/emomv_2/aria/media/minhdanh/5e31d1e3-0187-4837-8530-60bbac61578f1/home/minhdanh/Documents/EmoMV/Dataset1/DS1_TRAIN_MATCH/sad_SAAD_FINAL_DL(7).mp4,sad,3,DS1,match,57a8517505132909eb3cfd0e91e63953e7b84383105821354c07ce4d5b1710e3,DS1__sad_SAAD_FINAL_DL(7),29.3627,880,29.97,0,DS1__sad_SAAD_FINAL_DL(7),0,880,29.3627
DS1__sad_Sad_FINAL_DL(59),/Users/rafiabhista/Documents/code/apple/c1_audio/emomv_2/aria/media/minhdanh/5e31d1e3-0187-4837-8530-60bbac61578f1/home/minhdanh/Documents/EmoMV/Dataset1/DS1_TRAIN_MATCH/sad_Sad_FINAL_DL(59).mp4,sad,3,DS1,match,c64e5937d238f734307f25c5ced80712c7209d57fa594a3ca8de68eb0f6228f6,DS1__sad_Sad_FINAL_DL(59),28.4951,854,29.97,0,DS1__sad_Sad_FINAL_DL(59),0,854,28.4951
DS1__sad_ORG_SAD(82),/Users/rafiabhista/Documents/code/apple/c1_audio/emomv_2/aria/media/minhdanh/5e31d1e3-0187-4837-8530-60bbac61578f1/home/minhdanh/Documents/EmoMV/Dataset1/DS1_TRAIN_MATCH/sad_ORG_SAD(82).mp4,sad,3,DS1,match,c2debe29e333097b20ad549a77b2e815e2d372643fce92b7dda93683959f15f8,DS1__sad_ORG_SAD(82),30.625,735,24.0,0,DS1__sad_ORG_SAD(82),0,735,30.625
DS1__sad_SAAD_FINAL_DL(8),/Users/rafiabhista/Documents/code/apple/c1_audio/emomv_2/aria/media/minhdanh/5e31d1e3-0187-4837-8530-60bbac61578f1/home/minhdanh/Documents/EmoMV/Dataset1/DS1_TRAIN_MATCH/sad_SAAD_FINAL_DL(8).mp4,sad,3,DS1,match,9d637f0d0f3b154ffe54aa6d69ed80876a3b873e0a142716b8cb570e871428cb,DS1__sad_SAAD_FINAL_DL(8),27.6943,830,29.97,0,DS1__sad_SAAD_FINAL_DL(8),0,830,27.6943
DS1__sad_FINAL_DL_Sad(16),/Users/rafiabhista/Documents/code/apple/c1_audio/emomv_2/aria/media/minhdanh/5e31d1e3-0187-4837-8530-60bbac61578f1/home/minhdanh/Documents/EmoMV/Dataset1/DS1_TRAIN_MATCH/sad_FINAL_DL_Sad(16).mp4,sad,3,DS1,match,a14b238c9e59992735c7f2535188b07aa3180b8fbcb74c48d86e31d870bc0174,DS1__sad_FINAL_DL_Sad(16),29.76,744,25.0,0,DS1__sad_FINAL_DL_Sad(16),0,744,29.76
DS1__sad_ORG_SAD(305),/Users/rafiabhista/Documents/code/apple/c1_audio/emomv_2/aria/media/minhdanh/5e31d1e3-0187-4837-8530-60bbac61578f1/home/minhdanh/Documents/EmoMV/Dataset1/DS1_TRAIN_MATCH/sad_ORG_SAD(305).mp4,sad,3,DS1,match,d9c66537909f9a4ffb9014ea59718aa712870f14ebecdc49c0887953d97eafe0,DS1__sad_ORG_SAD(305),29.44,736,25.0,0,DS1__sad_ORG_SAD(305),0,736,29.44
DS1__sad_SAAD_FINAL_DL(1),/Users/rafiabhista/Documents/code/apple/c1_audio/emomv_2/aria/media/minhdanh/5e31d1e3-0187-4837-8530-60bbac61578f1/home/minhdanh/Documents/EmoMV/Dataset1/DS1_TRAIN_MATCH/sad_SAAD_FINAL_DL(1).mp4,sad,3,DS1,match,fe2508a26b4ed7db33d819c6678a473d1128f564088df62a5bdd26b94efdfbbe,DS1__sad_SAAD_FINAL_DL(1),29.56,739,25.0,0,DS1__sad_SAAD_FINAL_DL(1),0,739,29.56
DS1__sad_SAAD_FINAL_DL(16),/Users/rafiabhista/Documents/code/apple/c1_audio/emomv_2/aria/media/minhdanh/5e31d1e3-0187-4837-8530-60bbac61578f1/home/minhdanh/Documents/EmoMV/Dataset1/DS1_TRAIN_MATCH/sad_SAAD_FINAL_DL(16).mp4,sad,3,DS1,match,4b6c8defabab6bd683de5c90f88a104bd67b390cf2f853a1e2faa0e615143f8f,DS1__sad_SAAD_FINAL_DL(16),26.2929,788,29.97,0,DS1__sad_SAAD_FINAL_DL(16),0,788,26.2929
DS1__sad_REVIEW_SAD (43),/Users/rafiabhista/Documents/code/apple/c1_audio/emomv_2/aria/media/minhdanh/5e31d1e3-0187-4837-8530-60bbac61578f1/home/minhdanh/Documents/EmoMV/Dataset1/DS1_TRAIN_MATCH/sad_REVIEW_SAD (43).mp4,sad,3,DS1,match,03a0d24a839b775ab216eefda55f2209bfb0857d0c9a1f177a8b6531dcde9ecf,DS1__sad_REVIEW_SAD (43),29.44,736,25.0,0,DS1__sad_REVIEW_SAD (43),0,736,29.44
DS1__sad_FINAL_DL_Sad(34),/Users/rafiabhista/Documents/code/apple/c1_audio/emomv_2/aria/media/minhdanh/5e31d1e3-0187-4837-8530-60bbac61578f1/home/minhdanh/Documents/EmoMV/Dataset1/DS1_TRAIN_MATCH/sad_FINAL_DL_Sad(34).mp4,sad,3,DS1,match,04d5f56569ec2f635d8ed77c2bef941b5d2ed58b92b7bda176d296a71075a4e1,DS1__sad_FINAL_DL_Sad(34),29.16,729,25.0,0,DS1__sad_FINAL_DL_Sad(34),0,729,29.16
DS1__sad_ORG_SAD(295),/Users/rafiabhista/Documents/code/apple/c1_audio/emomv_2/aria/media/minhdanh/5e31d1e3-0187-4837-8530-60bbac61578f1/home/minhdanh/Documents/EmoMV/Dataset1/DS1_TRAIN_MATCH/sad_ORG_SAD(295).mp4,sad,3,DS1,match,2620dd06001eaf8e6f055f38b30d73a86be4f065de3f713c61d7e1a40fba7820,DS1__sad_ORG_SAD(295),30.6333,919,30.0,0,DS1__sad_ORG_SAD(295),0,919,30.6333
DS1__sad_ORG_SAD(165),/Users/rafiabhista/Documents/code/apple/c1_audio/emomv_2/aria/media/minhdanh/5e31d1e3-0187-4837-8530-60bbac61578f1/home/minhdanh/Documents/EmoMV/Dataset1/DS1_TRAIN_MATCH/sad_ORG_SAD(165).mp4,sad,3,DS1,match,8bb6026e4dbfb542674235e681a13e0c6ec66ac5ba5dbd2288c582ebc80568c5,DS1__sad_ORG_SAD(165),30.5305,732,23.976,0,DS1__sad_ORG_SAD(165),0,732,30.5305
DS1__sad_SAD_LLT(31)-40-of-228,/Users/rafiabhista/Documents/code/apple/c1_audio/emomv_2/aria/media/minhdanh/5e31d1e3-0187-4837-8530-60bbac61578f1/home/minhdanh/Documents/EmoMV/Dataset1/DS1_TRAIN_MATCH/sad_SAD_LLT(31)-40-of-228.mp4,sad,3,DS1,match,0a7157d477b6ba7942f4a01c627b0cf655be54a32289924e1dfa9eaba7fec72b,DS1__sad_SAD_LLT(31),29.52,738,25.0,0,DS1__sad_SAD_LLT(31)-40-of-228,0,738,29.52
DS1__sad_ORG_SAD(50),/Users/rafiabhista/Documents/code/apple/c1_audio/emomv_2/aria/media/minhdanh/5e31d1e3-0187-4837-8530-60bbac61578f1/home/minhdanh/Documents/EmoMV/Dataset1/DS1_TRAIN_MATCH/sad_ORG_SAD(50).mp4,sad,3,DS1,match,e57b9a4da3032b271c81304ca03ae61672b5c1349da5f56eeafaae6debe0d44d,DS1__sad_ORG_SAD(50),28.8,720,25.0,0,DS1__sad_ORG_SAD(50),0,720,28.8
DS1__sad_ORG_SAD(278)__win0,/Users/rafiabhista/Documents/code/apple/c1_audio/emomv_2/aria/media/minhdanh/5e31d1e3-0187-4837-8530-60bbac61578f1/home/minhdanh/Documents/EmoMV/Dataset1/DS1_TRAIN_MATCH/sad_ORG_SAD(278).mp4,sad,3,DS1,match,121a0e250c02cb8a5ee429a425a0f2e55a9573aca31811f4debef480157a3a1b,DS1__sad_ORG_SAD(278),89.08,2227,25.0,0,DS1__sad_ORG_SAD(278),0,750,30.0
DS1__sad_ORG_SAD(278)__win1,/Users/rafiabhista/Documents/code/apple/c1_audio/emomv_2/aria/media/minhdanh/5e31d1e3-0187-4837-8530-60bbac61578f1/home/minhdanh/Documents/EmoMV/Dataset1/DS1_TRAIN_MATCH/sad_ORG_SAD(278).mp4,sad,3,DS1,match,121a0e250c02cb8a5ee429a425a0f2e55a9573aca31811f4debef480157a3a1b,DS1__sad_ORG_SAD(278),89.08,2227,25.0,1,DS1__sad_ORG_SAD(278),750,1500,30.0
DS1__sad_ORG_SAD(278)__win2,/Users/rafiabhista/Documents/code/apple/c1_audio/emomv_2/aria/media/minhdanh/5e31d1e3-0187-4837-8530-60bbac61578f1/home/minhdanh/Documents/EmoMV/Dataset1/DS1_TRAIN_MATCH/sad_ORG_SAD(278).mp4,sad,3,DS1,match,121a0e250c02cb8a5ee429a425a0f2e55a9573aca31811f4debef480157a3a1b,DS1__sad_ORG_SAD(278),89.08,2227,25.0,2,DS1__sad_ORG_SAD(278),1500,2227,29.08
DS1__sad_REVIEW_SAD (89),/Users/rafiabhista/Documents/code/apple/c1_audio/emomv_2/aria/media/minhdanh/5e31d1e3-0187-4837-8530-60bbac61578f1/home/minhdanh/Documents/EmoMV/Dataset1/DS1_TRAIN_MATCH/sad_REVIEW_SAD (89).mp4,sad,3,DS1,match,5be31cdd235df4bc26202a256175b3efbf08a79b6b2b60c752ea06c866479aac,DS1__sad_REVIEW_SAD (89),29.9966,899,29.97,0,DS1__sad_REVIEW_SAD (89),0,899,29.9966
DS1__sad_REVIEW_SAD (40),/Users/rafiabhista/Documents/code/apple/c1_audio/emomv_2/aria/media/minhdanh/5e31d1e3-0187-4837-8530-60bbac61578f1/home/minhdanh/Documents/EmoMV/Dataset1/DS1_TRAIN_MATCH/sad_REVIEW_SAD (40).mp4,sad,3,DS1,match,5818fdac1131057ea9347bf495338f20c755d1777c520fcaf645543bba37168a,DS1__sad_REVIEW_SAD (40),29.24,731,25.0,0,DS1__sad_REVIEW_SAD (40),0,731,29.24
DS1__sad_ORG_SAD(122),/Users/rafiabhista/Documents/code/apple/c1_audio/emomv_2/aria/media/minhdanh/5e31d1e3-0187-4837-8530-60bbac61578f1/home/minhdanh/Documents/EmoMV/Dataset1/DS1_TRAIN_MATCH/sad_ORG_SAD(122).mp4,sad,3,DS1,match,f039bd1ef88711d2bb8fabc37971144222601ebe317b64938809f86816389ef4,DS1__sad_ORG_SAD(122),29.9667,899,30.0,0,DS1__sad_ORG_SAD(122),0,899,29.9667
DS1__sad_SADA_FINAL_DL(36),/Users/rafiabhista/Documents/code/apple/c1_audio/emomv_2/aria/media/minhdanh/5e31d1e3-0187-4837-8530-60bbac61578f1/home/minhdanh/Documents/EmoMV/Dataset1/DS1_TRAIN_MATCH/sad_SADA_FINAL_DL(36).mp4,sad,3,DS1,match,3260bebdf5859dff8907940f16e9507f84a8fbfd69e52ce42e780025f05b6d55,DS1__sad_SADA_FINAL_DL(36),28.4034,681,23.976,0,DS1__sad_SADA_FINAL_DL(36),0,681,28.4034
DS1__sad_REVIEW_SAD (20),/Users/rafiabhista/Documents/code/apple/c1_audio/emomv_2/aria/media/minhdanh/5e31d1e3-0187-4837-8530-60bbac61578f1/home/minhdanh/Documents/EmoMV/Dataset1/DS1_TRAIN_MATCH/sad_REVIEW_SAD (20).mp4,sad,3,DS1,match,d41700ed44dce04392d819a20660a657a94fedddd23cc6ea1c08e28a3981cc9b,DS1__sad_REVIEW_SAD (20),30.0,750,25.0,0,DS1__sad_REVIEW_SAD (20),0,750,30.0
DS1__sad_ORG_SAD(160),/Users/rafiabhista/Documents/code/apple/c1_audio/emomv_2/aria/media/minhdanh/5e31d1e3-0187-4837-8530-60bbac61578f1/home/minhdanh/Documents/EmoMV/Dataset1/DS1_TRAIN_MATCH/sad_ORG_SAD(160).mp4,sad,3,DS1,match,778078f36002a1cb96c23af412f416b4ce4a08ca2445b65c3b465d65c16df59a,DS1__sad_ORG_SAD(160),29.4878,707,23.976,0,DS1__sad_ORG_SAD(160),0,707,29.4878
DS1__sad_FINAL_DL_Sad(0),/Users/rafiabhista/Documents/code/apple/c1_audio/emomv_2/aria/media/minhdanh/5e31d1e3-0187-4837-8530-60bbac61578f1/home/minhdanh/Documents/EmoMV/Dataset1/DS1_TRAIN_MATCH/sad_FINAL_DL_Sad(0).mp4,sad,3,DS1,match,5eebf4a2b56ca2b069488e2ce5fb0708d86d22cc4009642f6fbe743dbf13c002,DS1__sad_FINAL_DL_Sad(0),28.4034,681,23.976,0,DS1__sad_FINAL_DL_Sad(0),0,681,28.4034
DS1__sad_ORG_SAD(166),/Users/rafiabhista/Documents/code/apple/c1_audio/emomv_2/aria/media/minhdanh/5e31d1e3-0187-4837-8530-60bbac61578f1/home/minhdanh/Documents/EmoMV/Dataset1/DS1_TRAIN_MATCH/sad_ORG_SAD(166).mp4,sad,3,DS1,match,9e0ec23a000600d1668981692356426384b05d8aefc98459f2032ce784c23af9,DS1__sad_ORG_SAD(166),30.1552,723,23.976,0,DS1__sad_ORG_SAD(166),0,723,30.1552
DS1__sad_FINAL_DL_Sad(36),/Users/rafiabhista/Documents/code/apple/c1_audio/emomv_2/aria/media/minhdanh/5e31d1e3-0187-4837-8530-60bbac61578f1/home/minhdanh/Documents/EmoMV/Dataset1/DS1_TRAIN_MATCH/sad_FINAL_DL_Sad(36).mp4,sad,3,DS1,match,4fa6cfbdb84585fecdab5108d4af770550bf45b906a60ef9efbcaf53389362bf,DS1__sad_FINAL_DL_Sad(36),29.2333,877,30.0,0,DS1__sad_FINAL_DL_Sad(36),0,877,29.2333
DS1__sad_RELX_MEA(6)-2-of-9,/Users/rafiabhista/Documents/code/apple/c1_audio/emomv_2/aria/media/minhdanh/5e31d1e3-0187-4837-8530-60bbac61578f1/home/minhdanh/Documents/EmoMV/Dataset1/DS1_TRAIN_MATCH/sad_RELX_MEA(6)-2-of-9.mp4,sad,3,DS1,match,86c429ac10534467be91d3fa0189742a9d126076265fa5ac5607fb8af6bf188a,DS1__sad_RELX_MEA(6),29.9883,719,23.976,0,DS1__sad_RELX_MEA(6)-2-of-9,0,719,29.9883
DS1__sad_SAD_LLT(31)-130-of-228,/Users/rafiabhista/Documents/code/apple/c1_audio/emomv_2/aria/media/minhdanh/5e31d1e3-0187-4837-8530-60bbac61578f1/home/minhdanh/Documents/EmoMV/Dataset1/DS1_TRAIN_MATCH/sad_SAD_LLT(31)-130-of-228.mp4,sad,3,DS1,match,abd7a0729fdf67067e1c42e36b7224c543a0f9777692369a9033e2e6b3033320,DS1__sad_SAD_LLT(31),28.68,717,25.0,0,DS1__sad_SAD_LLT(31)-130-of-228,0,717,28.68
DS1__sad_DEAP_DB_SADD(10),/Users/rafiabhista/Documents/code/apple/c1_audio/emomv_2/aria/media/minhdanh/5e31d1e3-0187-4837-8530-60bbac61578f1/home/minhdanh/Documents/EmoMV/Dataset1/DS1_TRAIN_MATCH/sad_DEAP_DB_SADD(10).mp4,sad,3,DS1,match,8d9b8aaf1d7fcea2c3cd5f819c62f36dfe4f037d705e9288791b63726b2d834b,DS1__sad_DEAP_DB_SADD(10),29.321,703,23.976,0,DS1__sad_DEAP_DB_SADD(10),0,703,29.321
DS1__sad_ORG_SAD(25),/Users/rafiabhista/Documents/code/apple/c1_audio/emomv_2/aria/media/minhdanh/5e31d1e3-0187-4837-8530-60bbac61578f1/home/minhdanh/Documents/EmoMV/Dataset1/DS1_TRAIN_MATCH/sad_ORG_SAD(25).mp4,sad,3,DS1,match,1eb7a43fa4f6cda27f226d8d8f2bf057c90e8ee21d09729be2800e2a235a0d67,DS1__sad_ORG_SAD(25),30.5973,917,29.97,0,DS1__sad_ORG_SAD(25),0,917,30.5973
DS1__sad_DEAP_DBW_SAD(2),/Users/rafiabhista/Documents/code/apple/c1_audio/emomv_2/aria/media/minhdanh/5e31d1e3-0187-4837-8530-60bbac61578f1/home/minhdanh/Documents/EmoMV/Dataset1/DS1_TRAIN_MATCH/sad_DEAP_DBW_SAD(2).mp4,sad,3,DS1,match,41d5d1aab1c67f597e8fe120afdbd8e61b9a2219abe9b99ac0609b89cde11571,DS1__sad_DEAP_DBW_SAD(2),28.44,711,25.0,0,DS1__sad_DEAP_DBW_SAD(2),0,711,28.44
DS1__sad_TT(3),/Users/rafiabhista/Documents/code/apple/c1_audio/emomv_2/aria/media/minhdanh/5e31d1e3-0187-4837-8530-60bbac61578f1/home/minhdanh/Documents/EmoMV/Dataset1/DS1_TRAIN_MATCH/sad_TT(3).mp4,sad,3,DS1,match,eac2ff58299671cf6828624d9f80ea23842202cd80f1fd97aec5aaad7e597ee1,DS1__sad_TT(3),30.4888,731,23.976,0,DS1__sad_TT(3),0,731,30.4888
DS1__sad_ORG_SAD(1),/Users/rafiabhista/Documents/code/apple/c1_audio/emomv_2/aria/media/minhdanh/5e31d1e3-0187-4837-8530-60bbac61578f1/home/minhdanh/Documents/EmoMV/Dataset1/DS1_TRAIN_MATCH/sad_ORG_SAD(1).mp4,sad,3,DS1,match,275a6c0d956688c2a006d591515aab65be5ebad4835077fe0e0d40cac4612f4e,DS1__sad_ORG_SAD(1),29.2333,877,30.0,0,DS1__sad_ORG_SAD(1),0,877,29.2333
DS1__sad_FINAL_DL_Sad(68),/Users/rafiabhista/Documents/code/apple/c1_audio/emomv_2/aria/media/minhdanh/5e31d1e3-0187-4837-8530-60bbac61578f1/home/minhdanh/Documents/EmoMV/Dataset1/DS1_TRAIN_MATCH/sad_FINAL_DL_Sad(68).mp4,sad,3,DS1,match,517f215beb827b8350064f3dd5447f9e3921a53c87d7ce8ccf01ff7b827ac668,DS1__sad_FINAL_DL_Sad(68),28.4333,853,30.0,0,DS1__sad_FINAL_DL_Sad(68),0,853,28.4333
DS1__sad_TEST_EXT(14)-63-of-93,/Users/rafiabhista/Documents/code/apple/c1_audio/emomv_2/aria/media/minhdanh/5e31d1e3-0187-4837-8530-60bbac61578f1/home/minhdanh/Documents/EmoMV/Dataset1/DS1_TRAIN_MATCH/sad_TEST_EXT(14)-63-of-93.mp4,sad,3,DS1,match,13e117dec04be6bfc94e4d044dec4f196b94061ab7dea970e5eebcc248416ebf,DS1__sad_TEST_EXT(14),27.625,663,24.0,0,DS1__sad_TEST_EXT(14)-63-of-93,0,663,27.625
DS1__sad_ORG_SAD(134),/Users/rafiabhista/Documents/code/apple/c1_audio/emomv_2/aria/media/minhdanh/5e31d1e3-0187-4837-8530-60bbac61578f1/home/minhdanh/Documents/EmoMV/Dataset1/DS1_TRAIN_MATCH/sad_ORG_SAD(134).mp4,sad,3,DS1,match,594e6f8f863d8b01882ec174f9c468861c60c4032f28ddb0a4015ee15ed51eb8,DS1__sad_ORG_SAD(134),29.6667,712,24.0,0,DS1__sad_ORG_SAD(134),0,712,29.6667
DS1__sad_FINAL_DL_Sad(80),/Users/rafiabhista/Documents/code/apple/c1_audio/emomv_2/aria/media/minhdanh/5e31d1e3-0187-4837-8530-60bbac61578f1/home/minhdanh/Documents/EmoMV/Dataset1/DS1_TRAIN_MATCH/sad_FINAL_DL_Sad(80).mp4,sad,3,DS1,match,ff9325df309637f0d2006273eefdfe3a0af47c1cb5f043b6875c423567aefd0e,DS1__sad_FINAL_DL_Sad(80),25.0333,751,30.0,0,DS1__sad_FINAL_DL_Sad(80),0,751,25.0333
DS1__sad_SAD_LLT(2)-5-of-9,/Users/rafiabhista/Documents/code/apple/c1_audio/emomv_2/aria/media/minhdanh/5e31d1e3-0187-4837-8530-60bbac61578f1/home/minhdanh/Documents/EmoMV/Dataset1/DS1_TRAIN_MATCH/sad_SAD_LLT(2)-5-of-9.mp4,sad,3,DS1,match,166ae234e9f93e5824be87bc6099599ed5b720e70c4b2994d3355318d7b94199,DS1__sad_SAD_LLT(2),29.92,748,25.0,0,DS1__sad_SAD_LLT(2)-5-of-9,0,748,29.92
DS1__sad_ORG_SAD(208),/Users/rafiabhista/Documents/code/apple/c1_audio/emomv_2/aria/media/minhdanh/5e31d1e3-0187-4837-8530-60bbac61578f1/home/minhdanh/Documents/EmoMV/Dataset1/DS1_TRAIN_MATCH/sad_ORG_SAD(208).mp4,sad,3,DS1,match,5b4007c62e0c07295b4fac04f685360c1f3c48624bba1c6d7aff42124c23f44d,DS1__sad_ORG_SAD(208),30.2,906,30.0,0,DS1__sad_ORG_SAD(208),0,906,30.2
DS1__sad_ORG_SAD(303),/Users/rafiabhista/Documents/code/apple/c1_audio/emomv_2/aria/media/minhdanh/5e31d1e3-0187-4837-8530-60bbac61578f1/home/minhdanh/Documents/EmoMV/Dataset1/DS1_TRAIN_MATCH/sad_ORG_SAD(303).mp4,sad,3,DS1,match,7ee6b794bfa1069a3b2681310eaedae4ea5686e159105b00e384990a6d3e9301,DS1__sad_ORG_SAD(303),30.64,766,25.0,0,DS1__sad_ORG_SAD(303),0,766,30.64
DS1__sad_ORG_SAD(96),/Users/rafiabhista/Documents/code/apple/c1_audio/emomv_2/aria/media/minhdanh/5e31d1e3-0187-4837-8530-60bbac61578f1/home/minhdanh/Documents/EmoMV/Dataset1/DS1_TRAIN_MATCH/sad_ORG_SAD(96).mp4,sad,3,DS1,match,d526ac6a5c89c720723e1734b10a11201b5e92b539e464a7874e4c7ecd6aad9e,DS1__sad_ORG_SAD(96),25.1667,604,24.0,0,DS1__sad_ORG_SAD(96),0,604,25.1667
DS1__sad_TEST_SAD(25)-7-of-9,/Users/rafiabhista/Documents/code/apple/c1_audio/emomv_2/aria/media/minhdanh/5e31d1e3-0187-4837-8530-60bbac61578f1/home/minhdanh/Documents/EmoMV/Dataset1/DS1_TRAIN_MATCH/sad_TEST_SAD(25)-7-of-9.mp4,sad,3,DS1,match,00171b840d2faa12e155a329e0ca7724355b718feed996169d18d0ebe455662c,DS1__sad_TEST_SAD(25),28.0697,673,23.976,0,DS1__sad_TEST_SAD(25)-7-of-9,0,673,28.0697
DS1__sad_SAAD_FINAL_DL(14),/Users/rafiabhista/Documents/code/apple/c1_audio/emomv_2/aria/media/minhdanh/5e31d1e3-0187-4837-8530-60bbac61578f1/home/minhdanh/Documents/EmoMV/Dataset1/DS1_TRAIN_MATCH/sad_SAAD_FINAL_DL(14).mp4,sad,3,DS1,match,63a235fa9eac00eea3db5a5ccb2d91662021d3a345ff9081abbfd7f609a5ae3e,DS1__sad_SAAD_FINAL_DL(14),29.0,696,24.0,0,DS1__sad_SAAD_FINAL_DL(14),0,696,29.0
DS1__sad_SAD_LLT(31)-176-of-228,/Users/rafiabhista/Documents/code/apple/c1_audio/emomv_2/aria/media/minhdanh/5e31d1e3-0187-4837-8530-60bbac61578f1/home/minhdanh/Documents/EmoMV/Dataset1/DS1_TRAIN_MATCH/sad_SAD_LLT(31)-176-of-228.mp4,sad,3,DS1,match,2bed6f3c6890d3ce327a0834ef257bb588a9aeecd4d5a4717aef4d8e4a4f2622,DS1__sad_SAD_LLT(31),28.6,715,25.0,0,DS1__sad_SAD_LLT(31)-176-of-228,0,715,28.6
DS1__sad_FINAL_DL_Sad(35),/Users/rafiabhista/Documents/code/apple/c1_audio/emomv_2/aria/media/minhdanh/5e31d1e3-0187-4837-8530-60bbac61578f1/home/minhdanh/Documents/EmoMV/Dataset1/DS1_TRAIN_MATCH/sad_FINAL_DL_Sad(35).mp4,sad,3,DS1,match,f101a91a261bd7288def6cfff12fcabf9e5bcae1374469dc2d6cc2c89453e4f4,DS1__sad_FINAL_DL_Sad(35),29.4,735,25.0,0,DS1__sad_FINAL_DL_Sad(35),0,735,29.4
DS1__sad_REVIEW_SAD (6),/Users/rafiabhista/Documents/code/apple/c1_audio/emomv_2/aria/media/minhdanh/5e31d1e3-0187-4837-8530-60bbac61578f1/home/minhdanh/Documents/EmoMV/Dataset1/DS1_TRAIN_MATCH/sad_REVIEW_SAD (6).mp4,sad,3,DS1,match,f1fc18efa3b3239717bc1cf336da1983379c0368687f091843961f97ed42ac27,DS1__sad_REVIEW_SAD (6),32.299,968,29.97,0,DS1__sad_REVIEW_SAD (6),0,968,32.299
DS1__sad_SAD_LLT(24)-5-of-8,/Users/rafiabhista/Documents/code/apple/c1_audio/emomv_2/aria/media/minhdanh/5e31d1e3-0187-4837-8530-60bbac61578f1/home/minhdanh/Documents/EmoMV/Dataset1/DS1_TRAIN_MATCH/sad_SAD_LLT(24)-5-of-8.mp4,sad,3,DS1,match,15e7090946d95c469eca772d2c515892f44cc6a12d7389912b378fd5b714b8eb,DS1__sad_SAD_LLT(24),28.6119,686,23.976,0,DS1__sad_SAD_LLT(24)-5-of-8,0,686,28.6119
DS1__sad_ORG_SAD(189),/Users/rafiabhista/Documents/code/apple/c1_audio/emomv_2/aria/media/minhdanh/5e31d1e3-0187-4837-8530-60bbac61578f1/home/minhdanh/Documents/EmoMV/Dataset1/DS1_TRAIN_MATCH/sad_ORG_SAD(189).mp4,sad,3,DS1,match,58fe31f120a3388b9a1c04e9c60e33dc1a9d3f7e3852a9b0d6f2acbfd16381d2,DS1__sad_ORG_SAD(189),30.9333,928,30.0,0,DS1__sad_ORG_SAD(189),0,928,30.9333
DS1__sad_Sad_FINAL_DL(32),/Users/rafiabhista/Documents/code/apple/c1_audio/emomv_2/aria/media/minhdanh/5e31d1e3-0187-4837-8530-60bbac61578f1/home/minhdanh/Documents/EmoMV/Dataset1/DS1_TRAIN_MATCH/sad_Sad_FINAL_DL(32).mp4,sad,3,DS1,match,fe05090ade821a7f475139cae4067963df04d2b4f22cd82792f29e71ee55ea80,DS1__sad_Sad_FINAL_DL(32),28.88,722,25.0,0,DS1__sad_Sad_FINAL_DL(32),0,722,28.88
DS1__sad_REVIEW_SAD (79),/Users/rafiabhista/Documents/code/apple/c1_audio/emomv_2/aria/media/minhdanh/5e31d1e3-0187-4837-8530-60bbac61578f1/home/minhdanh/Documents/EmoMV/Dataset1/DS1_TRAIN_MATCH/sad_REVIEW_SAD (79).mp4,sad,3,DS1,match,9c1e8f7ee896e58d8599eeec7133a6e154e24098c05f91fe1770d917163a3662,DS1__sad_REVIEW_SAD (79),29.9299,897,29.97,0,DS1__sad_REVIEW_SAD (79),0,897,29.9299
DS1__sad_154,/Users/rafiabhista/Documents/code/apple/c1_audio/emomv_2/aria/media/minhdanh/5e31d1e3-0187-4837-8530-60bbac61578f1/home/minhdanh/Documents/EmoMV/Dataset1/DS1_TRAIN_MATCH/sad_154.mp4,sad,3,DS1,match,24778cfd2e65a63a543a58e313dfb110338eee8fc9e65f56c8ad252fb364cd74,DS1__sad_154,30.03,720,23.976,0,DS1__sad_154,0,720,30.03
DS1__sad_SAD_LLT(31)-59-of-228,/Users/rafiabhista/Documents/code/apple/c1_audio/emomv_2/aria/media/minhdanh/5e31d1e3-0187-4837-8530-60bbac61578f1/home/minhdanh/Documents/EmoMV/Dataset1/DS1_TRAIN_MATCH/sad_SAD_LLT(31)-59-of-228.mp4,sad,3,DS1,match,beeada579729ebe012790c5b88c0e6d92dbf0e8fe4a962752b5c24a32c65b25d,DS1__sad_SAD_LLT(31),29.76,744,25.0,0,DS1__sad_SAD_LLT(31)-59-of-228,0,744,29.76
DS1__sad_TT(8)__win0,/Users/rafiabhista/Documents/code/apple/c1_audio/emomv_2/aria/media/minhdanh/5e31d1e3-0187-4837-8530-60bbac61578f1/home/minhdanh/Documents/EmoMV/Dataset1/DS1_TRAIN_MATCH/sad_TT(8).mp4,sad,3,DS1,match,8772132edc1b36c131a7c1edd8cb49e1e8a58a59f7947c41db3393aab6b56072,DS1__sad_TT(8),88.5667,2657,30.0,0,DS1__sad_TT(8),0,900,30.0
DS1__sad_TT(8)__win1,/Users/rafiabhista/Documents/code/apple/c1_audio/emomv_2/aria/media/minhdanh/5e31d1e3-0187-4837-8530-60bbac61578f1/home/minhdanh/Documents/EmoMV/Dataset1/DS1_TRAIN_MATCH/sad_TT(8).mp4,sad,3,DS1,match,8772132edc1b36c131a7c1edd8cb49e1e8a58a59f7947c41db3393aab6b56072,DS1__sad_TT(8),88.5667,2657,30.0,1,DS1__sad_TT(8),900,1800,30.0
DS1__sad_TT(8)__win2,/Users/rafiabhista/Documents/code/apple/c1_audio/emomv_2/aria/media/minhdanh/5e31d1e3-0187-4837-8530-60bbac61578f1/home/minhdanh/Documents/EmoMV/Dataset1/DS1_TRAIN_MATCH/sad_TT(8).mp4,sad,3,DS1,match,8772132edc1b36c131a7c1edd8cb49e1e8a58a59f7947c41db3393aab6b56072,DS1__sad_TT(8),88.5667,2657,30.0,2,DS1__sad_TT(8),1800,2657,28.5667
DS1__sad_DEAP_DB_HR(42),/Users/rafiabhista/Documents/code/apple/c1_audio/emomv_2/aria/media/minhdanh/5e31d1e3-0187-4837-8530-60bbac61578f1/home/minhdanh/Documents/EmoMV/Dataset1/DS1_TRAIN_MATCH/sad_DEAP_DB_HR(42).mp4,sad,3,DS1,match,1b57cc9ccb451b55eb98d274d8aa8fafc693fbd7ceec43863b9031a9be2c12ad,DS1__sad_DEAP_DB_HR(42),30.0,750,25.0,0,DS1__sad_DEAP_DB_HR(42),0,750,30.0
DS1__sad_SAD_LLT(1)-3-of-7,/Users/rafiabhista/Documents/code/apple/c1_audio/emomv_2/aria/media/minhdanh/5e31d1e3-0187-4837-8530-60bbac61578f1/home/minhdanh/Documents/EmoMV/Dataset1/DS1_TRAIN_MATCH/sad_SAD_LLT(1)-3-of-7.mp4,sad,3,DS1,match,9fb85d4a03822dc45853d082992739c06e864fa6627ff3c20da9636afbe31f14,DS1__sad_SAD_LLT(1),29.0,870,30.0,0,DS1__sad_SAD_LLT(1)-3-of-7,0,870,29.0
DS1__sad_TT(10),/Users/rafiabhista/Documents/code/apple/c1_audio/emomv_2/aria/media/minhdanh/5e31d1e3-0187-4837-8530-60bbac61578f1/home/minhdanh/Documents/EmoMV/Dataset1/DS1_TRAIN_MATCH/sad_TT(10).mp4,sad,3,DS1,match,15554e48504bc50fc136f5884a6309606d0bfd5dc0eca15fce570b16599366c6,DS1__sad_TT(10),32.4,972,30.0,0,DS1__sad_TT(10),0,972,32.4
DS1__sad_SAD_LLT(31)-51-of-228,/Users/rafiabhista/Documents/code/apple/c1_audio/emomv_2/aria/media/minhdanh/5e31d1e3-0187-4837-8530-60bbac61578f1/home/minhdanh/Documents/EmoMV/Dataset1/DS1_TRAIN_MATCH/sad_SAD_LLT(31)-51-of-228.mp4,sad,3,DS1,match,e06ba60476546d65d3a73769cd74349e6aba28e0f79c8b2433aec2e7466e499c,DS1__sad_SAD_LLT(31),28.68,717,25.0,0,DS1__sad_SAD_LLT(31)-51-of-228,0,717,28.68
DS1__sad_SAD_TEST(18)-3-of-9,/Users/rafiabhista/Documents/code/apple/c1_audio/emomv_2/aria/media/minhdanh/5e31d1e3-0187-4837-8530-60bbac61578f1/home/minhdanh/Documents/EmoMV/Dataset1/DS1_TRAIN_MATCH/sad_SAD_TEST(18)-3-of-9.mp4,sad,3,DS1,match,c8443490b27f3ff9f439815216b4fcea9b5416d4c30c21326bc866830b0fe0f6,DS1__sad_SAD_TEST(18),29.5,708,24.0,0,DS1__sad_SAD_TEST(18)-3-of-9,0,708,29.5
DS1__sad_ORG_SAD(328),/Users/rafiabhista/Documents/code/apple/c1_audio/emomv_2/aria/media/minhdanh/5e31d1e3-0187-4837-8530-60bbac61578f1/home/minhdanh/Documents/EmoMV/Dataset1/DS1_TRAIN_MATCH/sad_ORG_SAD(328).mp4,sad,3,DS1,match,9ffe0bd828787066ddaf521514ac78677c05a53d5b8558f02965808a3b0adfe5,DS1__sad_ORG_SAD(328),30.8,462,15.0,0,DS1__sad_ORG_SAD(328),0,462,30.8
DS1__sad_SAD_LLT(22)-4-of-7,/Users/rafiabhista/Documents/code/apple/c1_audio/emomv_2/aria/media/minhdanh/5e31d1e3-0187-4837-8530-60bbac61578f1/home/minhdanh/Documents/EmoMV/Dataset1/DS1_TRAIN_MATCH/sad_SAD_LLT(22)-4-of-7.mp4,sad,3,DS1,match,7cf901d6e81f186a77f99735ff73888a653b907bcdb2e91684ec48f55ef54da4,DS1__sad_SAD_LLT(22),29.321,703,23.976,0,DS1__sad_SAD_LLT(22)-4-of-7,0,703,29.321
DS1__sad_SAD_TEST(16)-2-of-8,/Users/rafiabhista/Documents/code/apple/c1_audio/emomv_2/aria/media/minhdanh/5e31d1e3-0187-4837-8530-60bbac61578f1/home/minhdanh/Documents/EmoMV/Dataset1/DS1_TRAIN_MATCH/sad_SAD_TEST(16)-2-of-8.mp4,sad,3,DS1,match,a4827bcf1fa58e5017a8a6766deacbb34ecf8dd225a5b555fe545893970257f8,DS1__sad_SAD_TEST(16),27.319,655,23.976,0,DS1__sad_SAD_TEST(16)-2-of-8,0,655,27.319
DS1__sad_SAD_LLT(42),/Users/rafiabhista/Documents/code/apple/c1_audio/emomv_2/aria/media/minhdanh/5e31d1e3-0187-4837-8530-60bbac61578f1/home/minhdanh/Documents/EmoMV/Dataset1/DS1_TRAIN_MATCH/sad_SAD_LLT(42).mp4,sad,3,DS1,match,eee1cf65328fa43e1b737fb81131c0ccea5614c0e692d198453ff296d87113fa,DS1__sad_SAD_LLT(42),29.9883,719,23.976,0,DS1__sad_SAD_LLT(42),0,719,29.9883
DS1__sad_ORG_SAD(110),/Users/rafiabhista/Documents/code/apple/c1_audio/emomv_2/aria/media/minhdanh/5e31d1e3-0187-4837-8530-60bbac61578f1/home/minhdanh/Documents/EmoMV/Dataset1/DS1_TRAIN_MATCH/sad_ORG_SAD(110).mp4,sad,3,DS1,match,cca4cb3b161217e285779b9c21628fc77c15b24cf26bff832c8afb7da42507ac,DS1__sad_ORG_SAD(110),29.8214,715,23.9761,0,DS1__sad_ORG_SAD(110),0,715,29.8214
DS1__sad_REVIEW_SAD (31),/Users/rafiabhista/Documents/code/apple/c1_audio/emomv_2/aria/media/minhdanh/5e31d1e3-0187-4837-8530-60bbac61578f1/home/minhdanh/Documents/EmoMV/Dataset1/DS1_TRAIN_MATCH/sad_REVIEW_SAD (31).mp4,sad,3,DS1,match,e0e96f2f4a356853e24980ed23b5ab4bfd68703c36c663276b009a64c6bd0e2b,DS1__sad_REVIEW_SAD (31),29.8298,894,29.97,0,DS1__sad_REVIEW_SAD (31),0,894,29.8298
DS1__sad_SAD_LLT(0)-5-of-6,/Users/rafiabhista/Documents/code/apple/c1_audio/emomv_2/aria/media/minhdanh/5e31d1e3-0187-4837-8530-60bbac61578f1/home/minhdanh/Documents/EmoMV/Dataset1/DS1_TRAIN_MATCH/sad_SAD_LLT(0)-5-of-6.mp4,sad,3,DS1,match,79b6a86117bc500b2e53b2974eb905f92fb9fa1f4e177fa132b6e59740045295,DS1__sad_SAD_LLT(0),27.76,694,25.0,0,DS1__sad_SAD_LLT(0)-5-of-6,0,694,27.76
DS1__sad_ORG_SAD(204),/Users/rafiabhista/Documents/code/apple/c1_audio/emomv_2/aria/media/minhdanh/5e31d1e3-0187-4837-8530-60bbac61578f1/home/minhdanh/Documents/EmoMV/Dataset1/DS1_TRAIN_MATCH/sad_ORG_SAD(204).mp4,sad,3,DS1,match,c0843e834bcefaea6e73be139fae0836eaec9b5b2a9945acf5002f8d1aac9665,DS1__sad_ORG_SAD(204),29.3333,880,30.0,0,DS1__sad_ORG_SAD(204),0,880,29.3333
DS1__sad_SAD_LLT(24)-7-of-8,/Users/rafiabhista/Documents/code/apple/c1_audio/emomv_2/aria/media/minhdanh/5e31d1e3-0187-4837-8530-60bbac61578f1/home/minhdanh/Documents/EmoMV/Dataset1/DS1_TRAIN_MATCH/sad_SAD_LLT(24)-7-of-8.mp4,sad,3,DS1,match,947836d4b6d9c541e5cfe3e25010bb7ff24bd57857f69ee225999b28cd409260,DS1__sad_SAD_LLT(24),26.5265,636,23.976,0,DS1__sad_SAD_LLT(24)-7-of-8,0,636,26.5265
DS1__sad_TEST(1)-6-of-7,/Users/rafiabhista/Documents/code/apple/c1_audio/emomv_2/aria/media/minhdanh/5e31d1e3-0187-4837-8530-60bbac61578f1/home/minhdanh/Documents/EmoMV/Dataset1/DS1_TRAIN_MATCH/sad_TEST(1)-6-of-7.mp4,sad,3,DS1,match,61926c96eae0af0076ee4d1c962296818089437e057a2b00088306513abff032,DS1__sad_TEST(1),30.0,750,25.0,0,DS1__sad_TEST(1)-6-of-7,0,750,30.0
DS1__sad_SAD_LLT(0)-2-of-6,/Users/rafiabhista/Documents/code/apple/c1_audio/emomv_2/aria/media/minhdanh/5e31d1e3-0187-4837-8530-60bbac61578f1/home/minhdanh/Documents/EmoMV/Dataset1/DS1_TRAIN_MATCH/sad_SAD_LLT(0)-2-of-6.mp4,sad,3,DS1,match,feda00c94fec73518ea91877f4d9a66d988869a5f00503bac5ee28dd6546e53e,DS1__sad_SAD_LLT(0),28.84,721,25.0,0,DS1__sad_SAD_LLT(0)-2-of-6,0,721,28.84
DS1__sad_ORG_SAD(150),/Users/rafiabhista/Documents/code/apple/c1_audio/emomv_2/aria/media/minhdanh/5e31d1e3-0187-4837-8530-60bbac61578f1/home/minhdanh/Documents/EmoMV/Dataset1/DS1_TRAIN_MATCH/sad_ORG_SAD(150).mp4,sad,3,DS1,match,44f3f7fbb8b4a75cd1678aa9eaba33226fcb3d9d6ffd9db439e3ec32b3423ff8,DS1__sad_ORG_SAD(150),31.5,945,30.0,0,DS1__sad_ORG_SAD(150),0,945,31.5
DS1__sad_ORG_SAD(186),/Users/rafiabhista/Documents/code/apple/c1_audio/emomv_2/aria/media/minhdanh/5e31d1e3-0187-4837-8530-60bbac61578f1/home/minhdanh/Documents/EmoMV/Dataset1/DS1_TRAIN_MATCH/sad_ORG_SAD(186).mp4,sad,3,DS1,match,0aa4558dbef392911acacdc30920c91ff0cb45bf0118b6970285f84158ae08cb,DS1__sad_ORG_SAD(186),30.2917,727,24.0,0,DS1__sad_ORG_SAD(186),0,727,30.2917
DS1__sad_SAAD_FINAL_DL(18),/Users/rafiabhista/Documents/code/apple/c1_audio/emomv_2/aria/media/minhdanh/5e31d1e3-0187-4837-8530-60bbac61578f1/home/minhdanh/Documents/EmoMV/Dataset1/DS1_TRAIN_MATCH/sad_SAAD_FINAL_DL(18).mp4,sad,3,DS1,match,1ec7537a323309b465648dd717cf51a3e037155441be974c525496fd66c3e3bc,DS1__sad_SAAD_FINAL_DL(18),29.7797,714,23.976,0,DS1__sad_SAAD_FINAL_DL(18),0,714,29.7797
DS1__sad_TEST_EXT(14)-39-of-93,/Users/rafiabhista/Documents/code/apple/c1_audio/emomv_2/aria/media/minhdanh/5e31d1e3-0187-4837-8530-60bbac61578f1/home/minhdanh/Documents/EmoMV/Dataset1/DS1_TRAIN_MATCH/sad_TEST_EXT(14)-39-of-93.mp4,sad,3,DS1,match,24c3d8d26eb053cce4c177852c5b7ca822daf17d2f2b697ddba38536acaecdab,DS1__sad_TEST_EXT(14),28.2917,679,24.0,0,DS1__sad_TEST_EXT(14)-39-of-93,0,679,28.2917
DS1__sad_ORG_SAD(280)__win0,/Users/rafiabhista/Documents/code/apple/c1_audio/emomv_2/aria/media/minhdanh/5e31d1e3-0187-4837-8530-60bbac61578f1/home/minhdanh/Documents/EmoMV/Dataset1/DS1_TRAIN_MATCH/sad_ORG_SAD(280).mp4,sad,3,DS1,match,6186c7eadeeb54bc0ef4fd5cdbad3342d13599306a519ce9d9884e9129639793,DS1__sad_ORG_SAD(280),39.2083,941,24.0,0,DS1__sad_ORG_SAD(280),0,720,30.0
DS1__sad_ORG_SAD(280)__win1,/Users/rafiabhista/Documents/code/apple/c1_audio/emomv_2/aria/media/minhdanh/5e31d1e3-0187-4837-8530-60bbac61578f1/home/minhdanh/Documents/EmoMV/Dataset1/DS1_TRAIN_MATCH/sad_ORG_SAD(280).mp4,sad,3,DS1,match,6186c7eadeeb54bc0ef4fd5cdbad3342d13599306a519ce9d9884e9129639793,DS1__sad_ORG_SAD(280),39.2083,941,24.0,1,DS1__sad_ORG_SAD(280),720,941,9.2083
DS1__sad_FINAL_DL_Sad(49),/Users/rafiabhista/Documents/code/apple/c1_audio/emomv_2/aria/media/minhdanh/5e31d1e3-0187-4837-8530-60bbac61578f1/home/minhdanh/Documents/EmoMV/Dataset1/DS1_TRAIN_MATCH/sad_FINAL_DL_Sad(49).mp4,sad,3,DS1,match,8d1c2cdca55b944781bf37c0522e8c52657c344488a97ee1af6218f2feb79b61,DS1__sad_FINAL_DL_Sad(49),29.2375,701,23.976,0,DS1__sad_FINAL_DL_Sad(49),0,701,29.2375
DS1__sad_ORG_SAD(231),/Users/rafiabhista/Documents/code/apple/c1_audio/emomv_2/aria/media/minhdanh/5e31d1e3-0187-4837-8530-60bbac61578f1/home/minhdanh/Documents/EmoMV/Dataset1/DS1_TRAIN_MATCH/sad_ORG_SAD(231).mp4,sad,3,DS1,match,9b7c765c537055eca4650bccb7b9ce645401afa53358cc7393596ba3d84de3c4,DS1__sad_ORG_SAD(231),30.2,755,25.0,0,DS1__sad_ORG_SAD(231),0,755,30.2
DS1__sad_SAD_LLT(24)-2-of-8,/Users/rafiabhista/Documents/code/apple/c1_audio/emomv_2/aria/media/minhdanh/5e31d1e3-0187-4837-8530-60bbac61578f1/home/minhdanh/Documents/EmoMV/Dataset1/DS1_TRAIN_MATCH/sad_SAD_LLT(24)-2-of-8.mp4,sad,3,DS1,match,e4879bdea4663416941a3cfcca13f760822505f544d7aea3d41d3f3900f26aa2,DS1__sad_SAD_LLT(24),28.028,672,23.976,0,DS1__sad_SAD_LLT(24)-2-of-8,0,672,28.028
DS1__sad_FINAL_DL_Sad(22),/Users/rafiabhista/Documents/code/apple/c1_audio/emomv_2/aria/media/minhdanh/5e31d1e3-0187-4837-8530-60bbac61578f1/home/minhdanh/Documents/EmoMV/Dataset1/DS1_TRAIN_MATCH/sad_FINAL_DL_Sad(22).mp4,sad,3,DS1,match,703538a60af3531ca97e36b66b21e264b682ea21444017e51404fbcbae6b4a0b,DS1__sad_FINAL_DL_Sad(22),28.2,705,25.0,0,DS1__sad_FINAL_DL_Sad(22),0,705,28.2
DS1__sad_ORG_SAD(139),/Users/rafiabhista/Documents/code/apple/c1_audio/emomv_2/aria/media/minhdanh/5e31d1e3-0187-4837-8530-60bbac61578f1/home/minhdanh/Documents/EmoMV/Dataset1/DS1_TRAIN_MATCH/sad_ORG_SAD(139).mp4,sad,3,DS1,match,76850421c8e73f4ecc5382d6309b376e403a20b0643e688be05c88a1f60b6f87,DS1__sad_ORG_SAD(139),29.0624,871,29.97,0,DS1__sad_ORG_SAD(139),0,871,29.0624
DS1__sad_ORG_SAD(300),/Users/rafiabhista/Documents/code/apple/c1_audio/emomv_2/aria/media/minhdanh/5e31d1e3-0187-4837-8530-60bbac61578f1/home/minhdanh/Documents/EmoMV/Dataset1/DS1_TRAIN_MATCH/sad_ORG_SAD(300).mp4,sad,3,DS1,match,ca8ff04a02d6820c319dd35305732cc52c2d2d4b0a660fd43559fa8dde26f6e8,DS1__sad_ORG_SAD(300),29.32,733,25.0,0,DS1__sad_ORG_SAD(300),0,733,29.32
DS1__sad_ORG_NEUTRAL(345),/Users/rafiabhista/Documents/code/apple/c1_audio/emomv_2/aria/media/minhdanh/5e31d1e3-0187-4837-8530-60bbac61578f1/home/minhdanh/Documents/EmoMV/Dataset1/DS1_TRAIN_MATCH/sad_ORG_NEUTRAL(345).mp4,sad,3,DS1,match,f8290f84c7a7fd5d1906b104cd600eb20171f722651b54ddd7a25b05e6d5bed0,DS1__sad_ORG_NEUTRAL(345),28.96,724,25.0,0,DS1__sad_ORG_NEUTRAL(345),0,724,28.96
DS1__sad_SAD_TEST(3)-5-of-9,/Users/rafiabhista/Documents/code/apple/c1_audio/emomv_2/aria/media/minhdanh/5e31d1e3-0187-4837-8530-60bbac61578f1/home/minhdanh/Documents/EmoMV/Dataset1/DS1_TRAIN_MATCH/sad_SAD_TEST(3)-5-of-9.mp4,sad,3,DS1,match,f1d76beafe07131f9228949c5e52cec1db8db8e216d7ccda615b1d5036733c34,DS1__sad_SAD_TEST(3),28.8622,692,23.976,0,DS1__sad_SAD_TEST(3)-5-of-9,0,692,28.8622
DS1__sad_SAD (1),/Users/rafiabhista/Documents/code/apple/c1_audio/emomv_2/aria/media/minhdanh/5e31d1e3-0187-4837-8530-60bbac61578f1/home/minhdanh/Documents/EmoMV/Dataset1/DS1_TRAIN_MATCH/sad_SAD (1).mp4,sad,3,DS1,match,a63b47c3747d7ef46f880bc70b996b99e36880de3e2315430ab7950dcd72a1e9,DS1__sad_SAD (1),30.64,766,25.0,0,DS1__sad_SAD (1),0,766,30.64
DS1__sad_FINAL_DL(94)-8-of-14,/Users/rafiabhista/Documents/code/apple/c1_audio/emomv_2/aria/media/minhdanh/5e31d1e3-0187-4837-8530-60bbac61578f1/home/minhdanh/Documents/EmoMV/Dataset1/DS1_TRAIN_MATCH/sad_FINAL_DL(94)-8-of-14.mp4,sad,3,DS1,match,734eb3838ed25de8d82c899cc54b3a3b950cd6008e3f6fd90493ebe15b993c61,DS1__sad_FINAL_DL(94),29.3627,704,23.976,0,DS1__sad_FINAL_DL(94)-8-of-14,0,704,29.3627
DS1__sad_REVIEW_SAD (35),/Users/rafiabhista/Documents/code/apple/c1_audio/emomv_2/aria/media/minhdanh/5e31d1e3-0187-4837-8530-60bbac61578f1/home/minhdanh/Documents/EmoMV/Dataset1/DS1_TRAIN_MATCH/sad_REVIEW_SAD (35).mp4,sad,3,DS1,match,ca2e6c29af28af56cddaee3f3efbc8f569df0967efc4454c6976a6ad04bf9662,DS1__sad_REVIEW_SAD (35),29.9883,719,23.976,0,DS1__sad_REVIEW_SAD (35),0,719,29.9883
DS1__sad_ORG_SAD(264),/Users/rafiabhista/Documents/code/apple/c1_audio/emomv_2/aria/media/minhdanh/5e31d1e3-0187-4837-8530-60bbac61578f1/home/minhdanh/Documents/EmoMV/Dataset1/DS1_TRAIN_MATCH/sad_ORG_SAD(264).mp4,sad,3,DS1,match,1f667e4bb4b47d21d726d79c4bba439ea08012de34e491100811e69780525b6f,DS1__sad_ORG_SAD(264),29.08,727,25.0,0,DS1__sad_ORG_SAD(264),0,727,29.08
DS1__sad_ORG_SAD(201),/Users/rafiabhista/Documents/code/apple/c1_audio/emomv_2/aria/media/minhdanh/5e31d1e3-0187-4837-8530-60bbac61578f1/home/minhdanh/Documents/EmoMV/Dataset1/DS1_TRAIN_MATCH/sad_ORG_SAD(201).mp4,sad,3,DS1,match,dded01d4b433119bd5fbd2a2dc4c672463df0b4d45393712703ee9d9ef33d4ad,DS1__sad_ORG_SAD(201),28.0333,841,30.0,0,DS1__sad_ORG_SAD(201),0,841,28.0333
DS1__sad_SAD_LLT(26)-6-of-11,/Users/rafiabhista/Documents/code/apple/c1_audio/emomv_2/aria/media/minhdanh/5e31d1e3-0187-4837-8530-60bbac61578f1/home/minhdanh/Documents/EmoMV/Dataset1/DS1_TRAIN_MATCH/sad_SAD_LLT(26)-6-of-11.mp4,sad,3,DS1,match,1a94db213f14c030328e4867c5265f52367fac5fcd6cd0a7719e4d88403432ca,DS1__sad_SAD_LLT(26),29.8,894,30.0,0,DS1__sad_SAD_LLT(26)-6-of-11,0,894,29.8
DS1__sad_REVIEW_SAD (70),/Users/rafiabhista/Documents/code/apple/c1_audio/emomv_2/aria/media/minhdanh/5e31d1e3-0187-4837-8530-60bbac61578f1/home/minhdanh/Documents/EmoMV/Dataset1/DS1_TRAIN_MATCH/sad_REVIEW_SAD (70).mp4,sad,3,DS1,match,d234533ba196a83c3cec565877f1a02083e0993e983806fa94536c56e9ca59e1,DS1__sad_REVIEW_SAD (70),30.0,750,25.0,0,DS1__sad_REVIEW_SAD (70),0,750,30.0
DS1__sad_ORG_SAD(235),/Users/rafiabhista/Documents/code/apple/c1_audio/emomv_2/aria/media/minhdanh/5e31d1e3-0187-4837-8530-60bbac61578f1/home/minhdanh/Documents/EmoMV/Dataset1/DS1_TRAIN_MATCH/sad_ORG_SAD(235).mp4,sad,3,DS1,match,e2bb865ea926e231f0dc072035f22c8d6d6933e2fd3785b5044ac6c756c7acb2,DS1__sad_ORG_SAD(235),29.92,748,25.0,0,DS1__sad_ORG_SAD(235),0,748,29.92
DS1__sad_REVIEW_SAD (9),/Users/rafiabhista/Documents/code/apple/c1_audio/emomv_2/aria/media/minhdanh/5e31d1e3-0187-4837-8530-60bbac61578f1/home/minhdanh/Documents/EmoMV/Dataset1/DS1_TRAIN_MATCH/sad_REVIEW_SAD (9).mp4,sad,3,DS1,match,4dd6830258f343a7169d6a72e973355f356419ddc8978daba46556dea94bc3d5,DS1__sad_REVIEW_SAD (9),30.0,750,25.0,0,DS1__sad_REVIEW_SAD (9),0,750,30.0
DS1__sad_FINAL_DL_Sad(46),/Users/rafiabhista/Documents/code/apple/c1_audio/emomv_2/aria/media/minhdanh/5e31d1e3-0187-4837-8530-60bbac61578f1/home/minhdanh/Documents/EmoMV/Dataset1/DS1_TRAIN_MATCH/sad_FINAL_DL_Sad(46).mp4,sad,3,DS1,match,559c1a7d9c6b9058b0ae2f19db721a7bc450de09ee4f3ce92e53a256501f612a,DS1__sad_FINAL_DL_Sad(46),27.96,699,25.0,0,DS1__sad_FINAL_DL_Sad(46),0,699,27.96
DS1__sad_REVIEW_SAD (90),/Users/rafiabhista/Documents/code/apple/c1_audio/emomv_2/aria/media/minhdanh/5e31d1e3-0187-4837-8530-60bbac61578f1/home/minhdanh/Documents/EmoMV/Dataset1/DS1_TRAIN_MATCH/sad_REVIEW_SAD (90).mp4,sad,3,DS1,match,a94dbe76bfb0554dca91c82301c20c80cae897b42875780494f612db75468f15,DS1__sad_REVIEW_SAD (90),29.9049,717,23.976,0,DS1__sad_REVIEW_SAD (90),0,717,29.9049
DS1__sad_24,/Users/rafiabhista/Documents/code/apple/c1_audio/emomv_2/aria/media/minhdanh/5e31d1e3-0187-4837-8530-60bbac61578f1/home/minhdanh/Documents/EmoMV/Dataset1/DS1_TRAIN_MATCH/sad_24.mp4,sad,3,DS1,match,86cc1b08d52eec6910e640260e57f334de08069228ba33ffc5cd19fa2d0bcbe1,DS1__sad_24,30.03,720,23.976,0,DS1__sad_24,0,720,30.03
DS1__sad_REVIEW_SAD (56),/Users/rafiabhista/Documents/code/apple/c1_audio/emomv_2/aria/media/minhdanh/5e31d1e3-0187-4837-8530-60bbac61578f1/home/minhdanh/Documents/EmoMV/Dataset1/DS1_TRAIN_MATCH/sad_REVIEW_SAD (56).mp4,sad,3,DS1,match,c445b7635da2ad2888f506183cda34d6a150abd92d44169fc87628dac4144085,DS1__sad_REVIEW_SAD (56),28.3667,851,30.0,0,DS1__sad_REVIEW_SAD (56),0,851,28.3667
DS1__sad_SAD_LLT(14),/Users/rafiabhista/Documents/code/apple/c1_audio/emomv_2/aria/media/minhdanh/5e31d1e3-0187-4837-8530-60bbac61578f1/home/minhdanh/Documents/EmoMV/Dataset1/DS1_TRAIN_MATCH/sad_SAD_LLT(14).mp4,sad,3,DS1,match,49dad28a81c7eddfcc761aa5e0cb6df7cfd99ad94449b0b7d4abf01f16a8741d,DS1__sad_SAD_LLT(14),29.3627,704,23.976,0,DS1__sad_SAD_LLT(14),0,704,29.3627
DS1__sad_REVIEW_SAD (16),/Users/rafiabhista/Documents/code/apple/c1_audio/emomv_2/aria/media/minhdanh/5e31d1e3-0187-4837-8530-60bbac61578f1/home/minhdanh/Documents/EmoMV/Dataset1/DS1_TRAIN_MATCH/sad_REVIEW_SAD (16).mp4,sad,3,DS1,match,5716d86495a199adf0f7e7a259fc17f9524886b26358040ac59c3e7cbb28460f,DS1__sad_REVIEW_SAD (16),29.9966,899,29.97,0,DS1__sad_REVIEW_SAD (16),0,899,29.9966
DS1__sad_ORG_SAD(316),/Users/rafiabhista/Documents/code/apple/c1_audio/emomv_2/aria/media/minhdanh/5e31d1e3-0187-4837-8530-60bbac61578f1/home/minhdanh/Documents/EmoMV/Dataset1/DS1_TRAIN_MATCH/sad_ORG_SAD(316).mp4,sad,3,DS1,match,6ddb257868d23b6907129b497acaa6f5f978e1258f60cb822da68b12b19cac44,DS1__sad_ORG_SAD(316),31.1667,935,30.0,0,DS1__sad_ORG_SAD(316),0,935,31.1667
DS1__sad_FINAL_DL_Sad(69),/Users/rafiabhista/Documents/code/apple/c1_audio/emomv_2/aria/media/minhdanh/5e31d1e3-0187-4837-8530-60bbac61578f1/home/minhdanh/Documents/EmoMV/Dataset1/DS1_TRAIN_MATCH/sad_FINAL_DL_Sad(69).mp4,sad,3,DS1,match,061cf1f413aa9fa81209c6f0bd594006b9dd706a39217a5e8ccd6c65357fc39c,DS1__sad_FINAL_DL_Sad(69),27.8667,836,30.0,0,DS1__sad_FINAL_DL_Sad(69),0,836,27.8667
DS1__sad_ORG_SAD(205),/Users/rafiabhista/Documents/code/apple/c1_audio/emomv_2/aria/media/minhdanh/5e31d1e3-0187-4837-8530-60bbac61578f1/home/minhdanh/Documents/EmoMV/Dataset1/DS1_TRAIN_MATCH/sad_ORG_SAD(205).mp4,sad,3,DS1,match,f8d82d8c2f7006cf7d92aa253686d90250ac2a879a66c338c6203b20c5d34010,DS1__sad_ORG_SAD(205),24.9333,748,30.0,0,DS1__sad_ORG_SAD(205),0,748,24.9333
DS1__sad_ORG_SAD(322),/Users/rafiabhista/Documents/code/apple/c1_audio/emomv_2/aria/media/minhdanh/5e31d1e3-0187-4837-8530-60bbac61578f1/home/minhdanh/Documents/EmoMV/Dataset1/DS1_TRAIN_MATCH/sad_ORG_SAD(322).mp4,sad,3,DS1,match,356d3ed7f7a36221d8842224b596197c1c0906f693734ae5da81eef70b58bad9,DS1__sad_ORG_SAD(322),30.2301,906,29.9701,0,DS1__sad_ORG_SAD(322),0,906,30.2301
DS1__sad_ORG_SAD(298),/Users/rafiabhista/Documents/code/apple/c1_audio/emomv_2/aria/media/minhdanh/5e31d1e3-0187-4837-8530-60bbac61578f1/home/minhdanh/Documents/EmoMV/Dataset1/DS1_TRAIN_MATCH/sad_ORG_SAD(298).mp4,sad,3,DS1,match,b6cb5156928f3ad0fe1913de55ae8961977b12984fb6b84bcc81ce75c5e542e8,DS1__sad_ORG_SAD(298),30.4,912,30.0,0,DS1__sad_ORG_SAD(298),0,912,30.4
DS1__sad_ORG_SAD(319),/Users/rafiabhista/Documents/code/apple/c1_audio/emomv_2/aria/media/minhdanh/5e31d1e3-0187-4837-8530-60bbac61578f1/home/minhdanh/Documents/EmoMV/Dataset1/DS1_TRAIN_MATCH/sad_ORG_SAD(319).mp4,sad,3,DS1,match,613606015e85b5d0224eb2b5f2b7428b9cdd7a6e0e2ee24d7d8a0e985ec39c1c,DS1__sad_ORG_SAD(319),29.6,888,30.0,0,DS1__sad_ORG_SAD(319),0,888,29.6
DS1__sad_ORG_SAD(193),/Users/rafiabhista/Documents/code/apple/c1_audio/emomv_2/aria/media/minhdanh/5e31d1e3-0187-4837-8530-60bbac61578f1/home/minhdanh/Documents/EmoMV/Dataset1/DS1_TRAIN_MATCH/sad_ORG_SAD(193).mp4,sad,3,DS1,match,9d28b054b69164490ccb9330aad43b80e9c12fe6a475773f4ecb5dcdb6686008,DS1__sad_ORG_SAD(193),30.2333,907,30.0,0,DS1__sad_ORG_SAD(193),0,907,30.2333
DS1__sad_SAD_LLT(3),/Users/rafiabhista/Documents/code/apple/c1_audio/emomv_2/aria/media/minhdanh/5e31d1e3-0187-4837-8530-60bbac61578f1/home/minhdanh/Documents/EmoMV/Dataset1/DS1_TRAIN_MATCH/sad_SAD_LLT(3).mp4,sad,3,DS1,match,410c42329dcf45441158be41451daad26cbad338ea35a20ea3f145093c558071,DS1__sad_SAD_LLT(3),29.08,727,25.0,0,DS1__sad_SAD_LLT(3),0,727,29.08
DS1__sad_SAD_LLT(31)-149-of-228,/Users/rafiabhista/Documents/code/apple/c1_audio/emomv_2/aria/media/minhdanh/5e31d1e3-0187-4837-8530-60bbac61578f1/home/minhdanh/Documents/EmoMV/Dataset1/DS1_TRAIN_MATCH/sad_SAD_LLT(31)-149-of-228.mp4,sad,3,DS1,match,9ef57413fcde9dc3c486b6ce8faa8c1a1f3a366673bc85941a182b2884c256d9,DS1__sad_SAD_LLT(31),28.36,709,25.0,0,DS1__sad_SAD_LLT(31)-149-of-228,0,709,28.36
DS1__sad_SAD_LLT(44),/Users/rafiabhista/Documents/code/apple/c1_audio/emomv_2/aria/media/minhdanh/5e31d1e3-0187-4837-8530-60bbac61578f1/home/minhdanh/Documents/EmoMV/Dataset1/DS1_TRAIN_MATCH/sad_SAD_LLT(44).mp4,sad,3,DS1,match,a7c49ce976954d2c1a5ab0716b17794789379094fa36d176a7b5f5fe149a740a,DS1__sad_SAD_LLT(44),28.8,720,25.0,0,DS1__sad_SAD_LLT(44),0,720,28.8
DS1__sad_REVIEW_SAD (50),/Users/rafiabhista/Documents/code/apple/c1_audio/emomv_2/aria/media/minhdanh/5e31d1e3-0187-4837-8530-60bbac61578f1/home/minhdanh/Documents/EmoMV/Dataset1/DS1_TRAIN_MATCH/sad_REVIEW_SAD (50).mp4,sad,3,DS1,match,1e91361fbfd88d105e609d06f2411bbc06ddbd37f478df2d07e839ec5728b206,DS1__sad_REVIEW_SAD (50),30.0,750,25.0,0,DS1__sad_REVIEW_SAD (50),0,750,30.0
DS1__sad_ORG_SAD(79),/Users/rafiabhista/Documents/code/apple/c1_audio/emomv_2/aria/media/minhdanh/5e31d1e3-0187-4837-8530-60bbac61578f1/home/minhdanh/Documents/EmoMV/Dataset1/DS1_TRAIN_MATCH/sad_ORG_SAD(79).mp4,sad,3,DS1,match,91347a61dacf3f8de51ba7a4be5d1ac002c791d02b38580b52e300d12a1a54da,DS1__sad_ORG_SAD(79),29.8,745,25.0,0,DS1__sad_ORG_SAD(79),0,745,29.8
DS1__sad_DEAP_DB_SADD(8),/Users/rafiabhista/Documents/code/apple/c1_audio/emomv_2/aria/media/minhdanh/5e31d1e3-0187-4837-8530-60bbac61578f1/home/minhdanh/Documents/EmoMV/Dataset1/DS1_TRAIN_MATCH/sad_DEAP_DB_SADD(8).mp4,sad,3,DS1,match,327d74c5fe2db03dd701383333558fa34d269dd4e26d1c0db59e9fe3ffdc5da5,DS1__sad_DEAP_DB_SADD(8),29.3293,879,29.97,0,DS1__sad_DEAP_DB_SADD(8),0,879,29.3293
DS1__sad_SAD_LLT(4)-3-of-10,/Users/rafiabhista/Documents/code/apple/c1_audio/emomv_2/aria/media/minhdanh/5e31d1e3-0187-4837-8530-60bbac61578f1/home/minhdanh/Documents/EmoMV/Dataset1/DS1_TRAIN_MATCH/sad_SAD_LLT(4)-3-of-10.mp4,sad,3,DS1,match,66cba144199234f9fab57625aa6a04269ce17cffeabc7dcfe2dc1c7e1e229787,DS1__sad_SAD_LLT(4),27.4348,631,23.0,0,DS1__sad_SAD_LLT(4)-3-of-10,0,631,27.4348
DS1__sad_ORG_SAD(276),/Users/rafiabhista/Documents/code/apple/c1_audio/emomv_2/aria/media/minhdanh/5e31d1e3-0187-4837-8530-60bbac61578f1/home/minhdanh/Documents/EmoMV/Dataset1/DS1_TRAIN_MATCH/sad_ORG_SAD(276).mp4,sad,3,DS1,match,0646f23920ee2f95db8217face126010a5e7b5cfd0d8da75f59678be75bbb430,DS1__sad_ORG_SAD(276),29.5417,709,24.0,0,DS1__sad_ORG_SAD(276),0,709,29.5417
DS1__sad_SAD_LLT(29),/Users/rafiabhista/Documents/code/apple/c1_audio/emomv_2/aria/media/minhdanh/5e31d1e3-0187-4837-8530-60bbac61578f1/home/minhdanh/Documents/EmoMV/Dataset1/DS1_TRAIN_MATCH/sad_SAD_LLT(29).mp4,sad,3,DS1,match,3ce8aabe744f64dc232efbb139432e2866b974fd67fbefc6992c6876858d9283,DS1__sad_SAD_LLT(29),28.8205,691,23.976,0,DS1__sad_SAD_LLT(29),0,691,28.8205
DS1__sad_SAD_LLT(7)-3-of-8,/Users/rafiabhista/Documents/code/apple/c1_audio/emomv_2/aria/media/minhdanh/5e31d1e3-0187-4837-8530-60bbac61578f1/home/minhdanh/Documents/EmoMV/Dataset1/DS1_TRAIN_MATCH/sad_SAD_LLT(7)-3-of-8.mp4,sad,3,DS1,match,7dc6d354ea62b0defe7ec616ad70f5350fe66f9d53d863e0be3491bbacdd3309,DS1__sad_SAD_LLT(7),29.64,741,25.0,0,DS1__sad_SAD_LLT(7)-3-of-8,0,741,29.64
DS1__sad_Sad_FINAL_DL(54),/Users/rafiabhista/Documents/code/apple/c1_audio/emomv_2/aria/media/minhdanh/5e31d1e3-0187-4837-8530-60bbac61578f1/home/minhdanh/Documents/EmoMV/Dataset1/DS1_TRAIN_MATCH/sad_Sad_FINAL_DL(54).mp4,sad,3,DS1,match,b545cf55bb4ff5cb4f591d7168e013d4db8650588aed74f925c5e96dc793e0bf,DS1__sad_Sad_FINAL_DL(54),25.0333,751,30.0,0,DS1__sad_Sad_FINAL_DL(54),0,751,25.0333
DS1__sad_ORG_SAD(242),/Users/rafiabhista/Documents/code/apple/c1_audio/emomv_2/aria/media/minhdanh/5e31d1e3-0187-4837-8530-60bbac61578f1/home/minhdanh/Documents/EmoMV/Dataset1/DS1_TRAIN_MATCH/sad_ORG_SAD(242).mp4,sad,3,DS1,match,365849cf18751c6202a1548be188c0f294acf86ac67a686d0c7597d065687171,DS1__sad_ORG_SAD(242),29.2375,701,23.976,0,DS1__sad_ORG_SAD(242),0,701,29.2375
DS1__sad_FINAL_DL(75)-8-of-8,/Users/rafiabhista/Documents/code/apple/c1_audio/emomv_2/aria/media/minhdanh/5e31d1e3-0187-4837-8530-60bbac61578f1/home/minhdanh/Documents/EmoMV/Dataset1/DS1_TRAIN_MATCH/sad_FINAL_DL(75)-8-of-8.mp4,sad,3,DS1,match,72cf1a35c1c41c6e48d274878bbfadd058ef7a21dc139341238d7be366a55f8f,DS1__sad_FINAL_DL(75),10.7107,321,29.97,0,DS1__sad_FINAL_DL(75)-8-of-8,0,321,10.7107
DS1__sad_TEST_SAD(26)-3-of-8,/Users/rafiabhista/Documents/code/apple/c1_audio/emomv_2/aria/media/minhdanh/5e31d1e3-0187-4837-8530-60bbac61578f1/home/minhdanh/Documents/EmoMV/Dataset1/DS1_TRAIN_MATCH/sad_TEST_SAD(26)-3-of-8.mp4,sad,3,DS1,match,5b8b39b06df5e425c55d7fa8ed670ac59d9264789e8eec4f5b42701812755290,DS1__sad_TEST_SAD(26),28.737,689,23.976,0,DS1__sad_TEST_SAD(26)-3-of-8,0,689,28.737
DS1__sad_SAD_LLT(19)-2-of-10,/Users/rafiabhista/Documents/code/apple/c1_audio/emomv_2/aria/media/minhdanh/5e31d1e3-0187-4837-8530-60bbac61578f1/home/minhdanh/Documents/EmoMV/Dataset1/DS1_TRAIN_MATCH/sad_SAD_LLT(19)-2-of-10.mp4,sad,3,DS1,match,52a992084ee8b73d6fc02d021e23ad4660402a285c4f2edc57cab6292da66fb4,DS1__sad_SAD_LLT(19),30.0,750,25.0,0,DS1__sad_SAD_LLT(19)-2-of-10,0,750,30.0
DS1__sad_REVIEW_SAD (61),/Users/rafiabhista/Documents/code/apple/c1_audio/emomv_2/aria/media/minhdanh/5e31d1e3-0187-4837-8530-60bbac61578f1/home/minhdanh/Documents/EmoMV/Dataset1/DS1_TRAIN_MATCH/sad_REVIEW_SAD (61).mp4,sad,3,DS1,match,1bb1de710400fac8eeeee067817d943f9295b55be8bc08d7b385a633a1a33e99,DS1__sad_REVIEW_SAD (61),29.7964,893,29.97,0,DS1__sad_REVIEW_SAD (61),0,893,29.7964
DS1__sad_Sad_FINAL_DL(1),/Users/rafiabhista/Documents/code/apple/c1_audio/emomv_2/aria/media/minhdanh/5e31d1e3-0187-4837-8530-60bbac61578f1/home/minhdanh/Documents/EmoMV/Dataset1/DS1_TRAIN_MATCH/sad_Sad_FINAL_DL(1).mp4,sad,3,DS1,match,7836853df08e4d69615e434fe4ae48695490ad17e14b5e6181014e070ca0f393,DS1__sad_Sad_FINAL_DL(1),27.661,829,29.97,0,DS1__sad_Sad_FINAL_DL(1),0,829,27.661
DS1__sad_ORG_SAD(47),/Users/rafiabhista/Documents/code/apple/c1_audio/emomv_2/aria/media/minhdanh/5e31d1e3-0187-4837-8530-60bbac61578f1/home/minhdanh/Documents/EmoMV/Dataset1/DS1_TRAIN_MATCH/sad_ORG_SAD(47).mp4,sad,3,DS1,match,be8536ae37ec526266f49257ee8db3c6116e1ed97166034ee1f972e20a07c0be,DS1__sad_ORG_SAD(47),29.5712,709,23.976,0,DS1__sad_ORG_SAD(47),0,709,29.5712
DS1__sad_TEST_SAD(15)-9-of-13,/Users/rafiabhista/Documents/code/apple/c1_audio/emomv_2/aria/media/minhdanh/5e31d1e3-0187-4837-8530-60bbac61578f1/home/minhdanh/Documents/EmoMV/Dataset1/DS1_TRAIN_MATCH/sad_TEST_SAD(15)-9-of-13.mp4,sad,3,DS1,match,0883290f5c691856b56e6ae54ffe23715ec7685b054cec18bdb6a12df3b27177,DS1__sad_TEST_SAD(15),30.0,750,25.0,0,DS1__sad_TEST_SAD(15)-9-of-13,0,750,30.0
DS1__sad_ORG_SAD(343),/Users/rafiabhista/Documents/code/apple/c1_audio/emomv_2/aria/media/minhdanh/5e31d1e3-0187-4837-8530-60bbac61578f1/home/minhdanh/Documents/EmoMV/Dataset1/DS1_TRAIN_MATCH/sad_ORG_SAD(343).mp4,sad,3,DS1,match,df3782c8a3d2d700133f863389ab119d183ba981c3da49bb985708e110b8e15d,DS1__sad_ORG_SAD(343),30.0,750,25.0,0,DS1__sad_ORG_SAD(343),0,750,30.0
DS1__sad_ORG_SAD(203),/Users/rafiabhista/Documents/code/apple/c1_audio/emomv_2/aria/media/minhdanh/5e31d1e3-0187-4837-8530-60bbac61578f1/home/minhdanh/Documents/EmoMV/Dataset1/DS1_TRAIN_MATCH/sad_ORG_SAD(203).mp4,sad,3,DS1,match,4212daaee2f7bf56dc10a0e2ec7e00a61a8357cf6f52e1a6674a7a049e48aa2b,DS1__sad_ORG_SAD(203),30.6,918,30.0,0,DS1__sad_ORG_SAD(203),0,918,30.6
DS1__sad_ORG_SAD(244),/Users/rafiabhista/Documents/code/apple/c1_audio/emomv_2/aria/media/minhdanh/5e31d1e3-0187-4837-8530-60bbac61578f1/home/minhdanh/Documents/EmoMV/Dataset1/DS1_TRAIN_MATCH/sad_ORG_SAD(244).mp4,sad,3,DS1,match,e0eb6f2f482fb1a2202d8995afb780171794df84d058876b0b8e9e12ae19edd6,DS1__sad_ORG_SAD(244),30.0,750,25.0,0,DS1__sad_ORG_SAD(244),0,750,30.0
DS1__sad_ORG_SAD(294),/Users/rafiabhista/Documents/code/apple/c1_audio/emomv_2/aria/media/minhdanh/5e31d1e3-0187-4837-8530-60bbac61578f1/home/minhdanh/Documents/EmoMV/Dataset1/DS1_TRAIN_MATCH/sad_ORG_SAD(294).mp4,sad,3,DS1,match,b473ee29da13039c3df206c32cde86e13c2930b0a46199fa232ba0e15399862e,DS1__sad_ORG_SAD(294),30.1333,904,30.0,0,DS1__sad_ORG_SAD(294),0,904,30.1333
DS1__sad_ORG_NEUTRAL(111),/Users/rafiabhista/Documents/code/apple/c1_audio/emomv_2/aria/media/minhdanh/5e31d1e3-0187-4837-8530-60bbac61578f1/home/minhdanh/Documents/EmoMV/Dataset1/DS1_TRAIN_MATCH/sad_ORG_NEUTRAL(111).mp4,sad,3,DS1,match,c85d3e43ad7ea89b14d0be20babca1f3ec8cd9d0f1c1550785f3f7f03e0df571,DS1__sad_ORG_NEUTRAL(111),30.5667,917,30.0,0,DS1__sad_ORG_NEUTRAL(111),0,917,30.5667
DS1__sad_SAD_LLT(37),/Users/rafiabhista/Documents/code/apple/c1_audio/emomv_2/aria/media/minhdanh/5e31d1e3-0187-4837-8530-60bbac61578f1/home/minhdanh/Documents/EmoMV/Dataset1/DS1_TRAIN_MATCH/sad_SAD_LLT(37).mp4,sad,3,DS1,match,1a984232c7187d47526a8c99bc1cb773a3f98b67f0f83afb19c711bab613dfdb,DS1__sad_SAD_LLT(37),28.9456,694,23.976,0,DS1__sad_SAD_LLT(37),0,694,28.9456
DS1__sad_REVIEW_SAD (60),/Users/rafiabhista/Documents/code/apple/c1_audio/emomv_2/aria/media/minhdanh/5e31d1e3-0187-4837-8530-60bbac61578f1/home/minhdanh/Documents/EmoMV/Dataset1/DS1_TRAIN_MATCH/sad_REVIEW_SAD (60).mp4,sad,3,DS1,match,9b88c6f250e2efdb506b567e29147f6ccc4e9ae894a74b8e3c72a1b96047d90b,DS1__sad_REVIEW_SAD (60),30.0,750,25.0,0,DS1__sad_REVIEW_SAD (60),0,750,30.0
DS1__sad_ORG_SAD(163),/Users/rafiabhista/Documents/code/apple/c1_audio/emomv_2/aria/media/minhdanh/5e31d1e3-0187-4837-8530-60bbac61578f1/home/minhdanh/Documents/EmoMV/Dataset1/DS1_TRAIN_MATCH/sad_ORG_SAD(163).mp4,sad,3,DS1,match,8053d8bb99c9a734e3b226e612aeb15402056d5240f629e5f3125b46da1b671e,DS1__sad_ORG_SAD(163),29.8215,715,23.976,0,DS1__sad_ORG_SAD(163),0,715,29.8215
DS1__sad_ORG_SAD(341),/Users/rafiabhista/Documents/code/apple/c1_audio/emomv_2/aria/media/minhdanh/5e31d1e3-0187-4837-8530-60bbac61578f1/home/minhdanh/Documents/EmoMV/Dataset1/DS1_TRAIN_MATCH/sad_ORG_SAD(341).mp4,sad,3,DS1,match,6f9c4a884c011423ef831e84b59c7c2154a697fd9f8467f37de64c266f553648,DS1__sad_ORG_SAD(341),27.64,691,25.0,0,DS1__sad_ORG_SAD(341),0,691,27.64
DS1__sad_SAD_TEST(1)-6-of-8,/Users/rafiabhista/Documents/code/apple/c1_audio/emomv_2/aria/media/minhdanh/5e31d1e3-0187-4837-8530-60bbac61578f1/home/minhdanh/Documents/EmoMV/Dataset1/DS1_TRAIN_MATCH/sad_SAD_TEST(1)-6-of-8.mp4,sad,3,DS1,match,72d82a616318c0ded33ec9a96c9bd31354622b261dbd0ab0aba3c0d9a77ed618,DS1__sad_SAD_TEST(1),29.6546,711,23.976,0,DS1__sad_SAD_TEST(1)-6-of-8,0,711,29.6546
DS1__sad_REVIEW_SAD (30),/Users/rafiabhista/Documents/code/apple/c1_audio/emomv_2/aria/media/minhdanh/5e31d1e3-0187-4837-8530-60bbac61578f1/home/minhdanh/Documents/EmoMV/Dataset1/DS1_TRAIN_MATCH/sad_REVIEW_SAD (30).mp4,sad,3,DS1,match,680eec7c18b2486b9a7924a64c148d34a99c8405c10d38a7beb8d01c85b307d0,DS1__sad_REVIEW_SAD (30),29.9466,718,23.976,0,DS1__sad_REVIEW_SAD (30),0,718,29.9466
DS1__sad_ORG_SAD(286),/Users/rafiabhista/Documents/code/apple/c1_audio/emomv_2/aria/media/minhdanh/5e31d1e3-0187-4837-8530-60bbac61578f1/home/minhdanh/Documents/EmoMV/Dataset1/DS1_TRAIN_MATCH/sad_ORG_SAD(286).mp4,sad,3,DS1,match,a986b687c19417ee19b5f7d4867210cdf1967ade46b87370e5f5f3cf777910d2,DS1__sad_ORG_SAD(286),29.48,737,25.0,0,DS1__sad_ORG_SAD(286),0,737,29.48
DS1__sad_SAD_LLT(47),/Users/rafiabhista/Documents/code/apple/c1_audio/emomv_2/aria/media/minhdanh/5e31d1e3-0187-4837-8530-60bbac61578f1/home/minhdanh/Documents/EmoMV/Dataset1/DS1_TRAIN_MATCH/sad_SAD_LLT(47).mp4,sad,3,DS1,match,62d9e2978c17938aef249b238bfe072b25a4542943518ec979c6a1e038b6fb8f,DS1__sad_SAD_LLT(47),28.4333,853,30.0,0,DS1__sad_SAD_LLT(47),0,853,28.4333
DS1__sad_SAD_LLT(31)-152-of-228,/Users/rafiabhista/Documents/code/apple/c1_audio/emomv_2/aria/media/minhdanh/5e31d1e3-0187-4837-8530-60bbac61578f1/home/minhdanh/Documents/EmoMV/Dataset1/DS1_TRAIN_MATCH/sad_SAD_LLT(31)-152-of-228.mp4,sad,3,DS1,match,309ab768d3f0dccd643d8af4cf253dc2e51b667bb984bc318c36367bf0e204f2,DS1__sad_SAD_LLT(31),29.88,747,25.0,0,DS1__sad_SAD_LLT(31)-152-of-228,0,747,29.88
DS1__sad_SAD_LLT(18)-7-of-11,/Users/rafiabhista/Documents/code/apple/c1_audio/emomv_2/aria/media/minhdanh/5e31d1e3-0187-4837-8530-60bbac61578f1/home/minhdanh/Documents/EmoMV/Dataset1/DS1_TRAIN_MATCH/sad_SAD_LLT(18)-7-of-11.mp4,sad,3,DS1,match,648e34d8ad63d83b41f8e867b78ab90338c6154eb5c87576533e83fe5f962664,DS1__sad_SAD_LLT(18),28.88,722,25.0,0,DS1__sad_SAD_LLT(18)-7-of-11,0,722,28.88
DS1__sad_ORG_SAD(49),/Users/rafiabhista/Documents/code/apple/c1_audio/emomv_2/aria/media/minhdanh/5e31d1e3-0187-4837-8530-60bbac61578f1/home/minhdanh/Documents/EmoMV/Dataset1/DS1_TRAIN_MATCH/sad_ORG_SAD(49).mp4,sad,3,DS1,match,0c9416fe69cc23c1bcfcf2e755c23939cc76d03e9b941da047cd02462e2bfdf2,DS1__sad_ORG_SAD(49),29.5712,709,23.9761,0,DS1__sad_ORG_SAD(49),0,709,29.5712
DS1__relax_Rellx_FINAL_DL(178),/Users/rafiabhista/Documents/code/apple/c1_audio/emomv_2/aria/media/minhdanh/5e31d1e3-0187-4837-8530-60bbac61578f1/home/minhdanh/Documents/EmoMV/Dataset1/DS1_TRAIN_MATCH/relax_Rellx_FINAL_DL(178).mp4,relax,4,DS1,match,3f58926efd283a46c086fcb49e7796b533b35bfbbb719e00c5c19c22e14b5f0a,DS1__relax_Rellx_FINAL_DL(178),29.029,870,29.97,0,DS1__relax_Rellx_FINAL_DL(178),0,870,29.029
DS1__relax_Rellx_FINAL_DL(155),/Users/rafiabhista/Documents/code/apple/c1_audio/emomv_2/aria/media/minhdanh/5e31d1e3-0187-4837-8530-60bbac61578f1/home/minhdanh/Documents/EmoMV/Dataset1/DS1_TRAIN_MATCH/relax_Rellx_FINAL_DL(155).mp4,relax,4,DS1,match,967237293ef82a3fd74edf8e1d5470b3a884fcc6d78f0584d68ff79b246bdeb9,DS1__relax_Rellx_FINAL_DL(155),28.9144,802,27.737,0,DS1__relax_Rellx_FINAL_DL(155),0,802,28.9144
DS1__relax_ORG_RLX(261),/Users/rafiabhista/Documents/code/apple/c1_audio/emomv_2/aria/media/minhdanh/5e31d1e3-0187-4837-8530-60bbac61578f1/home/minhdanh/Documents/EmoMV/Dataset1/DS1_TRAIN_MATCH/relax_ORG_RLX(261).mp4,relax,4,DS1,match,1bb40a91e4ac4e428c4d72a8eab45aa87ecac56edf5ed3c962c3b66bf291fa91,DS1__relax_ORG_RLX(261),29.4962,884,29.9699,0,DS1__relax_ORG_RLX(261),0,884,29.4962
DS1__relax_ORG_RLX(307),/Users/rafiabhista/Documents/code/apple/c1_audio/emomv_2/aria/media/minhdanh/5e31d1e3-0187-4837-8530-60bbac61578f1/home/minhdanh/Documents/EmoMV/Dataset1/DS1_TRAIN_MATCH/relax_ORG_RLX(307).mp4,relax,4,DS1,match,98332ed4f1d115834030908826cd603b9b67364b23e3029523765ec7c3f736a2,DS1__relax_ORG_RLX(307),30.44,761,25.0,0,DS1__relax_ORG_RLX(307),0,761,30.44
DS1__relax_TEST_MV(65)-45-of-118,/Users/rafiabhista/Documents/code/apple/c1_audio/emomv_2/aria/media/minhdanh/5e31d1e3-0187-4837-8530-60bbac61578f1/home/minhdanh/Documents/EmoMV/Dataset1/DS1_TRAIN_MATCH/relax_TEST_MV(65)-45-of-118.mp4,relax,4,DS1,match,29335629c1b092676c82eb277cacd5306e773dfe8dba9dda29d20aa3c884266d,DS1__relax_TEST_MV(65),29.6963,890,29.97,0,DS1__relax_TEST_MV(65)-45-of-118,0,890,29.6963
DS1__relax_FINAL_Relx_DL_Relx(47),/Users/rafiabhista/Documents/code/apple/c1_audio/emomv_2/aria/media/minhdanh/5e31d1e3-0187-4837-8530-60bbac61578f1/home/minhdanh/Documents/EmoMV/Dataset1/DS1_TRAIN_MATCH/relax_FINAL_Relx_DL_Relx(47).mp4,relax,4,DS1,match,fa18de208632de6c6f4f0e91c34726eaa80ba8d5beb546daf35715cd4de54c04,DS1__relax_FINAL_Relx_DL_Relx(47),28.32,708,25.0,0,DS1__relax_FINAL_Relx_DL_Relx(47),0,708,28.32
DS1__relax_ORG_RLX(347),/Users/rafiabhista/Documents/code/apple/c1_audio/emomv_2/aria/media/minhdanh/5e31d1e3-0187-4837-8530-60bbac61578f1/home/minhdanh/Documents/EmoMV/Dataset1/DS1_TRAIN_MATCH/relax_ORG_RLX(347).mp4,relax,4,DS1,match,7660a5d7ac5b3fc96efc38e39e566f84b48bbb5681d3d3f3bdab0e42860cbd95,DS1__relax_ORG_RLX(347),31.32,783,25.0,0,DS1__relax_ORG_RLX(347),0,783,31.32
DS1__relax_TEST_RELX(5)-3-of-11,/Users/rafiabhista/Documents/code/apple/c1_audio/emomv_2/aria/media/minhdanh/5e31d1e3-0187-4837-8530-60bbac61578f1/home/minhdanh/Documents/EmoMV/Dataset1/DS1_TRAIN_MATCH/relax_TEST_RELX(5)-3-of-11.mp4,relax,4,DS1,match,f8a104c964ec949db2a75f613ee98e3f3af864e6627a7103347643f22597fe3a,DS1__relax_TEST_RELX(5),29.8298,894,29.97,0,DS1__relax_TEST_RELX(5)-3-of-11,0,894,29.8298
DS1__relax_ORG_RLX(66),/Users/rafiabhista/Documents/code/apple/c1_audio/emomv_2/aria/media/minhdanh/5e31d1e3-0187-4837-8530-60bbac61578f1/home/minhdanh/Documents/EmoMV/Dataset1/DS1_TRAIN_MATCH/relax_ORG_RLX(66).mp4,relax,4,DS1,match,910420ad856f8c39df18a7e53dafa4d1fb06e57c3a4fc9c790bdfdffb8c83660,DS1__relax_ORG_RLX(66),30.2,755,25.0,0,DS1__relax_ORG_RLX(66),0,755,30.2
DS1__relax_112,/Users/rafiabhista/Documents/code/apple/c1_audio/emomv_2/aria/media/minhdanh/5e31d1e3-0187-4837-8530-60bbac61578f1/home/minhdanh/Documents/EmoMV/Dataset1/DS1_TRAIN_MATCH/relax_112.mp4,relax,4,DS1,match,48a65d55ae24263fdd1a09808da5cf3fdf9dfd51ab5da0caec06fb9d41700f08,DS1__relax_112,30.03,900,29.97,0,DS1__relax_112,0,900,30.03
DS1__relax_ORG_RLX(21),/Users/rafiabhista/Documents/code/apple/c1_audio/emomv_2/aria/media/minhdanh/5e31d1e3-0187-4837-8530-60bbac61578f1/home/minhdanh/Documents/EmoMV/Dataset1/DS1_TRAIN_MATCH/relax_ORG_RLX(21).mp4,relax,4,DS1,match,bdaf5e2f32fab5721025aa3f493a9d9aca760f194d58f2fd2ca519ef629a7d65,DS1__relax_ORG_RLX(21),30.1301,903,29.97,0,DS1__relax_ORG_RLX(21),0,903,30.1301
DS1__relax_FINAL_Relx_DL_Relx(41),/Users/rafiabhista/Documents/code/apple/c1_audio/emomv_2/aria/media/minhdanh/5e31d1e3-0187-4837-8530-60bbac61578f1/home/minhdanh/Documents/EmoMV/Dataset1/DS1_TRAIN_MATCH/relax_FINAL_Relx_DL_Relx(41).mp4,relax,4,DS1,match,0d9c2d9310b0614ff17f7c5efd7452ad41c60b49757c59801c1c0d3dcae5e710,DS1__relax_FINAL_Relx_DL_Relx(41),29.0624,871,29.97,0,DS1__relax_FINAL_Relx_DL_Relx(41),0,871,29.0624
DS1__relax_ORG_NEUTRAL(29),/Users/rafiabhista/Documents/code/apple/c1_audio/emomv_2/aria/media/minhdanh/5e31d1e3-0187-4837-8530-60bbac61578f1/home/minhdanh/Documents/EmoMV/Dataset1/DS1_TRAIN_MATCH/relax_ORG_NEUTRAL(29).mp4,relax,4,DS1,match,fa831c5a747713f119cb74db9835e1e9ab176e09afd67fd567de402520f95f64,DS1__relax_ORG_NEUTRAL(29),29.84,746,25.0,0,DS1__relax_ORG_NEUTRAL(29),0,746,29.84
DS1__relax_ORG_RLX(87),/Users/rafiabhista/Documents/code/apple/c1_audio/emomv_2/aria/media/minhdanh/5e31d1e3-0187-4837-8530-60bbac61578f1/home/minhdanh/Documents/EmoMV/Dataset1/DS1_TRAIN_MATCH/relax_ORG_RLX(87).mp4,relax,4,DS1,match,3a9afe4e05c0d43874e44f7722f2c462e740e81c332972cc951474aecaba2d43,DS1__relax_ORG_RLX(87),29.8631,895,29.9701,0,DS1__relax_ORG_RLX(87),0,895,29.8631
DS1__relax_LLT_COLLT_RLX(7),/Users/rafiabhista/Documents/code/apple/c1_audio/emomv_2/aria/media/minhdanh/5e31d1e3-0187-4837-8530-60bbac61578f1/home/minhdanh/Documents/EmoMV/Dataset1/DS1_TRAIN_MATCH/relax_LLT_COLLT_RLX(7).mp4,relax,4,DS1,match,9ea40f9eb1dd2b7b019d363462a26611b2d9f7a2719f52ab777b9d6f3db33801,DS1__relax_LLT_COLLT_RLX(7),29.68,742,25.0,0,DS1__relax_LLT_COLLT_RLX(7),0,742,29.68
DS1__relax_Rellx_FINAL_DL(98),/Users/rafiabhista/Documents/code/apple/c1_audio/emomv_2/aria/media/minhdanh/5e31d1e3-0187-4837-8530-60bbac61578f1/home/minhdanh/Documents/EmoMV/Dataset1/DS1_TRAIN_MATCH/relax_Rellx_FINAL_DL(98).mp4,relax,4,DS1,match,a9b1357d02add9141e6f84a393eafa7305ad633b6d68bd31c5abc0264119dc47,DS1__relax_Rellx_FINAL_DL(98),28.16,704,25.0,0,DS1__relax_Rellx_FINAL_DL(98),0,704,28.16
DS1__relax_ORG_RLX(284),/Users/rafiabhista/Documents/code/apple/c1_audio/emomv_2/aria/media/minhdanh/5e31d1e3-0187-4837-8530-60bbac61578f1/home/minhdanh/Documents/EmoMV/Dataset1/DS1_TRAIN_MATCH/relax_ORG_RLX(284).mp4,relax,4,DS1,match,c6d4d1baa320d971f1274a01b6570d80e7650d47d87a8868fdab2d280d4cb1dd,DS1__relax_ORG_RLX(284),30.56,764,25.0,0,DS1__relax_ORG_RLX(284),0,764,30.56
DS1__relax_TT(9),/Users/rafiabhista/Documents/code/apple/c1_audio/emomv_2/aria/media/minhdanh/5e31d1e3-0187-4837-8530-60bbac61578f1/home/minhdanh/Documents/EmoMV/Dataset1/DS1_TRAIN_MATCH/relax_TT(9).mp4,relax,4,DS1,match,5ecee27bf2e0ff5670fdad8197adaac3d4c2750dc6912bd316d6d3ee0818af4c,DS1__relax_TT(9),29.3627,880,29.97,0,DS1__relax_TT(9),0,880,29.3627
DS1__relax_24,/Users/rafiabhista/Documents/code/apple/c1_audio/emomv_2/aria/media/minhdanh/5e31d1e3-0187-4837-8530-60bbac61578f1/home/minhdanh/Documents/EmoMV/Dataset1/DS1_TRAIN_MATCH/relax_24.mp4,relax,4,DS1,match,b3de6aed6b5ce02b970aa0742f965a8484e0e2be9c7baa9a289386f7aa22335f,DS1__relax_24,30.0,750,25.0,0,DS1__relax_24,0,750,30.0
DS1__relax_FINAL_Relx_DL_Relx(40),/Users/rafiabhista/Documents/code/apple/c1_audio/emomv_2/aria/media/minhdanh/5e31d1e3-0187-4837-8530-60bbac61578f1/home/minhdanh/Documents/EmoMV/Dataset1/DS1_TRAIN_MATCH/relax_FINAL_Relx_DL_Relx(40).mp4,relax,4,DS1,match,e9694601931e20bc6c7391bfbed08cf7b35c8cf1e03ebb29c209fafadc1f94a8,DS1__relax_FINAL_Relx_DL_Relx(40),29.4294,882,29.97,0,DS1__relax_FINAL_Relx_DL_Relx(40),0,882,29.4294
DS1__relax_Rellx_FINAL_DL(17),/Users/rafiabhista/Documents/code/apple/c1_audio/emomv_2/aria/media/minhdanh/5e31d1e3-0187-4837-8530-60bbac61578f1/home/minhdanh/Documents/EmoMV/Dataset1/DS1_TRAIN_MATCH/relax_Rellx_FINAL_DL(17).mp4,relax,4,DS1,match,9e27c5e6d97f2c93bff2af27843588162c1034e2de67bd4384d5e3eac40e7fd3,DS1__relax_Rellx_FINAL_DL(17),29.3627,704,23.976,0,DS1__relax_Rellx_FINAL_DL(17),0,704,29.3627
DS1__relax_TEST_MV(54)-65-of-143,/Users/rafiabhista/Documents/code/apple/c1_audio/emomv_2/aria/media/minhdanh/5e31d1e3-0187-4837-8530-60bbac61578f1/home/minhdanh/Documents/EmoMV/Dataset1/DS1_TRAIN_MATCH/relax_TEST_MV(54)-65-of-143.mp4,relax,4,DS1,match,0e371d702d6d8d62cdf43dfa91213744e71d174babeb9804492ee13735096055,DS1__relax_TEST_MV(54),28.7954,863,29.97,0,DS1__relax_TEST_MV(54)-65-of-143,0,863,28.7954
DS1__relax_ORG_RLX(24),/Users/rafiabhista/Documents/code/apple/c1_audio/emomv_2/aria/media/minhdanh/5e31d1e3-0187-4837-8530-60bbac61578f1/home/minhdanh/Documents/EmoMV/Dataset1/DS1_TRAIN_MATCH/relax_ORG_RLX(24).mp4,relax,4,DS1,match,f38ca598e7feb3725e65cc16fe76fcda68196ef1747192f66dc9bcecdd02c4c3,DS1__relax_ORG_RLX(24),31.9652,958,29.9701,0,DS1__relax_ORG_RLX(24),0,958,31.9652
DS1__relax_ORG_RLX(227),/Users/rafiabhista/Documents/code/apple/c1_audio/emomv_2/aria/media/minhdanh/5e31d1e3-0187-4837-8530-60bbac61578f1/home/minhdanh/Documents/EmoMV/Dataset1/DS1_TRAIN_MATCH/relax_ORG_RLX(227).mp4,relax,4,DS1,match,f12441af2c7f3650106120a8d72e138af423fd84cba740a3839d6d337811c808,DS1__relax_ORG_RLX(227),30.5639,916,29.97,0,DS1__relax_ORG_RLX(227),0,916,30.5639
DS1__relax_DEAP_DB_REL(21),/Users/rafiabhista/Documents/code/apple/c1_audio/emomv_2/aria/media/minhdanh/5e31d1e3-0187-4837-8530-60bbac61578f1/home/minhdanh/Documents/EmoMV/Dataset1/DS1_TRAIN_MATCH/relax_DEAP_DB_REL(21).mp4,relax,4,DS1,match,0d1b7b0fbac8f2d5737de38fd0f103677aa49343a543e130cd9257ab11374f2b,DS1__relax_DEAP_DB_REL(21),30.0,750,25.0,0,DS1__relax_DEAP_DB_REL(21),0,750,30.0
DS1__relax_Rellx_FINAL_DL(87),/Users/rafiabhista/Documents/code/apple/c1_audio/emomv_2/aria/media/minhdanh/5e31d1e3-0187-4837-8530-60bbac61578f1/home/minhdanh/Documents/EmoMV/Dataset1/DS1_TRAIN_MATCH/relax_Rellx_FINAL_DL(87).mp4,relax,4,DS1,match,512a7cac78dd669e0b61345062667fc189511b3f1af72aa1b73c4b39da656296,DS1__relax_Rellx_FINAL_DL(87),29.8965,896,29.97,0,DS1__relax_Rellx_FINAL_DL(87),0,896,29.8965
DS1__relax_Rellx_FINAL_DL(152),/Users/rafiabhista/Documents/code/apple/c1_audio/emomv_2/aria/media/minhdanh/5e31d1e3-0187-4837-8530-60bbac61578f1/home/minhdanh/Documents/EmoMV/Dataset1/DS1_TRAIN_MATCH/relax_Rellx_FINAL_DL(152).mp4,relax,4,DS1,match,7042aab711efb14bb7873a568a1d43b0b1609d0fa3140735d32f44bbbe01b853,DS1__relax_Rellx_FINAL_DL(152),28.28,707,25.0,0,DS1__relax_Rellx_FINAL_DL(152),0,707,28.28
DS1__relax_Relx_FINAL_DL(75),/Users/rafiabhista/Documents/code/apple/c1_audio/emomv_2/aria/media/minhdanh/5e31d1e3-0187-4837-8530-60bbac61578f1/home/minhdanh/Documents/EmoMV/Dataset1/DS1_TRAIN_MATCH/relax_Relx_FINAL_DL(75).mp4,relax,4,DS1,match,aa17964e22e733571635c81c5d9ec6d3f2e68859573fca9824f34f5ec621640b,DS1__relax_Relx_FINAL_DL(75),29.6,740,25.0,0,DS1__relax_Relx_FINAL_DL(75),0,740,29.6
DS1__relax_RELX_MEA(16)-3-of-9,/Users/rafiabhista/Documents/code/apple/c1_audio/emomv_2/aria/media/minhdanh/5e31d1e3-0187-4837-8530-60bbac61578f1/home/minhdanh/Documents/EmoMV/Dataset1/DS1_TRAIN_MATCH/relax_RELX_MEA(16)-3-of-9.mp4,relax,4,DS1,match,42078a2d5c60263b3c077c7f25494b7433f9fbf086f8def7978a3f6bc258c097,DS1__relax_RELX_MEA(16),29.9633,898,29.97,0,DS1__relax_RELX_MEA(16)-3-of-9,0,898,29.9633
DS1__relax_ORG_RLX(288),/Users/rafiabhista/Documents/code/apple/c1_audio/emomv_2/aria/media/minhdanh/5e31d1e3-0187-4837-8530-60bbac61578f1/home/minhdanh/Documents/EmoMV/Dataset1/DS1_TRAIN_MATCH/relax_ORG_RLX(288).mp4,relax,4,DS1,match,0967d1a4f2087f646adf995042d3f3e6e946534226411ab81e439601426c3b37,DS1__relax_ORG_RLX(288),31.0727,745,23.976,0,DS1__relax_ORG_RLX(288),0,745,31.0727
DS1__relax_104,/Users/rafiabhista/Documents/code/apple/c1_audio/emomv_2/aria/media/minhdanh/5e31d1e3-0187-4837-8530-60bbac61578f1/home/minhdanh/Documents/EmoMV/Dataset1/DS1_TRAIN_MATCH/relax_104.mp4,relax,4,DS1,match,db7bbf21274a96734058a17f83566778e621018dcc9c79fdc4c71d0a990aef9e,DS1__relax_104,30.0,720,24.0,0,DS1__relax_104,0,720,30.0
DS1__relax_FINAL_Relx_DL_Relx(21),/Users/rafiabhista/Documents/code/apple/c1_audio/emomv_2/aria/media/minhdanh/5e31d1e3-0187-4837-8530-60bbac61578f1/home/minhdanh/Documents/EmoMV/Dataset1/DS1_TRAIN_MATCH/relax_FINAL_Relx_DL_Relx(21).mp4,relax,4,DS1,match,3516dc82cab24a9ec7078bfc7ba32daec681dc8319efd9f8b4ecad162f9f3a24,DS1__relax_FINAL_Relx_DL_Relx(21),29.8,745,25.0,0,DS1__relax_FINAL_Relx_DL_Relx(21),0,745,29.8
DS1__relax_TEST_MV(79)-27-of-242,/Users/rafiabhista/Documents/code/apple/c1_audio/emomv_2/aria/media/minhdanh/5e31d1e3-0187-4837-8530-60bbac61578f1/home/minhdanh/Documents/EmoMV/Dataset1/DS1_TRAIN_MATCH/relax_TEST_MV(79)-27-of-242.mp4,relax,4,DS1,match,0135f0f353be05ae0ac17f476b717fca4d0a0f158343011ccc0aadcbda5ed863,DS1__relax_TEST_MV(79),28.08,702,25.0,0,DS1__relax_TEST_MV(79)-27-of-242,0,702,28.08
DS1__relax_REVIEW_RLX(23),/Users/rafiabhista/Documents/code/apple/c1_audio/emomv_2/aria/media/minhdanh/5e31d1e3-0187-4837-8530-60bbac61578f1/home/minhdanh/Documents/EmoMV/Dataset1/DS1_TRAIN_MATCH/relax_REVIEW_RLX(23).mp4,relax,4,DS1,match,fb119cf410577b7358106b9ea2f122a9a5b5f02b89b492eaf37e7f6b6840c47f,DS1__relax_REVIEW_RLX(23),31.8667,956,30.0,0,DS1__relax_REVIEW_RLX(23),0,956,31.8667
DS1__relax_ORG_RLX(157),/Users/rafiabhista/Documents/code/apple/c1_audio/emomv_2/aria/media/minhdanh/5e31d1e3-0187-4837-8530-60bbac61578f1/home/minhdanh/Documents/EmoMV/Dataset1/DS1_TRAIN_MATCH/relax_ORG_RLX(157).mp4,relax,4,DS1,match,44faac0155efd849610063e47bef23822d9f461c72ee1c77a8b79c97c67a73ee,DS1__relax_ORG_RLX(157),30.1635,904,29.97,0,DS1__relax_ORG_RLX(157),0,904,30.1635
DS1__relax_ORG_RLX(43),/Users/rafiabhista/Documents/code/apple/c1_audio/emomv_2/aria/media/minhdanh/5e31d1e3-0187-4837-8530-60bbac61578f1/home/minhdanh/Documents/EmoMV/Dataset1/DS1_TRAIN_MATCH/relax_ORG_RLX(43).mp4,relax,4,DS1,match,380f7c109fcd99b3fc66cad3ce38fd1f648dc829be670e256edac67ad1743dac,DS1__relax_ORG_RLX(43),30.1667,905,30.0,0,DS1__relax_ORG_RLX(43),0,905,30.1667
DS1__relax_Rellx_FINAL_DL(180),/Users/rafiabhista/Documents/code/apple/c1_audio/emomv_2/aria/media/minhdanh/5e31d1e3-0187-4837-8530-60bbac61578f1/home/minhdanh/Documents/EmoMV/Dataset1/DS1_TRAIN_MATCH/relax_Rellx_FINAL_DL(180).mp4,relax,4,DS1,match,75e2d2bde0f42e36f516114e44a91b42e15dc48ad34b2d150cbe37b0ed579ea7,DS1__relax_Rellx_FINAL_DL(180),26.026,780,29.97,0,DS1__relax_Rellx_FINAL_DL(180),0,780,26.026
DS1__relax_Rellx_FINAL_DL(145),/Users/rafiabhista/Documents/code/apple/c1_audio/emomv_2/aria/media/minhdanh/5e31d1e3-0187-4837-8530-60bbac61578f1/home/minhdanh/Documents/EmoMV/Dataset1/DS1_TRAIN_MATCH/relax_Rellx_FINAL_DL(145).mp4,relax,4,DS1,match,88ef715c66acafcd7d77ea9ebc40ccb45e34fbb2e2c2d15f7c03f5d665475f20,DS1__relax_Rellx_FINAL_DL(145),28.4,710,25.0,0,DS1__relax_Rellx_FINAL_DL(145),0,710,28.4
DS1__relax_REVIEW_RLX(40),/Users/rafiabhista/Documents/code/apple/c1_audio/emomv_2/aria/media/minhdanh/5e31d1e3-0187-4837-8530-60bbac61578f1/home/minhdanh/Documents/EmoMV/Dataset1/DS1_TRAIN_MATCH/relax_REVIEW_RLX(40).mp4,relax,4,DS1,match,dadf709f72430a298225584ffe47ad36db0795a2229307cf46098d83b13e6aeb,DS1__relax_REVIEW_RLX(40),31.2396,749,23.976,0,DS1__relax_REVIEW_RLX(40),0,749,31.2396
DS1__relax_REVIEW_RLX_LLT(28),/Users/rafiabhista/Documents/code/apple/c1_audio/emomv_2/aria/media/minhdanh/5e31d1e3-0187-4837-8530-60bbac61578f1/home/minhdanh/Documents/EmoMV/Dataset1/DS1_TRAIN_MATCH/relax_REVIEW_RLX_LLT(28).mp4,relax,4,DS1,match,4b8eaecef6c5e3d8abab923d4a50e5a0da3b2b3fc2dfc9000fc78fe6cd75e70f,DS1__relax_REVIEW_RLX_LLT(28),29.9966,899,29.97,0,DS1__relax_REVIEW_RLX_LLT(28),0,899,29.9966
DS1__relax_Rellx_FINAL_DL(90),/Users/rafiabhista/Documents/code/apple/c1_audio/emomv_2/aria/media/minhdanh/5e31d1e3-0187-4837-8530-60bbac61578f1/home/minhdanh/Documents/EmoMV/Dataset1/DS1_TRAIN_MATCH/relax_Rellx_FINAL_DL(90).mp4,relax,4,DS1,match,d6578da59f7a2426d782f905e993ac16345bdd1841e3cce9cdbd7a1050042120,DS1__relax_Rellx_FINAL_DL(90),29.64,741,25.0,0,DS1__relax_Rellx_FINAL_DL(90),0,741,29.64
DS1__relax_ORG_RLX(187),/Users/rafiabhista/Documents/code/apple/c1_audio/emomv_2/aria/media/minhdanh/5e31d1e3-0187-4837-8530-60bbac61578f1/home/minhdanh/Documents/EmoMV/Dataset1/DS1_TRAIN_MATCH/relax_ORG_RLX(187).mp4,relax,4,DS1,match,76b6c4516e49a2456c62265d6cafe8788a6c8f5d43b66d1030c20a3c014a4ae0,DS1__relax_ORG_RLX(187),29.8215,715,23.976,0,DS1__relax_ORG_RLX(187),0,715,29.8215
DS1__relax_Rellx_FINAL_DL(129),/Users/rafiabhista/Documents/code/apple/c1_audio/emomv_2/aria/media/minhdanh/5e31d1e3-0187-4837-8530-60bbac61578f1/home/minhdanh/Documents/EmoMV/Dataset1/DS1_TRAIN_MATCH/relax_Rellx_FINAL_DL(129).mp4,relax,4,DS1,match,c341ffb28404b81a3f0af1734740861a6034de79bd595bc8af4869224a8547c2,DS1__relax_Rellx_FINAL_DL(129),29.28,732,25.0,0,DS1__relax_Rellx_FINAL_DL(129),0,732,29.28
DS1__relax_ORG_RLX(100),/Users/rafiabhista/Documents/code/apple/c1_audio/emomv_2/aria/media/minhdanh/5e31d1e3-0187-4837-8530-60bbac61578f1/home/minhdanh/Documents/EmoMV/Dataset1/DS1_TRAIN_MATCH/relax_ORG_RLX(100).mp4,relax,4,DS1,match,2d7449f9048e009817f3535e6891f9c8ccc26de2355a4d6396bbb23a2c8cbbb0,DS1__relax_ORG_RLX(100),31.16,779,25.0,0,DS1__relax_ORG_RLX(100),0,779,31.16
DS1__relax_8,/Users/rafiabhista/Documents/code/apple/c1_audio/emomv_2/aria/media/minhdanh/5e31d1e3-0187-4837-8530-60bbac61578f1/home/minhdanh/Documents/EmoMV/Dataset1/DS1_TRAIN_MATCH/relax_8.mp4,relax,4,DS1,match,87111f720e4553d4314b0e87b9bb0c112341ebb5a6b50e17a976f4200c6371f2,DS1__relax_8,30.0,900,30.0,0,DS1__relax_8,0,900,30.0
DS1__relax_ORG_RLX(198),/Users/rafiabhista/Documents/code/apple/c1_audio/emomv_2/aria/media/minhdanh/5e31d1e3-0187-4837-8530-60bbac61578f1/home/minhdanh/Documents/EmoMV/Dataset1/DS1_TRAIN_MATCH/relax_ORG_RLX(198).mp4,relax,4,DS1,match,804617c9760cb17655a04f1c689e1860d48547b5af50d14fa03f73b9764934f3,DS1__relax_ORG_RLX(198),30.08,752,25.0,0,DS1__relax_ORG_RLX(198),0,752,30.08
DS1__relax_ORG_RLX(214),/Users/rafiabhista/Documents/code/apple/c1_audio/emomv_2/aria/media/minhdanh/5e31d1e3-0187-4837-8530-60bbac61578f1/home/minhdanh/Documents/EmoMV/Dataset1/DS1_TRAIN_MATCH/relax_ORG_RLX(214).mp4,relax,4,DS1,match,30a8f4f3d3d645749d591915e6b615d8da467d4a18d4e442bd1a01f38c5b07d2,DS1__relax_ORG_RLX(214),31.04,776,25.0,0,DS1__relax_ORG_RLX(214),0,776,31.04
DS1__relax_LLT_COLLT_RLX(44),/Users/rafiabhista/Documents/code/apple/c1_audio/emomv_2/aria/media/minhdanh/5e31d1e3-0187-4837-8530-60bbac61578f1/home/minhdanh/Documents/EmoMV/Dataset1/DS1_TRAIN_MATCH/relax_LLT_COLLT_RLX(44).mp4,relax,4,DS1,match,e33437abdc114b992fea4269cffe7119709f0b63869a50222dbcfa734947e4c6,DS1__relax_LLT_COLLT_RLX(44),25.4,635,25.0,0,DS1__relax_LLT_COLLT_RLX(44),0,635,25.4
DS1__relax_TEST_RELX(35)-21-of-80,/Users/rafiabhista/Documents/code/apple/c1_audio/emomv_2/aria/media/minhdanh/5e31d1e3-0187-4837-8530-60bbac61578f1/home/minhdanh/Documents/EmoMV/Dataset1/DS1_TRAIN_MATCH/relax_TEST_RELX(35)-21-of-80.mp4,relax,4,DS1,match,8b832fadcd7478ee6e57c83256bbdaef6d2aa9ee881046c159d6c9cfa7602574,DS1__relax_TEST_RELX(35),29.0289,870,29.9701,0,DS1__relax_TEST_RELX(35)-21-of-80,0,870,29.0289
DS1__relax_REVIEW_RLX(63),/Users/rafiabhista/Documents/code/apple/c1_audio/emomv_2/aria/media/minhdanh/5e31d1e3-0187-4837-8530-60bbac61578f1/home/minhdanh/Documents/EmoMV/Dataset1/DS1_TRAIN_MATCH/relax_REVIEW_RLX(63).mp4,relax,4,DS1,match,02296620e85f2a8e1f9c961267d2df676dcdb6788ab778291e854139d2498375,DS1__relax_REVIEW_RLX(63),30.8,770,25.0,0,DS1__relax_REVIEW_RLX(63),0,770,30.8
DS1__relax_Relx_FINAL_DL(99),/Users/rafiabhista/Documents/code/apple/c1_audio/emomv_2/aria/media/minhdanh/5e31d1e3-0187-4837-8530-60bbac61578f1/home/minhdanh/Documents/EmoMV/Dataset1/DS1_TRAIN_MATCH/relax_Relx_FINAL_DL(99).mp4,relax,4,DS1,match,acd66392c427a152feb67e67c574a1e6dd5205a78e4ac1f59f6b3e9f65c4ce8a,DS1__relax_Relx_FINAL_DL(99),28.4618,853,29.97,0,DS1__relax_Relx_FINAL_DL(99),0,853,28.4618
DS1__relax_ORG_RLX(105),/Users/rafiabhista/Documents/code/apple/c1_audio/emomv_2/aria/media/minhdanh/5e31d1e3-0187-4837-8530-60bbac61578f1/home/minhdanh/Documents/EmoMV/Dataset1/DS1_TRAIN_MATCH/relax_ORG_RLX(105).mp4,relax,4,DS1,match,968439170ac980b3649d9e400e2a871dba5c91101a7834d06199aab2b2b6a039,DS1__relax_ORG_RLX(105),28.8956,866,29.97,0,DS1__relax_ORG_RLX(105),0,866,28.8956
DS1__relax_ORG_RLX(206),/Users/rafiabhista/Documents/code/apple/c1_audio/emomv_2/aria/media/minhdanh/5e31d1e3-0187-4837-8530-60bbac61578f1/home/minhdanh/Documents/EmoMV/Dataset1/DS1_TRAIN_MATCH/relax_ORG_RLX(206).mp4,relax,4,DS1,match,865ac66e4e6ab7c9624557464ea802d171d0f369174af779e56ff4a9e5ea1da3,DS1__relax_ORG_RLX(206),30.8642,925,29.97,0,DS1__relax_ORG_RLX(206),0,925,30.8642
DS1__relax_Relx_FINAL_DL(79),/Users/rafiabhista/Documents/code/apple/c1_audio/emomv_2/aria/media/minhdanh/5e31d1e3-0187-4837-8530-60bbac61578f1/home/minhdanh/Documents/EmoMV/Dataset1/DS1_TRAIN_MATCH/relax_Relx_FINAL_DL(79).mp4,relax,4,DS1,match,075e649aafe00d30253530dd967e3cabd311cea1f59f29c131280b382e2a0c4d,DS1__relax_Relx_FINAL_DL(79),29.52,738,25.0,0,DS1__relax_Relx_FINAL_DL(79),0,738,29.52
DS1__relax_FINAL_DL_Relx(125),/Users/rafiabhista/Documents/code/apple/c1_audio/emomv_2/aria/media/minhdanh/5e31d1e3-0187-4837-8530-60bbac61578f1/home/minhdanh/Documents/EmoMV/Dataset1/DS1_TRAIN_MATCH/relax_FINAL_DL_Relx(125).mp4,relax,4,DS1,match,a1ebdbe841d8f4fa88bd44f8273ec1abe85138ba179d99fcfdc172deb52e3e56,DS1__relax_FINAL_DL_Relx(125),29.16,729,25.0,0,DS1__relax_FINAL_DL_Relx(125),0,729,29.16
DS1__relax_Relx_FINAL_DL(46),/Users/rafiabhista/Documents/code/apple/c1_audio/emomv_2/aria/media/minhdanh/5e31d1e3-0187-4837-8530-60bbac61578f1/home/minhdanh/Documents/EmoMV/Dataset1/DS1_TRAIN_MATCH/relax_Relx_FINAL_DL(46).mp4,relax,4,DS1,match,1025263ef8ca4563e2e39abdd76f973c46445579e0b90f6b86be3567324521ad,DS1__relax_Relx_FINAL_DL(46),29.029,870,29.97,0,DS1__relax_Relx_FINAL_DL(46),0,870,29.029
DS1__relax_RELX_MEA(31)-2-of-9,/Users/rafiabhista/Documents/code/apple/c1_audio/emomv_2/aria/media/minhdanh/5e31d1e3-0187-4837-8530-60bbac61578f1/home/minhdanh/Documents/EmoMV/Dataset1/DS1_TRAIN_MATCH/relax_RELX_MEA(31)-2-of-9.mp4,relax,4,DS1,match,d4f9f300dfd6080cd7f8553c9e14f1235723b32323eeb3ac725284a90523dcc7,DS1__relax_RELX_MEA(31),29.9966,899,29.97,0,DS1__relax_RELX_MEA(31)-2-of-9,0,899,29.9966
DS1__relax_ORG_RLX(190),/Users/rafiabhista/Documents/code/apple/c1_audio/emomv_2/aria/media/minhdanh/5e31d1e3-0187-4837-8530-60bbac61578f1/home/minhdanh/Documents/EmoMV/Dataset1/DS1_TRAIN_MATCH/relax_ORG_RLX(190).mp4,relax,4,DS1,match,5d5b9c69d7809525e3e34059bb33592c7d39f0510164faf1b00f8c6981279142,DS1__relax_ORG_RLX(190),31.3,939,30.0,0,DS1__relax_ORG_RLX(190),0,939,31.3
DS1__relax_REVIEW_RLX(34)__win0,/Users/rafiabhista/Documents/code/apple/c1_audio/emomv_2/aria/media/minhdanh/5e31d1e3-0187-4837-8530-60bbac61578f1/home/minhdanh/Documents/EmoMV/Dataset1/DS1_TRAIN_MATCH/relax_REVIEW_RLX(34).mp4,relax,4,DS1,match,4815f063d1244666f5a6598a440181eefbc3c2d2ba58234faf54f56203d753f8,DS1__relax_REVIEW_RLX(34),59.9933,1798,29.97,0,DS1__relax_REVIEW_RLX(34),0,899,29.9966
DS1__relax_REVIEW_RLX(34)__win1,/Users/rafiabhista/Documents/code/apple/c1_audio/emomv_2/aria/media/minhdanh/5e31d1e3-0187-4837-8530-60bbac61578f1/home/minhdanh/Documents/EmoMV/Dataset1/DS1_TRAIN_MATCH/relax_REVIEW_RLX(34).mp4,relax,4,DS1,match,4815f063d1244666f5a6598a440181eefbc3c2d2ba58234faf54f56203d753f8,DS1__relax_REVIEW_RLX(34),59.9933,1798,29.97,1,DS1__relax_REVIEW_RLX(34),899,1798,29.9966
DS1__relax_Rellx_FINAL_DL(7),/Users/rafiabhista/Documents/code/apple/c1_audio/emomv_2/aria/media/minhdanh/5e31d1e3-0187-4837-8530-60bbac61578f1/home/minhdanh/Documents/EmoMV/Dataset1/DS1_TRAIN_MATCH/relax_Rellx_FINAL_DL(7).mp4,relax,4,DS1,match,4834d0294ca8d3d734d9f4c1ec27478644695d492da1405d32bd6a7a9b98477d,DS1__relax_Rellx_FINAL_DL(7),26.5932,797,29.97,0,DS1__relax_Rellx_FINAL_DL(7),0,797,26.5932
DS1__relax_Rellx_FINAL_DL(41),/Users/rafiabhista/Documents/code/apple/c1_audio/emomv_2/aria/media/minhdanh/5e31d1e3-0187-4837-8530-60bbac61578f1/home/minhdanh/Documents/EmoMV/Dataset1/DS1_TRAIN_MATCH/relax_Rellx_FINAL_DL(41).mp4,relax,4,DS1,match,e15f275a194eab9af7b32fb5e1e6bc372cbaf8ef6ad33ecf4fe6a3a259b75e74,DS1__relax_Rellx_FINAL_DL(41),30.0,720,24.0,0,DS1__relax_Rellx_FINAL_DL(41),0,720,30.0
DS1__relax_ORG_RLX(250),/Users/rafiabhista/Documents/code/apple/c1_audio/emomv_2/aria/media/minhdanh/5e31d1e3-0187-4837-8530-60bbac61578f1/home/minhdanh/Documents/EmoMV/Dataset1/DS1_TRAIN_MATCH/relax_ORG_RLX(250).mp4,relax,4,DS1,match,10111e6da052254d66fb346589615be7282657e8a63831d3392cbe2b8d02df79,DS1__relax_ORG_RLX(250),28.6667,688,24.0,0,DS1__relax_ORG_RLX(250),0,688,28.6667
DS1__relax_TEST_RELX(17)-8-of-16,/Users/rafiabhista/Documents/code/apple/c1_audio/emomv_2/aria/media/minhdanh/5e31d1e3-0187-4837-8530-60bbac61578f1/home/minhdanh/Documents/EmoMV/Dataset1/DS1_TRAIN_MATCH/relax_TEST_RELX(17)-8-of-16.mp4,relax,4,DS1,match,73df6a75e22fa7e54d0884c452729168a46c485f92d7a8ab4bfce4cfa326dd9a,DS1__relax_TEST_RELX(17),27.68,692,25.0,0,DS1__relax_TEST_RELX(17)-8-of-16,0,692,27.68
DS1__relax_FINAL_Relx_DL_Relx(78),/Users/rafiabhista/Documents/code/apple/c1_audio/emomv_2/aria/media/minhdanh/5e31d1e3-0187-4837-8530-60bbac61578f1/home/minhdanh/Documents/EmoMV/Dataset1/DS1_TRAIN_MATCH/relax_FINAL_Relx_DL_Relx(78).mp4,relax,4,DS1,match,80399e12fb0cb723f78235251e6cfe8c539f452d2166c0d4a5e8d179dc14cebe,DS1__relax_FINAL_Relx_DL_Relx(78),29.6,740,25.0,0,DS1__relax_FINAL_Relx_DL_Relx(78),0,740,29.6
DS1__relax_TEST_MV(55)-2-of-8,/Users/rafiabhista/Documents/code/apple/c1_audio/emomv_2/aria/media/minhdanh/5e31d1e3-0187-4837-8530-60bbac61578f1/home/minhdanh/Documents/EmoMV/Dataset1/DS1_TRAIN_MATCH/relax_TEST_MV(55)-2-of-8.mp4,relax,4,DS1,match,919f4bb46cdd3f8411666ce51885caaeee2ec517cfb8532197342f88aa7fb729,DS1__relax_TEST_MV(55),28.1615,844,29.97,0,DS1__relax_TEST_MV(55)-2-of-8,0,844,28.1615
DS1__relax_TEST_MV(41)-1-of-5,/Users/rafiabhista/Documents/code/apple/c1_audio/emomv_2/aria/media/minhdanh/5e31d1e3-0187-4837-8530-60bbac61578f1/home/minhdanh/Documents/EmoMV/Dataset1/DS1_TRAIN_MATCH/relax_TEST_MV(41)-1-of-5.mp4,relax,4,DS1,match,12f9ba4a327abf205e22150fd35c7b428cb09ec1f5968ed813e0d1798f31ba1e,DS1__relax_TEST_MV(41),24.733,593,23.976,0,DS1__relax_TEST_MV(41)-1-of-5,0,593,24.733
DS1__relax_ORG_EXT(357),/Users/rafiabhista/Documents/code/apple/c1_audio/emomv_2/aria/media/minhdanh/5e31d1e3-0187-4837-8530-60bbac61578f1/home/minhdanh/Documents/EmoMV/Dataset1/DS1_TRAIN_MATCH/relax_ORG_EXT(357).mp4,relax,4,DS1,match,a9c47d665c9effc5a0326d05eec4500bdc0260e81d95643f42035de3f4a90ba5,DS1__relax_ORG_EXT(357),30.12,753,25.0,0,DS1__relax_ORG_EXT(357),0,753,30.12
DS1__relax_DEAP_DB_REL(61),/Users/rafiabhista/Documents/code/apple/c1_audio/emomv_2/aria/media/minhdanh/5e31d1e3-0187-4837-8530-60bbac61578f1/home/minhdanh/Documents/EmoMV/Dataset1/DS1_TRAIN_MATCH/relax_DEAP_DB_REL(61).mp4,relax,4,DS1,match,5fec9687fb3b1334281c65239d241468ea14e2215f6ee63e749e042787230afd,DS1__relax_DEAP_DB_REL(61),28.16,704,25.0,0,DS1__relax_DEAP_DB_REL(61),0,704,28.16
DS1__relax_TEST_MV(46)-48-of-127,/Users/rafiabhista/Documents/code/apple/c1_audio/emomv_2/aria/media/minhdanh/5e31d1e3-0187-4837-8530-60bbac61578f1/home/minhdanh/Documents/EmoMV/Dataset1/DS1_TRAIN_MATCH/relax_TEST_MV(46)-48-of-127.mp4,relax,4,DS1,match,e2587db01e95fb8dd1e5e6c674da163a5db4354e9075481e355e1bea6c693847,DS1__relax_TEST_MV(46),28.48,712,25.0,0,DS1__relax_TEST_MV(46)-48-of-127,0,712,28.48
DS1__relax_ORG_RLX(156),/Users/rafiabhista/Documents/code/apple/c1_audio/emomv_2/aria/media/minhdanh/5e31d1e3-0187-4837-8530-60bbac61578f1/home/minhdanh/Documents/EmoMV/Dataset1/DS1_TRAIN_MATCH/relax_ORG_RLX(156).mp4,relax,4,DS1,match,60f7c1db2b98d666cf24ac254f997685524a76017863047f6960aa6434fe1869,DS1__relax_ORG_RLX(156),28.7955,863,29.97,0,DS1__relax_ORG_RLX(156),0,863,28.7955
DS1__relax_Rellx_FINAL_DL(29),/Users/rafiabhista/Documents/code/apple/c1_audio/emomv_2/aria/media/minhdanh/5e31d1e3-0187-4837-8530-60bbac61578f1/home/minhdanh/Documents/EmoMV/Dataset1/DS1_TRAIN_MATCH/relax_Rellx_FINAL_DL(29).mp4,relax,4,DS1,match,8b71bec0d7165a308576e682ecc59cecf1b1d13438cc8e74bbfd58a129c3b79a,DS1__relax_Rellx_FINAL_DL(29),28.8,720,25.0,0,DS1__relax_Rellx_FINAL_DL(29),0,720,28.8
DS1__relax_REVIEW_RLX(7),/Users/rafiabhista/Documents/code/apple/c1_audio/emomv_2/aria/media/minhdanh/5e31d1e3-0187-4837-8530-60bbac61578f1/home/minhdanh/Documents/EmoMV/Dataset1/DS1_TRAIN_MATCH/relax_REVIEW_RLX(7).mp4,relax,4,DS1,match,95c9f7416ddbddb37325886a04de587d8e0ca9ae644bc0d0f20aced738800d6c,DS1__relax_REVIEW_RLX(7),30.8642,925,29.97,0,DS1__relax_REVIEW_RLX(7),0,925,30.8642
DS1__relax_ORG_RLX(224),/Users/rafiabhista/Documents/code/apple/c1_audio/emomv_2/aria/media/minhdanh/5e31d1e3-0187-4837-8530-60bbac61578f1/home/minhdanh/Documents/EmoMV/Dataset1/DS1_TRAIN_MATCH/relax_ORG_RLX(224).mp4,relax,4,DS1,match,c25f0803b1e4f15305246c93e208a18ba27e75b74fc84ed44cf5652864a66080,DS1__relax_ORG_RLX(224),30.1969,905,29.97,0,DS1__relax_ORG_RLX(224),0,905,30.1969
DS1__relax_FINAL_Relx_DL_Relx(58),/Users/rafiabhista/Documents/code/apple/c1_audio/emomv_2/aria/media/minhdanh/5e31d1e3-0187-4837-8530-60bbac61578f1/home/minhdanh/Documents/EmoMV/Dataset1/DS1_TRAIN_MATCH/relax_FINAL_Relx_DL_Relx(58).mp4,relax,4,DS1,match,10b782d897b8179154c585adf26c5a8dda79a464d219f777d4bcc31298bfa1bd,DS1__relax_FINAL_Relx_DL_Relx(58),27.8,695,25.0,0,DS1__relax_FINAL_Relx_DL_Relx(58),0,695,27.8
DS1__relax_ORG_RLX(124),/Users/rafiabhista/Documents/code/apple/c1_audio/emomv_2/aria/media/minhdanh/5e31d1e3-0187-4837-8530-60bbac61578f1/home/minhdanh/Documents/EmoMV/Dataset1/DS1_TRAIN_MATCH/relax_ORG_RLX(124).mp4,relax,4,DS1,match,cdc5a373d8789f4bd9a62b9e43e87303461c28dbb8d4fdc9808a5b82782ee560,DS1__relax_ORG_RLX(124),29.3627,880,29.97,0,DS1__relax_ORG_RLX(124),0,880,29.3627
DS1__relax_LLT_COLLT_RLX(38),/Users/rafiabhista/Documents/code/apple/c1_audio/emomv_2/aria/media/minhdanh/5e31d1e3-0187-4837-8530-60bbac61578f1/home/minhdanh/Documents/EmoMV/Dataset1/DS1_TRAIN_MATCH/relax_LLT_COLLT_RLX(38).mp4,relax,4,DS1,match,6d80b01d37f87ad796bb50366b3e5f2d01e2f3989fae2eb739e57f3e186b8823,DS1__relax_LLT_COLLT_RLX(38),28.76,719,25.0,0,DS1__relax_LLT_COLLT_RLX(38),0,719,28.76
DS1__relax_Relx_FINAL_DL(124),/Users/rafiabhista/Documents/code/apple/c1_audio/emomv_2/aria/media/minhdanh/5e31d1e3-0187-4837-8530-60bbac61578f1/home/minhdanh/Documents/EmoMV/Dataset1/DS1_TRAIN_MATCH/relax_Relx_FINAL_DL(124).mp4,relax,4,DS1,match,283f321e1a25c86051184193d47e3d83aaa499a1e3a6017cf2ed58ce078029e9,DS1__relax_Relx_FINAL_DL(124),28.5417,685,24.0,0,DS1__relax_Relx_FINAL_DL(124),0,685,28.5417
DS1__relax_Rellx_FINAL_DL(49),/Users/rafiabhista/Documents/code/apple/c1_audio/emomv_2/aria/media/minhdanh/5e31d1e3-0187-4837-8530-60bbac61578f1/home/minhdanh/Documents/EmoMV/Dataset1/DS1_TRAIN_MATCH/relax_Rellx_FINAL_DL(49).mp4,relax,4,DS1,match,daf8a4a23fb4f7d91310523e557c5108372f113a57f045d169be84786f51f410,DS1__relax_Rellx_FINAL_DL(49),29.92,748,25.0,0,DS1__relax_Rellx_FINAL_DL(49),0,748,29.92
DS1__relax_Rellx_FINAL_DL(128),/Users/rafiabhista/Documents/code/apple/c1_audio/emomv_2/aria/media/minhdanh/5e31d1e3-0187-4837-8530-60bbac61578f1/home/minhdanh/Documents/EmoMV/Dataset1/DS1_TRAIN_MATCH/relax_Rellx_FINAL_DL(128).mp4,relax,4,DS1,match,782c3462919e7968ef6a9ce52d6ee67d1fb28b5e0c0ca29d32ff7135f0019c10,DS1__relax_Rellx_FINAL_DL(128),28.3333,850,30.0,0,DS1__relax_Rellx_FINAL_DL(128),0,850,28.3333
DS1__relax_ORG_RLX(168),/Users/rafiabhista/Documents/code/apple/c1_audio/emomv_2/aria/media/minhdanh/5e31d1e3-0187-4837-8530-60bbac61578f1/home/minhdanh/Documents/EmoMV/Dataset1/DS1_TRAIN_MATCH/relax_ORG_RLX(168).mp4,relax,4,DS1,match,122962f8ec46842d69b9310175cd0f0aa8c74760f1e767cf44c8ed76f70f0dca,DS1__relax_ORG_RLX(168),30.48,762,25.0,0,DS1__relax_ORG_RLX(168),0,762,30.48
DS1__relax_ORG_RLX(220),/Users/rafiabhista/Documents/code/apple/c1_audio/emomv_2/aria/media/minhdanh/5e31d1e3-0187-4837-8530-60bbac61578f1/home/minhdanh/Documents/EmoMV/Dataset1/DS1_TRAIN_MATCH/relax_ORG_RLX(220).mp4,relax,4,DS1,match,d8ae66f902cc01822e6a794e8f782a38fc023d91b4915261362795b561f7ecee,DS1__relax_ORG_RLX(220),29.24,731,25.0,0,DS1__relax_ORG_RLX(220),0,731,29.24
DS1__relax_TEST_TENS(7)-5-of-8,/Users/rafiabhista/Documents/code/apple/c1_audio/emomv_2/aria/media/minhdanh/5e31d1e3-0187-4837-8530-60bbac61578f1/home/minhdanh/Documents/EmoMV/Dataset1/DS1_TRAIN_MATCH/relax_TEST_TENS(7)-5-of-8.mp4,relax,4,DS1,match,229658a7b9e425d817815c3fa849a4a05c4aa8ca6ff4ac93e282525e9f9bc88b,DS1__relax_TEST_TENS(7),28.7621,862,29.97,0,DS1__relax_TEST_TENS(7)-5-of-8,0,862,28.7621
DS1__relax_Relx_FINAL_DL(22),/Users/rafiabhista/Documents/code/apple/c1_audio/emomv_2/aria/media/minhdanh/5e31d1e3-0187-4837-8530-60bbac61578f1/home/minhdanh/Documents/EmoMV/Dataset1/DS1_TRAIN_MATCH/relax_Relx_FINAL_DL(22).mp4,relax,4,DS1,match,d85a5a97d1c445e2cb8b076cb315cdf555251e330be8d30abaa30b76122c3767,DS1__relax_Relx_FINAL_DL(22),29.6,740,25.0,0,DS1__relax_Relx_FINAL_DL(22),0,740,29.6
DS1__relax_Rellx_FINAL_DL(6),/Users/rafiabhista/Documents/code/apple/c1_audio/emomv_2/aria/media/minhdanh/5e31d1e3-0187-4837-8530-60bbac61578f1/home/minhdanh/Documents/EmoMV/Dataset1/DS1_TRAIN_MATCH/relax_Rellx_FINAL_DL(6).mp4,relax,4,DS1,match,714197dd390760179172bff7fe945d6c704da4efda8a40b0ce1155968985765b,DS1__relax_Rellx_FINAL_DL(6),30.0,750,25.0,0,DS1__relax_Rellx_FINAL_DL(6),0,750,30.0
DS1__relax_ORG_RLX(200),/Users/rafiabhista/Documents/code/apple/c1_audio/emomv_2/aria/media/minhdanh/5e31d1e3-0187-4837-8530-60bbac61578f1/home/minhdanh/Documents/EmoMV/Dataset1/DS1_TRAIN_MATCH/relax_ORG_RLX(200).mp4,relax,4,DS1,match,17ca9bfe37d77164b787dd1392f40df92e1e5d44718513eae4582cd35915b9d4,DS1__relax_ORG_RLX(200),29.44,736,25.0,0,DS1__relax_ORG_RLX(200),0,736,29.44
DS1__relax_ORG_RLX(82),/Users/rafiabhista/Documents/code/apple/c1_audio/emomv_2/aria/media/minhdanh/5e31d1e3-0187-4837-8530-60bbac61578f1/home/minhdanh/Documents/EmoMV/Dataset1/DS1_TRAIN_MATCH/relax_ORG_RLX(82).mp4,relax,4,DS1,match,ba98d0cb7b025ba435080d6f64a1d757fb3b3c7c14ba04e6b22be58c260f06c3,DS1__relax_ORG_RLX(82),30.56,764,25.0,0,DS1__relax_ORG_RLX(82),0,764,30.56
DS1__relax_FINAL_Relx_DL_Relx(65),/Users/rafiabhista/Documents/code/apple/c1_audio/emomv_2/aria/media/minhdanh/5e31d1e3-0187-4837-8530-60bbac61578f1/home/minhdanh/Documents/EmoMV/Dataset1/DS1_TRAIN_MATCH/relax_FINAL_Relx_DL_Relx(65).mp4,relax,4,DS1,match,e10f53f93952623e39b68eb62eaabd577837150970b6fd0f115ea852a985d9a3,DS1__relax_FINAL_Relx_DL_Relx(65),28.08,702,25.0,0,DS1__relax_FINAL_Relx_DL_Relx(65),0,702,28.08
DS1__relax_ORG_RLX(246),/Users/rafiabhista/Documents/code/apple/c1_audio/emomv_2/aria/media/minhdanh/5e31d1e3-0187-4837-8530-60bbac61578f1/home/minhdanh/Documents/EmoMV/Dataset1/DS1_TRAIN_MATCH/relax_ORG_RLX(246).mp4,relax,4,DS1,match,f42107e4a9523fba0025e0d883d1638fb64a3f9b660b5db10eea41cda816c4c7,DS1__relax_ORG_RLX(246),29.56,739,25.0,0,DS1__relax_ORG_RLX(246),0,739,29.56
DS1__relax_TT(7),/Users/rafiabhista/Documents/code/apple/c1_audio/emomv_2/aria/media/minhdanh/5e31d1e3-0187-4837-8530-60bbac61578f1/home/minhdanh/Documents/EmoMV/Dataset1/DS1_TRAIN_MATCH/relax_TT(7).mp4,relax,4,DS1,match,53bca228b8d03a7e97ebe228a04b860c24771b12dc337ca8852fa4536b8ccc8c,DS1__relax_TT(7),29.76,744,25.0,0,DS1__relax_TT(7),0,744,29.76
DS1__relax_ORG_RLX(51),/Users/rafiabhista/Documents/code/apple/c1_audio/emomv_2/aria/media/minhdanh/5e31d1e3-0187-4837-8530-60bbac61578f1/home/minhdanh/Documents/EmoMV/Dataset1/DS1_TRAIN_MATCH/relax_ORG_RLX(51).mp4,relax,4,DS1,match,3dda1a62c1ecfbf97e74e3b6720b59fb0d415f805ea7777b668aac81a5e09a30,DS1__relax_ORG_RLX(51),30.08,752,25.0,0,DS1__relax_ORG_RLX(51),0,752,30.08
DS1__relax_Rellx_FINAL_DL(168),/Users/rafiabhista/Documents/code/apple/c1_audio/emomv_2/aria/media/minhdanh/5e31d1e3-0187-4837-8530-60bbac61578f1/home/minhdanh/Documents/EmoMV/Dataset1/DS1_TRAIN_MATCH/relax_Rellx_FINAL_DL(168).mp4,relax,4,DS1,match,386c6b0a1df1e517ba6ff2e920edac7f50fc7e4d10327471abba3d34e6b34a30,DS1__relax_Rellx_FINAL_DL(168),30.0,750,25.0,0,DS1__relax_Rellx_FINAL_DL(168),0,750,30.0
DS1__relax_TEST_MV(49)-7-of-9,/Users/rafiabhista/Documents/code/apple/c1_audio/emomv_2/aria/media/minhdanh/5e31d1e3-0187-4837-8530-60bbac61578f1/home/minhdanh/Documents/EmoMV/Dataset1/DS1_TRAIN_MATCH/relax_TEST_MV(49)-7-of-9.mp4,relax,4,DS1,match,ab21cdb4aae5e98c84292224345ce4022a35183fa24975eac3844a6616fc812b,DS1__relax_TEST_MV(49),29.8766,743,24.869,0,DS1__relax_TEST_MV(49)-7-of-9,0,743,29.8766
DS1__relax_Rellx_FINAL_DL(110),/Users/rafiabhista/Documents/code/apple/c1_audio/emomv_2/aria/media/minhdanh/5e31d1e3-0187-4837-8530-60bbac61578f1/home/minhdanh/Documents/EmoMV/Dataset1/DS1_TRAIN_MATCH/relax_Rellx_FINAL_DL(110).mp4,relax,4,DS1,match,2c73fe03ba1f36f25144b4187f3ccef0cf70eda5d70c6f5ac919084e88a2ec85,DS1__relax_Rellx_FINAL_DL(110),29.6,740,25.0,0,DS1__relax_Rellx_FINAL_DL(110),0,740,29.6
DS1__relax_TEST_MV(29)-114-of-124,/Users/rafiabhista/Documents/code/apple/c1_audio/emomv_2/aria/media/minhdanh/5e31d1e3-0187-4837-8530-60bbac61578f1/home/minhdanh/Documents/EmoMV/Dataset1/DS1_TRAIN_MATCH/relax_TEST_MV(29)-114-of-124.mp4,relax,4,DS1,match,62d974cdebe84226918a1a26127f23d1b31960dd35edb8eb2d22a044fd1dd8fd,DS1__relax_TEST_MV(29),25.7257,771,29.97,0,DS1__relax_TEST_MV(29)-114-of-124,0,771,25.7257
DS1__relax_Rellx_FINAL_DL(25),/Users/rafiabhista/Documents/code/apple/c1_audio/emomv_2/aria/media/minhdanh/5e31d1e3-0187-4837-8530-60bbac61578f1/home/minhdanh/Documents/EmoMV/Dataset1/DS1_TRAIN_MATCH/relax_Rellx_FINAL_DL(25).mp4,relax,4,DS1,match,93630b45b2b70cbfc8774e76d6c0c340937731fef5109a80e7ad0b0aa3d427d9,DS1__relax_Rellx_FINAL_DL(25),27.64,691,25.0,0,DS1__relax_Rellx_FINAL_DL(25),0,691,27.64
DS1__relax_LLT_COLLT_RLX(11),/Users/rafiabhista/Documents/code/apple/c1_audio/emomv_2/aria/media/minhdanh/5e31d1e3-0187-4837-8530-60bbac61578f1/home/minhdanh/Documents/EmoMV/Dataset1/DS1_TRAIN_MATCH/relax_LLT_COLLT_RLX(11).mp4,relax,4,DS1,match,6b634e37b6fdb08177977fe0cc4e87d9b42e9ac835f0a0052652f64d57b8f957,DS1__relax_LLT_COLLT_RLX(11),28.24,706,25.0,0,DS1__relax_LLT_COLLT_RLX(11),0,706,28.24
DS1__relax_TEST_MV(55)-7-of-8,/Users/rafiabhista/Documents/code/apple/c1_audio/emomv_2/aria/media/minhdanh/5e31d1e3-0187-4837-8530-60bbac61578f1/home/minhdanh/Documents/EmoMV/Dataset1/DS1_TRAIN_MATCH/relax_TEST_MV(55)-7-of-8.mp4,relax,4,DS1,match,a884e472bdc58a176d63fa0187690a89314613dfa5cb5c8a746f2ea516a615e4,DS1__relax_TEST_MV(55),29.3293,879,29.97,0,DS1__relax_TEST_MV(55)-7-of-8,0,879,29.3293
DS1__relax_FINAL_Relx_DL_Relx(64),/Users/rafiabhista/Documents/code/apple/c1_audio/emomv_2/aria/media/minhdanh/5e31d1e3-0187-4837-8530-60bbac61578f1/home/minhdanh/Documents/EmoMV/Dataset1/DS1_TRAIN_MATCH/relax_FINAL_Relx_DL_Relx(64).mp4,relax,4,DS1,match,aeb47ab8b3f3140464d74edfba33f6b1644b22a4b9c71effb60859898b01f806,DS1__relax_FINAL_Relx_DL_Relx(64),28.8,720,25.0,0,DS1__relax_FINAL_Relx_DL_Relx(64),0,720,28.8
DS1__relax_Relx_FINAL_DL(48),/Users/rafiabhista/Documents/code/apple/c1_audio/emomv_2/aria/media/minhdanh/5e31d1e3-0187-4837-8530-60bbac61578f1/home/minhdanh/Documents/EmoMV/Dataset1/DS1_TRAIN_MATCH/relax_Relx_FINAL_DL(48).mp4,relax,4,DS1,match,87aa0dfb49668661efcfc55224d347fbfd7fd33a3544b6531a7f5c42789f3ea4,DS1__relax_Relx_FINAL_DL(48),28.08,702,25.0,0,DS1__relax_Relx_FINAL_DL(48),0,702,28.08
DS1__relax_ORG_RLX(218),/Users/rafiabhista/Documents/code/apple/c1_audio/emomv_2/aria/media/minhdanh/5e31d1e3-0187-4837-8530-60bbac61578f1/home/minhdanh/Documents/EmoMV/Dataset1/DS1_TRAIN_MATCH/relax_ORG_RLX(218).mp4,relax,4,DS1,match,31e99e25d0c78e39ab40a6823ab528320dd75047941421ed01fb7bcb43aa157b,DS1__relax_ORG_RLX(218),29.92,748,25.0,0,DS1__relax_ORG_RLX(218),0,748,29.92
DS1__relax_RELX_MEA(16)-5-of-9,/Users/rafiabhista/Documents/code/apple/c1_audio/emomv_2/aria/media/minhdanh/5e31d1e3-0187-4837-8530-60bbac61578f1/home/minhdanh/Documents/EmoMV/Dataset1/DS1_TRAIN_MATCH/relax_RELX_MEA(16)-5-of-9.mp4,relax,4,DS1,match,8fbe44d75e6d581f75b0dd3e05176dca4b5dd0ab55bb2a2e912ae7a9b8d2befa,DS1__relax_RELX_MEA(16),29.8965,896,29.97,0,DS1__relax_RELX_MEA(16)-5-of-9,0,896,29.8965
DS1__relax_FINAL_Relx_DL_Relx(10),/Users/rafiabhista/Documents/code/apple/c1_audio/emomv_2/aria/media/minhdanh/5e31d1e3-0187-4837-8530-60bbac61578f1/home/minhdanh/Documents/EmoMV/Dataset1/DS1_TRAIN_MATCH/relax_FINAL_Relx_DL_Relx(10).mp4,relax,4,DS1,match,524781d022b6503a2c3dbd7ef0f6d16a9829a22b643c2d995c50ce4260cbe002,DS1__relax_FINAL_Relx_DL_Relx(10),29.0226,805,27.737,0,DS1__relax_FINAL_Relx_DL_Relx(10),0,805,29.0226
DS1__relax_TEST_MV(29)-49-of-124,/Users/rafiabhista/Documents/code/apple/c1_audio/emomv_2/aria/media/minhdanh/5e31d1e3-0187-4837-8530-60bbac61578f1/home/minhdanh/Documents/EmoMV/Dataset1/DS1_TRAIN_MATCH/relax_TEST_MV(29)-49-of-124.mp4,relax,4,DS1,match,0b80a0c78a829498270b2ebcc741a9c78c32a04807b6f0c4b8b4a0a6b841c2df,DS1__relax_TEST_MV(29),28.0614,841,29.97,0,DS1__relax_TEST_MV(29)-49-of-124,0,841,28.0614
DS1__relax_LLT_COLLT_RLX(24),/Users/rafiabhista/Documents/code/apple/c1_audio/emomv_2/aria/media/minhdanh/5e31d1e3-0187-4837-8530-60bbac61578f1/home/minhdanh/Documents/EmoMV/Dataset1/DS1_TRAIN_MATCH/relax_LLT_COLLT_RLX(24).mp4,relax,4,DS1,match,764a50e4cc8ca94c661e32539b5c20e1e043245540483f594071ad50873068a2,DS1__relax_LLT_COLLT_RLX(24),29.029,870,29.97,0,DS1__relax_LLT_COLLT_RLX(24),0,870,29.029
DS1__relax_Rellx_FINAL_DL(197),/Users/rafiabhista/Documents/code/apple/c1_audio/emomv_2/aria/media/minhdanh/5e31d1e3-0187-4837-8530-60bbac61578f1/home/minhdanh/Documents/EmoMV/Dataset1/DS1_TRAIN_MATCH/relax_Rellx_FINAL_DL(197).mp4,relax,4,DS1,match,4a874d58b016a2d3d56509879e9f892b3f205c4b0ec59bbfa189e547d4471e4a,DS1__relax_Rellx_FINAL_DL(197),30.0,750,25.0,0,DS1__relax_Rellx_FINAL_DL(197),0,750,30.0
DS1__relax_ORG_RLX(55),/Users/rafiabhista/Documents/code/apple/c1_audio/emomv_2/aria/media/minhdanh/5e31d1e3-0187-4837-8530-60bbac61578f1/home/minhdanh/Documents/EmoMV/Dataset1/DS1_TRAIN_MATCH/relax_ORG_RLX(55).mp4,relax,4,DS1,match,883f5ae70132f09641cc1a7b8112fe6fcd3e1c67fc0b2750066805c7345bdf19,DS1__relax_ORG_RLX(55),30.7102,764,24.8777,0,DS1__relax_ORG_RLX(55),0,764,30.7102
DS1__relax_TEST_RELX(27)-12-of-17,/Users/rafiabhista/Documents/code/apple/c1_audio/emomv_2/aria/media/minhdanh/5e31d1e3-0187-4837-8530-60bbac61578f1/home/minhdanh/Documents/EmoMV/Dataset1/DS1_TRAIN_MATCH/relax_TEST_RELX(27)-12-of-17.mp4,relax,4,DS1,match,984f017a1b12e5c63cf13d905c56b28bce7e650a3f66e534aab01eb1bd9c1be6,DS1__relax_TEST_RELX(27),29.2626,877,29.97,0,DS1__relax_TEST_RELX(27)-12-of-17,0,877,29.2626
DS1__relax_LLT_DL(16)-4-of-5,/Users/rafiabhista/Documents/code/apple/c1_audio/emomv_2/aria/media/minhdanh/5e31d1e3-0187-4837-8530-60bbac61578f1/home/minhdanh/Documents/EmoMV/Dataset1/DS1_TRAIN_MATCH/relax_LLT_DL(16)-4-of-5.mp4,relax,4,DS1,match,fd363fe90b6858bd3a82a1392b8d74eacb3dac5abd359074eddc37edbda74d11,DS1__relax_LLT_DL(16),25.48,637,25.0,0,DS1__relax_LLT_DL(16)-4-of-5,0,637,25.48
DS1__relax_ORG_RLX(272),/Users/rafiabhista/Documents/code/apple/c1_audio/emomv_2/aria/media/minhdanh/5e31d1e3-0187-4837-8530-60bbac61578f1/home/minhdanh/Documents/EmoMV/Dataset1/DS1_TRAIN_MATCH/relax_ORG_RLX(272).mp4,relax,4,DS1,match,78242b23831d8860889f82fd73912032509884c67c4d979a9b3211bd9e47c1bc,DS1__relax_ORG_RLX(272),30.1667,905,30.0,0,DS1__relax_ORG_RLX(272),0,905,30.1667
DS1__relax_Rellx_FINAL_DL(43),/Users/rafiabhista/Documents/code/apple/c1_audio/emomv_2/aria/media/minhdanh/5e31d1e3-0187-4837-8530-60bbac61578f1/home/minhdanh/Documents/EmoMV/Dataset1/DS1_TRAIN_MATCH/relax_Rellx_FINAL_DL(43).mp4,relax,4,DS1,match,b21f70172fd2a58a6775799ab0f35efeb611edc25c3e6d97c9071495b2bd7f24,DS1__relax_Rellx_FINAL_DL(43),28.84,721,25.0,0,DS1__relax_Rellx_FINAL_DL(43),0,721,28.84
DS1__relax_Rellx_FINAL_DL(85),/Users/rafiabhista/Documents/code/apple/c1_audio/emomv_2/aria/media/minhdanh/5e31d1e3-0187-4837-8530-60bbac61578f1/home/minhdanh/Documents/EmoMV/Dataset1/DS1_TRAIN_MATCH/relax_Rellx_FINAL_DL(85).mp4,relax,4,DS1,match,029a2e9af270f828cbf0c3bdada75c5373153882c5d648401e94c6bb1de13699,DS1__relax_Rellx_FINAL_DL(85),30.0,750,25.0,0,DS1__relax_Rellx_FINAL_DL(85),0,750,30.0
DS1__relax_ORG_RLX(232),/Users/rafiabhista/Documents/code/apple/c1_audio/emomv_2/aria/media/minhdanh/5e31d1e3-0187-4837-8530-60bbac61578f1/home/minhdanh/Documents/EmoMV/Dataset1/DS1_TRAIN_MATCH/relax_ORG_RLX(232).mp4,relax,4,DS1,match,c9e2aaa15e5dab288de07c5120e712c5a66b31f21d9e7e37aeed236433f4cee3,DS1__relax_ORG_RLX(232),29.8,894,30.0,0,DS1__relax_ORG_RLX(232),0,894,29.8
DS1__relax_Rellx_FINAL_DL(170),/Users/rafiabhista/Documents/code/apple/c1_audio/emomv_2/aria/media/minhdanh/5e31d1e3-0187-4837-8530-60bbac61578f1/home/minhdanh/Documents/EmoMV/Dataset1/DS1_TRAIN_MATCH/relax_Rellx_FINAL_DL(170).mp4,relax,4,DS1,match,f5622ecb879f655df50e1f7ca8414dc97cdc1a480dfb0dcc3bbd75b6c50f199c,DS1__relax_Rellx_FINAL_DL(170),28.56,714,25.0,0,DS1__relax_Rellx_FINAL_DL(170),0,714,28.56
DS1__relax_TEST_MV(79)-166-of-242,/Users/rafiabhista/Documents/code/apple/c1_audio/emomv_2/aria/media/minhdanh/5e31d1e3-0187-4837-8530-60bbac61578f1/home/minhdanh/Documents/EmoMV/Dataset1/DS1_TRAIN_MATCH/relax_TEST_MV(79)-166-of-242.mp4,relax,4,DS1,match,07f6b6894b03baaef7f1080cdc7c720ad5952715fe4d4f5141480456cc410e9f,DS1__relax_TEST_MV(79),29.76,744,25.0,0,DS1__relax_TEST_MV(79)-166-of-242,0,744,29.76
DS1__relax_REVIEW_RLX(29),/Users/rafiabhista/Documents/code/apple/c1_audio/emomv_2/aria/media/minhdanh/5e31d1e3-0187-4837-8530-60bbac61578f1/home/minhdanh/Documents/EmoMV/Dataset1/DS1_TRAIN_MATCH/relax_REVIEW_RLX(29).mp4,relax,4,DS1,match,22decd2ae408f3b2170454931d2df305f2fd610e5942a8dfb62035692c5c273e,DS1__relax_REVIEW_RLX(29),30.0,900,30.0,0,DS1__relax_REVIEW_RLX(29),0,900,30.0
DS1__relax_RELX_MEA(30)-2-of-9,/Users/rafiabhista/Documents/code/apple/c1_audio/emomv_2/aria/media/minhdanh/5e31d1e3-0187-4837-8530-60bbac61578f1/home/minhdanh/Documents/EmoMV/Dataset1/DS1_TRAIN_MATCH/relax_RELX_MEA(30)-2-of-9.mp4,relax,4,DS1,match,f869f491d5734a6bb20dd01c11728846760b5586685515f9cbbdd887f2f336bb,DS1__relax_RELX_MEA(30),30.0,750,25.0,0,DS1__relax_RELX_MEA(30)-2-of-9,0,750,30.0
DS1__relax_ORG_RLX(10),/Users/rafiabhista/Documents/code/apple/c1_audio/emomv_2/aria/media/minhdanh/5e31d1e3-0187-4837-8530-60bbac61578f1/home/minhdanh/Documents/EmoMV/Dataset1/DS1_TRAIN_MATCH/relax_ORG_RLX(10).mp4,relax,4,DS1,match,7cbb6c36364435531f1b80c9024c8d34227533901d88c24218d16bb46a8a4f82,DS1__relax_ORG_RLX(10),31.36,784,25.0,0,DS1__relax_ORG_RLX(10),0,784,31.36
DS1__relax_LLT_COLLT_RLX(17),/Users/rafiabhista/Documents/code/apple/c1_audio/emomv_2/aria/media/minhdanh/5e31d1e3-0187-4837-8530-60bbac61578f1/home/minhdanh/Documents/EmoMV/Dataset1/DS1_TRAIN_MATCH/relax_LLT_COLLT_RLX(17).mp4,relax,4,DS1,match,7e69be4b8ad6b6f80019dbf308c7699542910d63adc2163eaa61ac2d9e7a2afe,DS1__relax_LLT_COLLT_RLX(17),29.9966,899,29.97,0,DS1__relax_LLT_COLLT_RLX(17),0,899,29.9966
DS1__relax_ORG_RLX(45),/Users/rafiabhista/Documents/code/apple/c1_audio/emomv_2/aria/media/minhdanh/5e31d1e3-0187-4837-8530-60bbac61578f1/home/minhdanh/Documents/EmoMV/Dataset1/DS1_TRAIN_MATCH/relax_ORG_RLX(45).mp4,relax,4,DS1,match,2c1196a77fad12a02197418e831a7550a8d3e658320285a0cd6295a14a73b890,DS1__relax_ORG_RLX(45),30.52,763,25.0,0,DS1__relax_ORG_RLX(45),0,763,30.52
DS1__relax_Rellx_FINAL_DL(199),/Users/rafiabhista/Documents/code/apple/c1_audio/emomv_2/aria/media/minhdanh/5e31d1e3-0187-4837-8530-60bbac61578f1/home/minhdanh/Documents/EmoMV/Dataset1/DS1_TRAIN_MATCH/relax_Rellx_FINAL_DL(199).mp4,relax,4,DS1,match,9d4ccd7f53e1f7cda3483f9a6ee51b68b47dff2f73fa8aa7064d07a660251686,DS1__relax_Rellx_FINAL_DL(199),29.72,743,25.0,0,DS1__relax_Rellx_FINAL_DL(199),0,743,29.72
DS1__relax_ORG_RLX(137),/Users/rafiabhista/Documents/code/apple/c1_audio/emomv_2/aria/media/minhdanh/5e31d1e3-0187-4837-8530-60bbac61578f1/home/minhdanh/Documents/EmoMV/Dataset1/DS1_TRAIN_MATCH/relax_ORG_RLX(137).mp4,relax,4,DS1,match,ff7ceffc6cf0b987d6efba2abcc8b5ca43453c24b2bd00f9b0d61b92b663b1db,DS1__relax_ORG_RLX(137),29.5963,887,29.97,0,DS1__relax_ORG_RLX(137),0,887,29.5963
DS1__relax_FINAL_DL(131)-6-of-11,/Users/rafiabhista/Documents/code/apple/c1_audio/emomv_2/aria/media/minhdanh/5e31d1e3-0187-4837-8530-60bbac61578f1/home/minhdanh/Documents/EmoMV/Dataset1/DS1_TRAIN_MATCH/relax_FINAL_DL(131)-6-of-11.mp4,relax,4,DS1,match,2ed3bb836635e92218c24750f173f51409b48cfea3ff3d620bfc2424e0562f6e,DS1__relax_FINAL_DL(131),27.84,696,25.0,0,DS1__relax_FINAL_DL(131)-6-of-11,0,696,27.84
DS1__relax_TEST_MV(65)-5-of-118,/Users/rafiabhista/Documents/code/apple/c1_audio/emomv_2/aria/media/minhdanh/5e31d1e3-0187-4837-8530-60bbac61578f1/home/minhdanh/Documents/EmoMV/Dataset1/DS1_TRAIN_MATCH/relax_TEST_MV(65)-5-of-118.mp4,relax,4,DS1,match,24603b9fd56bd494673024c299b443422986041db2a486783f0255bb771ee814,DS1__relax_TEST_MV(65),29.8965,896,29.97,0,DS1__relax_TEST_MV(65)-5-of-118,0,896,29.8965
DS1__relax_Rellx_FINAL_DL(0),/Users/rafiabhista/Documents/code/apple/c1_audio/emomv_2/aria/media/minhdanh/5e31d1e3-0187-4837-8530-60bbac61578f1/home/minhdanh/Documents/EmoMV/Dataset1/DS1_TRAIN_MATCH/relax_Rellx_FINAL_DL(0).mp4,relax,4,DS1,match,12b441339c3deb48c4ea3bb014822bb4af182683f5373968cd8eef4b7b0b779e,DS1__relax_Rellx_FINAL_DL(0),29.68,742,25.0,0,DS1__relax_Rellx_FINAL_DL(0),0,742,29.68
DS1__relax_Rellx_FINAL_DL(81),/Users/rafiabhista/Documents/code/apple/c1_audio/emomv_2/aria/media/minhdanh/5e31d1e3-0187-4837-8530-60bbac61578f1/home/minhdanh/Documents/EmoMV/Dataset1/DS1_TRAIN_MATCH/relax_Rellx_FINAL_DL(81).mp4,relax,4,DS1,match,d528e818f86fb4a3ae975a82604f11d85eb1237aa7a5588639ae34ff852d25a3,DS1__relax_Rellx_FINAL_DL(81),29.0957,872,29.97,0,DS1__relax_Rellx_FINAL_DL(81),0,872,29.0957
DS1__relax_ORG_RLX(343),/Users/rafiabhista/Documents/code/apple/c1_audio/emomv_2/aria/media/minhdanh/5e31d1e3-0187-4837-8530-60bbac61578f1/home/minhdanh/Documents/EmoMV/Dataset1/DS1_TRAIN_MATCH/relax_ORG_RLX(343).mp4,relax,4,DS1,match,2f2d59a19c419441a30cbd9b1b380565e500a08e33d785d658a36ba483261664,DS1__relax_ORG_RLX(343),29.8,745,25.0,0,DS1__relax_ORG_RLX(343),0,745,29.8
DS1__relax_Rellx_FINAL_DL(103),/Users/rafiabhista/Documents/code/apple/c1_audio/emomv_2/aria/media/minhdanh/5e31d1e3-0187-4837-8530-60bbac61578f1/home/minhdanh/Documents/EmoMV/Dataset1/DS1_TRAIN_MATCH/relax_Rellx_FINAL_DL(103).mp4,relax,4,DS1,match,08628e195c2c8a6d6d67cba83e275bd66f1116d308c6a675b874280f91217391,DS1__relax_Rellx_FINAL_DL(103),28.4284,852,29.97,0,DS1__relax_Rellx_FINAL_DL(103),0,852,28.4284
DS1__relax_DEAP_DB_REL(54),/Users/rafiabhista/Documents/code/apple/c1_audio/emomv_2/aria/media/minhdanh/5e31d1e3-0187-4837-8530-60bbac61578f1/home/minhdanh/Documents/EmoMV/Dataset1/DS1_TRAIN_MATCH/relax_DEAP_DB_REL(54).mp4,relax,4,DS1,match,18efda344f597ab2c2cd19a2d0e4cc4905110d583e3968d7ae0b7918b1d20743,DS1__relax_DEAP_DB_REL(54),29.28,732,25.0,0,DS1__relax_DEAP_DB_REL(54),0,732,29.28
DS1__relax_114,/Users/rafiabhista/Documents/code/apple/c1_audio/emomv_2/aria/media/minhdanh/5e31d1e3-0187-4837-8530-60bbac61578f1/home/minhdanh/Documents/EmoMV/Dataset1/DS1_TRAIN_MATCH/relax_114.mp4,relax,4,DS1,match,f41d6f4b7a7825fba850b4efbf246b69a83f844879e3381336ceb70b380f0d76,DS1__relax_114,30.0215,698,23.25,0,DS1__relax_114,0,698,30.0215
DS1__relax_REVIEW_RLX(61),/Users/rafiabhista/Documents/code/apple/c1_audio/emomv_2/aria/media/minhdanh/5e31d1e3-0187-4837-8530-60bbac61578f1/home/minhdanh/Documents/EmoMV/Dataset1/DS1_TRAIN_MATCH/relax_REVIEW_RLX(61).mp4,relax,4,DS1,match,7d465f82740644aaaa5b7c15739a085a7430551efbca6c5ee201373cf4f6dacb,DS1__relax_REVIEW_RLX(61),30.8642,740,23.976,0,DS1__relax_REVIEW_RLX(61),0,740,30.8642
DS1__relax_LLT_COLLT_RLX(8),/Users/rafiabhista/Documents/code/apple/c1_audio/emomv_2/aria/media/minhdanh/5e31d1e3-0187-4837-8530-60bbac61578f1/home/minhdanh/Documents/EmoMV/Dataset1/DS1_TRAIN_MATCH/relax_LLT_COLLT_RLX(8).mp4,relax,4,DS1,match,83119217f8ad2dd9a67c07c6e06b47d1808985a1fd6e40f540cea861c67dbe5c,DS1__relax_LLT_COLLT_RLX(8),27.96,699,25.0,0,DS1__relax_LLT_COLLT_RLX(8),0,699,27.96
DS1__relax_ORG_RLX(223),/Users/rafiabhista/Documents/code/apple/c1_audio/emomv_2/aria/media/minhdanh/5e31d1e3-0187-4837-8530-60bbac61578f1/home/minhdanh/Documents/EmoMV/Dataset1/DS1_TRAIN_MATCH/relax_ORG_RLX(223).mp4,relax,4,DS1,match,7906847f22c132448455bd95d94d300b05bfecafbd7ffad543d464a7b7368880,DS1__relax_ORG_RLX(223),30.6667,920,30.0,0,DS1__relax_ORG_RLX(223),0,920,30.6667
DS1__relax_FINAL_Relx_DL_Relx(62),/Users/rafiabhista/Documents/code/apple/c1_audio/emomv_2/aria/media/minhdanh/5e31d1e3-0187-4837-8530-60bbac61578f1/home/minhdanh/Documents/EmoMV/Dataset1/DS1_TRAIN_MATCH/relax_FINAL_Relx_DL_Relx(62).mp4,relax,4,DS1,match,0d5377930edd03af8efebfe2e821c14a916d54c79860d76967a0d95d7fe080ba,DS1__relax_FINAL_Relx_DL_Relx(62),29.16,729,25.0,0,DS1__relax_FINAL_Relx_DL_Relx(62),0,729,29.16
DS1__relax_FINAL_Relx_DL_Relx(51),/Users/rafiabhista/Documents/code/apple/c1_audio/emomv_2/aria/media/minhdanh/5e31d1e3-0187-4837-8530-60bbac61578f1/home/minhdanh/Documents/EmoMV/Dataset1/DS1_TRAIN_MATCH/relax_FINAL_Relx_DL_Relx(51).mp4,relax,4,DS1,match,4ae8ec001a493318bd9affe5824c0355609f6877110efcf3319198fd78a6bca2,DS1__relax_FINAL_Relx_DL_Relx(51),28.96,724,25.0,0,DS1__relax_FINAL_Relx_DL_Relx(51),0,724,28.96
DS1__relax_TEST_MV(55)-5-of-8,/Users/rafiabhista/Documents/code/apple/c1_audio/emomv_2/aria/media/minhdanh/5e31d1e3-0187-4837-8530-60bbac61578f1/home/minhdanh/Documents/EmoMV/Dataset1/DS1_TRAIN_MATCH/relax_TEST_MV(55)-5-of-8.mp4,relax,4,DS1,match,93fdef9fa85c2740148e7e489040f51a71cb4b2107c1676da7bb6a5c99947611,DS1__relax_TEST_MV(55),28.1615,844,29.97,0,DS1__relax_TEST_MV(55)-5-of-8,0,844,28.1615
DS1__relax_Rellx_FINAL_DL(132),/Users/rafiabhista/Documents/code/apple/c1_audio/emomv_2/aria/media/minhdanh/5e31d1e3-0187-4837-8530-60bbac61578f1/home/minhdanh/Documents/EmoMV/Dataset1/DS1_TRAIN_MATCH/relax_Rellx_FINAL_DL(132).mp4,relax,4,DS1,match,c79f6560cf3f7a940cee6c45d9d3c8f26aaa7fa615781c3255e89ccae1362e6c,DS1__relax_Rellx_FINAL_DL(132),28.24,706,25.0,0,DS1__relax_Rellx_FINAL_DL(132),0,706,28.24
DS1__relax_FINAL_Relx_DL_Relx(74),/Users/rafiabhista/Documents/code/apple/c1_audio/emomv_2/aria/media/minhdanh/5e31d1e3-0187-4837-8530-60bbac61578f1/home/minhdanh/Documents/EmoMV/Dataset1/DS1_TRAIN_MATCH/relax_FINAL_Relx_DL_Relx(74).mp4,relax,4,DS1,match,f447decf9498c462bf9e670a414b655d209d1ad822cd0c567555e089346aa58d,DS1__relax_FINAL_Relx_DL_Relx(74),25.36,634,25.0,0,DS1__relax_FINAL_Relx_DL_Relx(74),0,634,25.36
DS1__relax_FINAL_Relx_DL_Relx(14),/Users/rafiabhista/Documents/code/apple/c1_audio/emomv_2/aria/media/minhdanh/5e31d1e3-0187-4837-8530-60bbac61578f1/home/minhdanh/Documents/EmoMV/Dataset1/DS1_TRAIN_MATCH/relax_FINAL_Relx_DL_Relx(14).mp4,relax,4,DS1,match,b2ae483444df9c2b4648ccb827faedee9d2dec3e5c2a2389b83df33e4952f8f9,DS1__relax_FINAL_Relx_DL_Relx(14),28.5619,856,29.97,0,DS1__relax_FINAL_Relx_DL_Relx(14),0,856,28.5619
DS1__relax_ORG_RLX(308),/Users/rafiabhista/Documents/code/apple/c1_audio/emomv_2/aria/media/minhdanh/5e31d1e3-0187-4837-8530-60bbac61578f1/home/minhdanh/Documents/EmoMV/Dataset1/DS1_TRAIN_MATCH/relax_ORG_RLX(308).mp4,relax,4,DS1,match,81b3413f6cfc7658292b2e4093ff4670621792efb1d54331fe05b8e9a8058b73,DS1__relax_ORG_RLX(308),30.8667,926,30.0,0,DS1__relax_ORG_RLX(308),0,926,30.8667
DS1__relax_26,/Users/rafiabhista/Documents/code/apple/c1_audio/emomv_2/aria/media/minhdanh/5e31d1e3-0187-4837-8530-60bbac61578f1/home/minhdanh/Documents/EmoMV/Dataset1/DS1_TRAIN_MATCH/relax_26.mp4,relax,4,DS1,match,08456f1be0e408b6f294a0fe913b38f6be03ebf89f4fc96967e2cb02fd839fbb,DS1__relax_26,30.0,750,25.0,0,DS1__relax_26,0,750,30.0
DS1__relax_ORG_RLX(180),/Users/rafiabhista/Documents/code/apple/c1_audio/emomv_2/aria/media/minhdanh/5e31d1e3-0187-4837-8530-60bbac61578f1/home/minhdanh/Documents/EmoMV/Dataset1/DS1_TRAIN_MATCH/relax_ORG_RLX(180).mp4,relax,4,DS1,match,81e55e735ebd84c386cf3159170e3eb3318a9feb65f493dd3b3e98e90134af69,DS1__relax_ORG_RLX(180),30.76,769,25.0,0,DS1__relax_ORG_RLX(180),0,769,30.76
DS1__relax_REVIEW_RLX(47),/Users/rafiabhista/Documents/code/apple/c1_audio/emomv_2/aria/media/minhdanh/5e31d1e3-0187-4837-8530-60bbac61578f1/home/minhdanh/Documents/EmoMV/Dataset1/DS1_TRAIN_MATCH/relax_REVIEW_RLX(47).mp4,relax,4,DS1,match,5072a31e1cf4785d5c22733951dfc79f3aaf9863b6870d9cab32570e04fb7a81,DS1__relax_REVIEW_RLX(47),29.9967,899,29.97,0,DS1__relax_REVIEW_RLX(47),0,899,29.9967
DS1__relax_ORG_RLX(83),/Users/rafiabhista/Documents/code/apple/c1_audio/emomv_2/aria/media/minhdanh/5e31d1e3-0187-4837-8530-60bbac61578f1/home/minhdanh/Documents/EmoMV/Dataset1/DS1_TRAIN_MATCH/relax_ORG_RLX(83).mp4,relax,4,DS1,match,9be5c96904b564f2c47056a3ef936d4300ce26bbde8beeeab543f14652a01f3c,DS1__relax_ORG_RLX(83),31.3981,941,29.97,0,DS1__relax_ORG_RLX(83),0,941,31.3981
DS1__relax_Relx_FINAL_DL(160),/Users/rafiabhista/Documents/code/apple/c1_audio/emomv_2/aria/media/minhdanh/5e31d1e3-0187-4837-8530-60bbac61578f1/home/minhdanh/Documents/EmoMV/Dataset1/DS1_TRAIN_MATCH/relax_Relx_FINAL_DL(160).mp4,relax,4,DS1,match,ce25a72db1292898b61b15488a829e41a91de3c0ec58f1d26362395b5b204214,DS1__relax_Relx_FINAL_DL(160),24.7247,741,29.97,0,DS1__relax_Relx_FINAL_DL(160),0,741,24.7247
DS1__relax_Rellx_FINAL_DL(107),/Users/rafiabhista/Documents/code/apple/c1_audio/emomv_2/aria/media/minhdanh/5e31d1e3-0187-4837-8530-60bbac61578f1/home/minhdanh/Documents/EmoMV/Dataset1/DS1_TRAIN_MATCH/relax_Rellx_FINAL_DL(107).mp4,relax,4,DS1,match,56b822c3f3aa98f69f62d37708a5d59821a7bfb16cc145334e7eb115dc613c01,DS1__relax_Rellx_FINAL_DL(107),28.8,720,25.0,0,DS1__relax_Rellx_FINAL_DL(107),0,720,28.8
DS1__relax_ORG_RLX(118),/Users/rafiabhista/Documents/code/apple/c1_audio/emomv_2/aria/media/minhdanh/5e31d1e3-0187-4837-8530-60bbac61578f1/home/minhdanh/Documents/EmoMV/Dataset1/DS1_TRAIN_MATCH/relax_ORG_RLX(118).mp4,relax,4,DS1,match,2c35f8f9c9585b818815d2a63d4aedd467fbb29a9d7c3be8c2459d7630a5d875,DS1__relax_ORG_RLX(118),31.2646,937,29.97,0,DS1__relax_ORG_RLX(118),0,937,31.2646
DS1__relax_ORG_RLX(131),/Users/rafiabhista/Documents/code/apple/c1_audio/emomv_2/aria/media/minhdanh/5e31d1e3-0187-4837-8530-60bbac61578f1/home/minhdanh/Documents/EmoMV/Dataset1/DS1_TRAIN_MATCH/relax_ORG_RLX(131).mp4,relax,4,DS1,match,cc52df33f3f8fbd7b19d409f6a22a2275c442e5257a1b87dd0aaed1cd01027f2,DS1__relax_ORG_RLX(131),31.1645,934,29.97,0,DS1__relax_ORG_RLX(131),0,934,31.1645
DS1__relax_REVIEW_RLX_LLT(1),/Users/rafiabhista/Documents/code/apple/c1_audio/emomv_2/aria/media/minhdanh/5e31d1e3-0187-4837-8530-60bbac61578f1/home/minhdanh/Documents/EmoMV/Dataset1/DS1_TRAIN_MATCH/relax_REVIEW_RLX_LLT(1).mp4,relax,4,DS1,match,5644c432d3a728e9fd9b727e05e62fefcd7d7bde2eb333dd0c55aa854d75b8d3,DS1__relax_REVIEW_RLX_LLT(1),29.7631,892,29.97,0,DS1__relax_REVIEW_RLX_LLT(1),0,892,29.7631
DS1__relax_TEST_MV(48)-14-of-17,/Users/rafiabhista/Documents/code/apple/c1_audio/emomv_2/aria/media/minhdanh/5e31d1e3-0187-4837-8530-60bbac61578f1/home/minhdanh/Documents/EmoMV/Dataset1/DS1_TRAIN_MATCH/relax_TEST_MV(48)-14-of-17.mp4,relax,4,DS1,match,8c96a440d363b6815480489fc0ef7c8d1d3c16b0f4ed019edc3bc28a2bbe6bbc,DS1__relax_TEST_MV(48),29.52,738,25.0,0,DS1__relax_TEST_MV(48)-14-of-17,0,738,29.52
DS1__relax_36,/Users/rafiabhista/Documents/code/apple/c1_audio/emomv_2/aria/media/minhdanh/5e31d1e3-0187-4837-8530-60bbac61578f1/home/minhdanh/Documents/EmoMV/Dataset1/DS1_TRAIN_MATCH/relax_36.mp4,relax,4,DS1,match,861d18e78859912319f6b01fbc6701f27d1cbd94724a04ec5b067cf0cccad525,DS1__relax_36,30.03,900,29.97,0,DS1__relax_36,0,900,30.03
DS1__relax_Rellx_FINAL_DL(93),/Users/rafiabhista/Documents/code/apple/c1_audio/emomv_2/aria/media/minhdanh/5e31d1e3-0187-4837-8530-60bbac61578f1/home/minhdanh/Documents/EmoMV/Dataset1/DS1_TRAIN_MATCH/relax_Rellx_FINAL_DL(93).mp4,relax,4,DS1,match,b3e5f67370c62c0d16c1ffed1bde9295d4451778079926ab39a513d99cc3c45d,DS1__relax_Rellx_FINAL_DL(93),29.84,746,25.0,0,DS1__relax_Rellx_FINAL_DL(93),0,746,29.84
DS1__relax_TEST_MV(54)-119-of-143,/Users/rafiabhista/Documents/code/apple/c1_audio/emomv_2/aria/media/minhdanh/5e31d1e3-0187-4837-8530-60bbac61578f1/home/minhdanh/Documents/EmoMV/Dataset1/DS1_TRAIN_MATCH/relax_TEST_MV(54)-119-of-143.mp4,relax,4,DS1,match,f6aa0971be6d8234fc1f28e3c5efa80d9c59d31b6271f60a0c88b25894eb55b6,DS1__relax_TEST_MV(54),29.4294,882,29.97,0,DS1__relax_TEST_MV(54)-119-of-143,0,882,29.4294
DS1__relax_Rellx_FINAL_DL(53),/Users/rafiabhista/Documents/code/apple/c1_audio/emomv_2/aria/media/minhdanh/5e31d1e3-0187-4837-8530-60bbac61578f1/home/minhdanh/Documents/EmoMV/Dataset1/DS1_TRAIN_MATCH/relax_Rellx_FINAL_DL(53).mp4,relax,4,DS1,match,6507db4082aecc9235fe29c2e2d723c8195ec242527f4f599bff5b0bfd5154e4,DS1__relax_Rellx_FINAL_DL(53),30.0,750,25.0,0,DS1__relax_Rellx_FINAL_DL(53),0,750,30.0
DS1__relax_ORG_RLX(86),/Users/rafiabhista/Documents/code/apple/c1_audio/emomv_2/aria/media/minhdanh/5e31d1e3-0187-4837-8530-60bbac61578f1/home/minhdanh/Documents/EmoMV/Dataset1/DS1_TRAIN_MATCH/relax_ORG_RLX(86).mp4,relax,4,DS1,match,b9ed560a1b40b5d9530a296ffc20ee2ed5f8362af2edcf227300778e7bec45ce,DS1__relax_ORG_RLX(86),29.68,742,25.0,0,DS1__relax_ORG_RLX(86),0,742,29.68
DS1__relax_ORG_RLX(153),/Users/rafiabhista/Documents/code/apple/c1_audio/emomv_2/aria/media/minhdanh/5e31d1e3-0187-4837-8530-60bbac61578f1/home/minhdanh/Documents/EmoMV/Dataset1/DS1_TRAIN_MATCH/relax_ORG_RLX(153).mp4,relax,4,DS1,match,d789d005a17566d86ec02ec1144c53a0df42ccce82f3b2abbbf527703cd8b083,DS1__relax_ORG_RLX(153),29.7965,893,29.97,0,DS1__relax_ORG_RLX(153),0,893,29.7965
DS1__relax_Relx_FINAL_DL(18),/Users/rafiabhista/Documents/code/apple/c1_audio/emomv_2/aria/media/minhdanh/5e31d1e3-0187-4837-8530-60bbac61578f1/home/minhdanh/Documents/EmoMV/Dataset1/DS1_TRAIN_MATCH/relax_Relx_FINAL_DL(18).mp4,relax,4,DS1,match,c218e50b1ab16a539717990c2ece6414c7a0c59fa4454c12ee7312fe7219a4ed,DS1__relax_Relx_FINAL_DL(18),27.5417,661,24.0,0,DS1__relax_Relx_FINAL_DL(18),0,661,27.5417
DS1__relax_ORG_NEUTRAL(298),/Users/rafiabhista/Documents/code/apple/c1_audio/emomv_2/aria/media/minhdanh/5e31d1e3-0187-4837-8530-60bbac61578f1/home/minhdanh/Documents/EmoMV/Dataset1/DS1_TRAIN_MATCH/relax_ORG_NEUTRAL(298).mp4,relax,4,DS1,match,b1baa8b1fe18c8dedfcac3b3b7487dbb8b8d3bd74211e63e21f7ae175d8e216b,DS1__relax_ORG_NEUTRAL(298),32.04,801,25.0,0,DS1__relax_ORG_NEUTRAL(298),0,801,32.04
DS1__relax_ORG_RLX(342),/Users/rafiabhista/Documents/code/apple/c1_audio/emomv_2/aria/media/minhdanh/5e31d1e3-0187-4837-8530-60bbac61578f1/home/minhdanh/Documents/EmoMV/Dataset1/DS1_TRAIN_MATCH/relax_ORG_RLX(342).mp4,relax,4,DS1,match,d749f73b78d1bc9b470211feb91db771aa19234a240fd238b2582f301fb219af,DS1__relax_ORG_RLX(342),29.8,745,25.0,0,DS1__relax_ORG_RLX(342),0,745,29.8
DS1__relax_ORG_RLX(304),/Users/rafiabhista/Documents/code/apple/c1_audio/emomv_2/aria/media/minhdanh/5e31d1e3-0187-4837-8530-60bbac61578f1/home/minhdanh/Documents/EmoMV/Dataset1/DS1_TRAIN_MATCH/relax_ORG_RLX(304).mp4,relax,4,DS1,match,75a4dd72d8f870c75d55b5b1d0409312d585fad2b137da533247cd0b91e6e06f,DS1__relax_ORG_RLX(304),30.16,754,25.0,0,DS1__relax_ORG_RLX(304),0,754,30.16
DS1__relax_TEST_MV(52)-20-of-25,/Users/rafiabhista/Documents/code/apple/c1_audio/emomv_2/aria/media/minhdanh/5e31d1e3-0187-4837-8530-60bbac61578f1/home/minhdanh/Documents/EmoMV/Dataset1/DS1_TRAIN_MATCH/relax_TEST_MV(52)-20-of-25.mp4,relax,4,DS1,match,71ff3502ba663f1671fddba316aaffa9c5c0842fa91ff6d99654aca345a571f6,DS1__relax_TEST_MV(52),28.12,703,25.0,0,DS1__relax_TEST_MV(52)-20-of-25,0,703,28.12
DS1__relax_Rellx_FINAL_DL(122),/Users/rafiabhista/Documents/code/apple/c1_audio/emomv_2/aria/media/minhdanh/5e31d1e3-0187-4837-8530-60bbac61578f1/home/minhdanh/Documents/EmoMV/Dataset1/DS1_TRAIN_MATCH/relax_Rellx_FINAL_DL(122).mp4,relax,4,DS1,match,634b5f809f6a2451fe1018982f66ba0db8e60087fa0660922b30c8bac2a09026,DS1__relax_Rellx_FINAL_DL(122),28.36,709,25.0,0,DS1__relax_Rellx_FINAL_DL(122),0,709,28.36
DS1__relax_TT(3),/Users/rafiabhista/Documents/code/apple/c1_audio/emomv_2/aria/media/minhdanh/5e31d1e3-0187-4837-8530-60bbac61578f1/home/minhdanh/Documents/EmoMV/Dataset1/DS1_TRAIN_MATCH/relax_TT(3).mp4,relax,4,DS1,match,7aafc0faf46d2788baa10e929a2a81eef543ff5959dafa2c37f1ad1aa4ee176b,DS1__relax_TT(3),30.0968,902,29.97,0,DS1__relax_TT(3),0,902,30.0968
DS1__relax_HAPPY_HEA(113)-10-of-12,/Users/rafiabhista/Documents/code/apple/c1_audio/emomv_2/aria/media/minhdanh/5e31d1e3-0187-4837-8530-60bbac61578f1/home/minhdanh/Documents/EmoMV/Dataset1/DS1_TRAIN_MATCH/relax_HAPPY_HEA(113)-10-of-12.mp4,relax,4,DS1,match,7824a2d46c6e67742be447533272b0a99007ea0b51a05195a6ea35df4c342d30,DS1__relax_HAPPY_HEA(113),28.8,720,25.0,0,DS1__relax_HAPPY_HEA(113)-10-of-12,0,720,28.8
DS1__relax_ORG_RLX(329),/Users/rafiabhista/Documents/code/apple/c1_audio/emomv_2/aria/media/minhdanh/5e31d1e3-0187-4837-8530-60bbac61578f1/home/minhdanh/Documents/EmoMV/Dataset1/DS1_TRAIN_MATCH/relax_ORG_RLX(329).mp4,relax,4,DS1,match,c7345a1a69c7503c1bfef2abbe7e2375026378eda02a19799ab7094bfe39fcae,DS1__relax_ORG_RLX(329),29.56,739,25.0,0,DS1__relax_ORG_RLX(329),0,739,29.56
DS1__relax_ORG_RLX(63),/Users/rafiabhista/Documents/code/apple/c1_audio/emomv_2/aria/media/minhdanh/5e31d1e3-0187-4837-8530-60bbac61578f1/home/minhdanh/Documents/EmoMV/Dataset1/DS1_TRAIN_MATCH/relax_ORG_RLX(63).mp4,relax,4,DS1,match,ed6d62c182d11bb6a683313c6f2b4c242d3f8a03bf1095f585a4c22f834940e3,DS1__relax_ORG_RLX(63),30.16,754,25.0,0,DS1__relax_ORG_RLX(63),0,754,30.16
DS1__relax_Rellx_FINAL_DL(1),/Users/rafiabhista/Documents/code/apple/c1_audio/emomv_2/aria/media/minhdanh/5e31d1e3-0187-4837-8530-60bbac61578f1/home/minhdanh/Documents/EmoMV/Dataset1/DS1_TRAIN_MATCH/relax_Rellx_FINAL_DL(1).mp4,relax,4,DS1,match,7b37eda6d83f13bf5210515342d6562d46f082d14530cf32e161a6234c140a5e,DS1__relax_Rellx_FINAL_DL(1),29.6,740,25.0,0,DS1__relax_Rellx_FINAL_DL(1),0,740,29.6
DS1__relax_Rellx_FINAL_DL(104),/Users/rafiabhista/Documents/code/apple/c1_audio/emomv_2/aria/media/minhdanh/5e31d1e3-0187-4837-8530-60bbac61578f1/home/minhdanh/Documents/EmoMV/Dataset1/DS1_TRAIN_MATCH/relax_Rellx_FINAL_DL(104).mp4,relax,4,DS1,match,f62626f2d8e51f1afc26dfda43041c01641187cbd1b51ed562a24458bdb04dba,DS1__relax_Rellx_FINAL_DL(104),29.44,736,25.0,0,DS1__relax_Rellx_FINAL_DL(104),0,736,29.44
DS1__relax_ORG_RLX(209),/Users/rafiabhista/Documents/code/apple/c1_audio/emomv_2/aria/media/minhdanh/5e31d1e3-0187-4837-8530-60bbac61578f1/home/minhdanh/Documents/EmoMV/Dataset1/DS1_TRAIN_MATCH/relax_ORG_RLX(209).mp4,relax,4,DS1,match,0bf282c6c7c15aa9cff7a20b624c69386446780f6d9e8276ce8dc406d061bd41,DS1__relax_ORG_RLX(209),31.3313,939,29.97,0,DS1__relax_ORG_RLX(209),0,939,31.3313
DS1__relax_REVIEW_RLX_LLT(17),/Users/rafiabhista/Documents/code/apple/c1_audio/emomv_2/aria/media/minhdanh/5e31d1e3-0187-4837-8530-60bbac61578f1/home/minhdanh/Documents/EmoMV/Dataset1/DS1_TRAIN_MATCH/relax_REVIEW_RLX_LLT(17).mp4,relax,4,DS1,match,24c389ed0db878b9a2f50934892d66e6747069b5359774f8bf67b3e92101ba5a,DS1__relax_REVIEW_RLX_LLT(17),29.7964,893,29.97,0,DS1__relax_REVIEW_RLX_LLT(17),0,893,29.7964
DS1__relax_Rellx_FINAL_DL(192),/Users/rafiabhista/Documents/code/apple/c1_audio/emomv_2/aria/media/minhdanh/5e31d1e3-0187-4837-8530-60bbac61578f1/home/minhdanh/Documents/EmoMV/Dataset1/DS1_TRAIN_MATCH/relax_Rellx_FINAL_DL(192).mp4,relax,4,DS1,match,aa37fa8564154d84e91b8198df8b260c93bcfdf58fb76e79ceb6fe93ba1bdc6a,DS1__relax_Rellx_FINAL_DL(192),27.92,698,25.0,0,DS1__relax_Rellx_FINAL_DL(192),0,698,27.92
DS1__relax_TEST_MV(49)-5-of-9,/Users/rafiabhista/Documents/code/apple/c1_audio/emomv_2/aria/media/minhdanh/5e31d1e3-0187-4837-8530-60bbac61578f1/home/minhdanh/Documents/EmoMV/Dataset1/DS1_TRAIN_MATCH/relax_TEST_MV(49)-5-of-9.mp4,relax,4,DS1,match,43e4fbbc7228b3b798b7daadaec4985e7d1fe48e4a7bb5914dd900e95dc6c5bf,DS1__relax_TEST_MV(49),27.7856,691,24.869,0,DS1__relax_TEST_MV(49)-5-of-9,0,691,27.7856
DS1__relax_ORG_RLX(31),/Users/rafiabhista/Documents/code/apple/c1_audio/emomv_2/aria/media/minhdanh/5e31d1e3-0187-4837-8530-60bbac61578f1/home/minhdanh/Documents/EmoMV/Dataset1/DS1_TRAIN_MATCH/relax_ORG_RLX(31).mp4,relax,4,DS1,match,64d711f397c9a996893bee7222bfd2240844d64655d9ea36c092a6447d43211a,DS1__relax_ORG_RLX(31),30.04,751,25.0,0,DS1__relax_ORG_RLX(31),0,751,30.04
DS1__relax_46,/Users/rafiabhista/Documents/code/apple/c1_audio/emomv_2/aria/media/minhdanh/5e31d1e3-0187-4837-8530-60bbac61578f1/home/minhdanh/Documents/EmoMV/Dataset1/DS1_TRAIN_MATCH/relax_46.mp4,relax,4,DS1,match,bc00d4665e0b6622c4d800b3e8282513c9180f3ce8e8d5f7c32c2373f200e772,DS1__relax_46,30.0,750,25.0,0,DS1__relax_46,0,750,30.0
DS1__relax_RELX_MEA(29)-1-of-11,/Users/rafiabhista/Documents/code/apple/c1_audio/emomv_2/aria/media/minhdanh/5e31d1e3-0187-4837-8530-60bbac61578f1/home/minhdanh/Documents/EmoMV/Dataset1/DS1_TRAIN_MATCH/relax_RELX_MEA(29)-1-of-11.mp4,relax,4,DS1,match,cbac96de36839ed91be2b9364f93a68d9141e27b18a7df9aafa1bca69b8025fd,DS1__relax_RELX_MEA(29),30.0,750,25.0,0,DS1__relax_RELX_MEA(29)-1-of-11,0,750,30.0
DS1__relax_ORG_RLX(149),/Users/rafiabhista/Documents/code/apple/c1_audio/emomv_2/aria/media/minhdanh/5e31d1e3-0187-4837-8530-60bbac61578f1/home/minhdanh/Documents/EmoMV/Dataset1/DS1_TRAIN_MATCH/relax_ORG_RLX(149).mp4,relax,4,DS1,match,3f67e9cff558480e3d019272aa08c663bd4aa2318425c47e0a114c48b7705dea,DS1__relax_ORG_RLX(149),31.031,930,29.97,0,DS1__relax_ORG_RLX(149),0,930,31.031
DS1__relax_ORG_NEUTRAL(317),/Users/rafiabhista/Documents/code/apple/c1_audio/emomv_2/aria/media/minhdanh/5e31d1e3-0187-4837-8530-60bbac61578f1/home/minhdanh/Documents/EmoMV/Dataset1/DS1_TRAIN_MATCH/relax_ORG_NEUTRAL(317).mp4,relax,4,DS1,match,675bbe0eb29b7a91d53d02a4a6457437fffcc4552de9e3a3d4d925c7ff292181,DS1__relax_ORG_NEUTRAL(317),30.4304,912,29.97,0,DS1__relax_ORG_NEUTRAL(317),0,912,30.4304
DS1__relax_TEST_MV(34)-2-of-5,/Users/rafiabhista/Documents/code/apple/c1_audio/emomv_2/aria/media/minhdanh/5e31d1e3-0187-4837-8530-60bbac61578f1/home/minhdanh/Documents/EmoMV/Dataset1/DS1_TRAIN_MATCH/relax_TEST_MV(34)-2-of-5.mp4,relax,4,DS1,match,a9889716ce42d31270526351950b4bc743273c8b90079242cc07bec02a598528,DS1__relax_TEST_MV(34),29.9049,717,23.976,0,DS1__relax_TEST_MV(34)-2-of-5,0,717,29.9049
DS1__relax_TEST_RELX(34)-2-of-6,/Users/rafiabhista/Documents/code/apple/c1_audio/emomv_2/aria/media/minhdanh/5e31d1e3-0187-4837-8530-60bbac61578f1/home/minhdanh/Documents/EmoMV/Dataset1/DS1_TRAIN_MATCH/relax_TEST_RELX(34)-2-of-6.mp4,relax,4,DS1,match,04a34def312cdd6304cc54814810697998554ac24f8d8051207308d87e630e2c,DS1__relax_TEST_RELX(34),30.0,746,24.8667,0,DS1__relax_TEST_RELX(34)-2-of-6,0,746,30.0
DS1__relax_TEST_MV(65)-112-of-118,/Users/rafiabhista/Documents/code/apple/c1_audio/emomv_2/aria/media/minhdanh/5e31d1e3-0187-4837-8530-60bbac61578f1/home/minhdanh/Documents/EmoMV/Dataset1/DS1_TRAIN_MATCH/relax_TEST_MV(65)-112-of-118.mp4,relax,4,DS1,match,fc44c5712777d60871d19c495ef23db3bfa98c3c9a2bf136774bedd7ac8ede3b,DS1__relax_TEST_MV(65),29.6963,890,29.97,0,DS1__relax_TEST_MV(65)-112-of-118,0,890,29.6963
DS1__relax_ORG_RLX(44),/Users/rafiabhista/Documents/code/apple/c1_audio/emomv_2/aria/media/minhdanh/5e31d1e3-0187-4837-8530-60bbac61578f1/home/minhdanh/Documents/EmoMV/Dataset1/DS1_TRAIN_MATCH/relax_ORG_RLX(44).mp4,relax,4,DS1,match,897a48689dad1ac04bcac30c611d780fbe119de17a33d6bda677766da5b18284,DS1__relax_ORG_RLX(44),31.24,781,25.0,0,DS1__relax_ORG_RLX(44),0,781,31.24
DS1__relax_FINAL_Relx_DL_Relx(38),/Users/rafiabhista/Documents/code/apple/c1_audio/emomv_2/aria/media/minhdanh/5e31d1e3-0187-4837-8530-60bbac61578f1/home/minhdanh/Documents/EmoMV/Dataset1/DS1_TRAIN_MATCH/relax_FINAL_Relx_DL_Relx(38).mp4,relax,4,DS1,match,d7fb02ee6ccccc20c787013157a654242b66171f3f7d1528d9949e70719767cf,DS1__relax_FINAL_Relx_DL_Relx(38),29.4961,884,29.97,0,DS1__relax_FINAL_Relx_DL_Relx(38),0,884,29.4961
DS1__relax_121,/Users/rafiabhista/Documents/code/apple/c1_audio/emomv_2/aria/media/minhdanh/5e31d1e3-0187-4837-8530-60bbac61578f1/home/minhdanh/Documents/EmoMV/Dataset1/DS1_TRAIN_MATCH/relax_121.mp4,relax,4,DS1,match,65f6ef006efa1de681bd07b669a72ac3ea368097f9dd891ada8848a37fb538cb,DS1__relax_121,30.0,900,30.0,0,DS1__relax_121,0,900,30.0
DS1__relax_ORG_RLX(67),/Users/rafiabhista/Documents/code/apple/c1_audio/emomv_2/aria/media/minhdanh/5e31d1e3-0187-4837-8530-60bbac61578f1/home/minhdanh/Documents/EmoMV/Dataset1/DS1_TRAIN_MATCH/relax_ORG_RLX(67).mp4,relax,4,DS1,match,a33cd0270fb26d84f6f780878648bbc56b3175271b44dd63ba0bfb271ea2b142,DS1__relax_ORG_RLX(67),30.297,908,29.97,0,DS1__relax_ORG_RLX(67),0,908,30.297
DS1__relax_ORG_RLX(119),/Users/rafiabhista/Documents/code/apple/c1_audio/emomv_2/aria/media/minhdanh/5e31d1e3-0187-4837-8530-60bbac61578f1/home/minhdanh/Documents/EmoMV/Dataset1/DS1_TRAIN_MATCH/relax_ORG_RLX(119).mp4,relax,4,DS1,match,1a4a0d0e6ec44f2d0817faa4f8bfe2908da669a5441fe6325362a8d70c2b1939,DS1__relax_ORG_RLX(119),29.72,743,25.0,0,DS1__relax_ORG_RLX(119),0,743,29.72
DS1__relax_ORG_RLX(251),/Users/rafiabhista/Documents/code/apple/c1_audio/emomv_2/aria/media/minhdanh/5e31d1e3-0187-4837-8530-60bbac61578f1/home/minhdanh/Documents/EmoMV/Dataset1/DS1_TRAIN_MATCH/relax_ORG_RLX(251).mp4,relax,4,DS1,match,88c9bf234ac1e52c39ebf1de8f36dd77018349d3da586790fec75569662ad938,DS1__relax_ORG_RLX(251),30.08,752,25.0,0,DS1__relax_ORG_RLX(251),0,752,30.08
DS1__relax_ORG_RLX(230),/Users/rafiabhista/Documents/code/apple/c1_audio/emomv_2/aria/media/minhdanh/5e31d1e3-0187-4837-8530-60bbac61578f1/home/minhdanh/Documents/EmoMV/Dataset1/DS1_TRAIN_MATCH/relax_ORG_RLX(230).mp4,relax,4,DS1,match,88ff27ddee1a604db1aecca28c8614ca05789438216fd81adc84fe58433584ca,DS1__relax_ORG_RLX(230),29.9967,899,29.97,0,DS1__relax_ORG_RLX(230),0,899,29.9967
DS1__relax_Rellx_FINAL_DL(154),/Users/rafiabhista/Documents/code/apple/c1_audio/emomv_2/aria/media/minhdanh/5e31d1e3-0187-4837-8530-60bbac61578f1/home/minhdanh/Documents/EmoMV/Dataset1/DS1_TRAIN_MATCH/relax_Rellx_FINAL_DL(154).mp4,relax,4,DS1,match,e0b363fceaee659835017ccf41b19060c21c650d4dfb8fbad28009ae2a2e52a4,DS1__relax_Rellx_FINAL_DL(154),28.32,708,25.0,0,DS1__relax_Rellx_FINAL_DL(154),0,708,28.32
DS1__relax_ORG_RLX(41),/Users/rafiabhista/Documents/code/apple/c1_audio/emomv_2/aria/media/minhdanh/5e31d1e3-0187-4837-8530-60bbac61578f1/home/minhdanh/Documents/EmoMV/Dataset1/DS1_TRAIN_MATCH/relax_ORG_RLX(41).mp4,relax,4,DS1,match,255a4ff3bc709b6800bc12953b655e5724747432363efb6e902c1a214edd5d60,DS1__relax_ORG_RLX(41),30.4054,729,23.976,0,DS1__relax_ORG_RLX(41),0,729,30.4054
DS1__relax_ORG_RLX(276),/Users/rafiabhista/Documents/code/apple/c1_audio/emomv_2/aria/media/minhdanh/5e31d1e3-0187-4837-8530-60bbac61578f1/home/minhdanh/Documents/EmoMV/Dataset1/DS1_TRAIN_MATCH/relax_ORG_RLX(276).mp4,relax,4,DS1,match,56bb48d2c61cf8121ac43f72a7130cb760a65236c290df52bd2b2ba281896e2e,DS1__relax_ORG_RLX(276),29.32,733,25.0,0,DS1__relax_ORG_RLX(276),0,733,29.32
DS1__relax_TEST_MV(55)-6-of-8,/Users/rafiabhista/Documents/code/apple/c1_audio/emomv_2/aria/media/minhdanh/5e31d1e3-0187-4837-8530-60bbac61578f1/home/minhdanh/Documents/EmoMV/Dataset1/DS1_TRAIN_MATCH/relax_TEST_MV(55)-6-of-8.mp4,relax,4,DS1,match,3f66bf98394dbeeb1cb48ee15e9657170583c2bbdeb05ab4f58895a21f6de1d1,DS1__relax_TEST_MV(55),28.0947,842,29.97,0,DS1__relax_TEST_MV(55)-6-of-8,0,842,28.0947
DS1__relax_TEST_MV(29)-38-of-124,/Users/rafiabhista/Documents/code/apple/c1_audio/emomv_2/aria/media/minhdanh/5e31d1e3-0187-4837-8530-60bbac61578f1/home/minhdanh/Documents/EmoMV/Dataset1/DS1_TRAIN_MATCH/relax_TEST_MV(29)-38-of-124.mp4,relax,4,DS1,match,9c61e31ccfb22095b9a3ee68c510c6c5787eeb86b474b277bbcf9806fbc5e250,DS1__relax_TEST_MV(29),28.9289,867,29.97,0,DS1__relax_TEST_MV(29)-38-of-124,0,867,28.9289
DS1__relax_113,/Users/rafiabhista/Documents/code/apple/c1_audio/emomv_2/aria/media/minhdanh/5e31d1e3-0187-4837-8530-60bbac61578f1/home/minhdanh/Documents/EmoMV/Dataset1/DS1_TRAIN_MATCH/relax_113.mp4,relax,4,DS1,match,a679e5d3032b6019ef0dd4cbfaa06d2e25ed54df5d953a6871b028d6ad6a3410,DS1__relax_113,30.0,720,24.0,0,DS1__relax_113,0,720,30.0
DS1__relax_REVIEW_RLX_LLT(20),/Users/rafiabhista/Documents/code/apple/c1_audio/emomv_2/aria/media/minhdanh/5e31d1e3-0187-4837-8530-60bbac61578f1/home/minhdanh/Documents/EmoMV/Dataset1/DS1_TRAIN_MATCH/relax_REVIEW_RLX_LLT(20).mp4,relax,4,DS1,match,d6dc61618655023d525508fac39cc07eed38c7d83ae2331d083a268fa11c3699,DS1__relax_REVIEW_RLX_LLT(20),29.7333,892,30.0,0,DS1__relax_REVIEW_RLX_LLT(20),0,892,29.7333
DS1__relax_ORG_RLX(52),/Users/rafiabhista/Documents/code/apple/c1_audio/emomv_2/aria/media/minhdanh/5e31d1e3-0187-4837-8530-60bbac61578f1/home/minhdanh/Documents/EmoMV/Dataset1/DS1_TRAIN_MATCH/relax_ORG_RLX(52).mp4,relax,4,DS1,match,94fcfa4ab7ea33d95c9bb3fa6a04137626582205ff0b180cedc06131462e56b5,DS1__relax_ORG_RLX(52),29.68,742,25.0,0,DS1__relax_ORG_RLX(52),0,742,29.68
DS1__relax_ORG_RLX(37),/Users/rafiabhista/Documents/code/apple/c1_audio/emomv_2/aria/media/minhdanh/5e31d1e3-0187-4837-8530-60bbac61578f1/home/minhdanh/Documents/EmoMV/Dataset1/DS1_TRAIN_MATCH/relax_ORG_RLX(37).mp4,relax,4,DS1,match,f9ccdabf41ed2d34d525049f9b44c3b80638fd212df1536166f100d3e11143fe,DS1__relax_ORG_RLX(37),30.664,919,29.97,0,DS1__relax_ORG_RLX(37),0,919,30.664
DS1__relax_Rellx_FINAL_DL(201),/Users/rafiabhista/Documents/code/apple/c1_audio/emomv_2/aria/media/minhdanh/5e31d1e3-0187-4837-8530-60bbac61578f1/home/minhdanh/Documents/EmoMV/Dataset1/DS1_TRAIN_MATCH/relax_Rellx_FINAL_DL(201).mp4,relax,4,DS1,match,9a2506111116b76cc560cbe7b0c16ccb8bb37b82e4b2ed7dfce0ff329fb9ed0b,DS1__relax_Rellx_FINAL_DL(201),29.48,737,25.0,0,DS1__relax_Rellx_FINAL_DL(201),0,737,29.48
DS1__relax_Rellx_FINAL_DL(126),/Users/rafiabhista/Documents/code/apple/c1_audio/emomv_2/aria/media/minhdanh/5e31d1e3-0187-4837-8530-60bbac61578f1/home/minhdanh/Documents/EmoMV/Dataset1/DS1_TRAIN_MATCH/relax_Rellx_FINAL_DL(126).mp4,relax,4,DS1,match,7e4ce0de549cdb4b726e64ef2b96fc41ae0ea31c3123652171d71ec6e057f974,DS1__relax_Rellx_FINAL_DL(126),28.6953,860,29.97,0,DS1__relax_Rellx_FINAL_DL(126),0,860,28.6953
DS1__relax_Rellx_FINAL_DL(115),/Users/rafiabhista/Documents/code/apple/c1_audio/emomv_2/aria/media/minhdanh/5e31d1e3-0187-4837-8530-60bbac61578f1/home/minhdanh/Documents/EmoMV/Dataset1/DS1_TRAIN_MATCH/relax_Rellx_FINAL_DL(115).mp4,relax,4,DS1,match,b7a31491b639c86321ba9fea44de26bd4e7a60728be13282fa213026ddd32831,DS1__relax_Rellx_FINAL_DL(115),29.2,730,25.0,0,DS1__relax_Rellx_FINAL_DL(115),0,730,29.2
DS1__relax_REVIEW_RLX(57),/Users/rafiabhista/Documents/code/apple/c1_audio/emomv_2/aria/media/minhdanh/5e31d1e3-0187-4837-8530-60bbac61578f1/home/minhdanh/Documents/EmoMV/Dataset1/DS1_TRAIN_MATCH/relax_REVIEW_RLX(57).mp4,relax,4,DS1,match,d86e1878ae9b2cedcacb22ce482c326e5e36777d6bb9bc96abb364db0c862f75,DS1__relax_REVIEW_RLX(57),30.0,900,30.0,0,DS1__relax_REVIEW_RLX(57),0,900,30.0
DS1__relax_TEST_MV(65)-18-of-118,/Users/rafiabhista/Documents/code/apple/c1_audio/emomv_2/aria/media/minhdanh/5e31d1e3-0187-4837-8530-60bbac61578f1/home/minhdanh/Documents/EmoMV/Dataset1/DS1_TRAIN_MATCH/relax_TEST_MV(65)-18-of-118.mp4,relax,4,DS1,match,5d6c5fbe23152205289037391f9e50059478292e86491c2e89acfba623d74af0,DS1__relax_TEST_MV(65),29.4961,884,29.97,0,DS1__relax_TEST_MV(65)-18-of-118,0,884,29.4961
DS1__relax_ORG_RLX(99),/Users/rafiabhista/Documents/code/apple/c1_audio/emomv_2/aria/media/minhdanh/5e31d1e3-0187-4837-8530-60bbac61578f1/home/minhdanh/Documents/EmoMV/Dataset1/DS1_TRAIN_MATCH/relax_ORG_RLX(99).mp4,relax,4,DS1,match,ee851d3312338f36996f774697627d6d514175f8ebc23c4bbfefeeea2b06bf47,DS1__relax_ORG_RLX(99),30.56,764,25.0,0,DS1__relax_ORG_RLX(99),0,764,30.56
DS1__relax_TEST_MV(29)-5-of-124,/Users/rafiabhista/Documents/code/apple/c1_audio/emomv_2/aria/media/minhdanh/5e31d1e3-0187-4837-8530-60bbac61578f1/home/minhdanh/Documents/EmoMV/Dataset1/DS1_TRAIN_MATCH/relax_TEST_MV(29)-5-of-124.mp4,relax,4,DS1,match,3fb249695874826fe5fbe1f5c6f58b7f750bde6fabe174b8b6b961dd3782bce0,DS1__relax_TEST_MV(29),28.8622,865,29.97,0,DS1__relax_TEST_MV(29)-5-of-124,0,865,28.8622
DS1__relax_RELX_MEA(16)-1-of-9,/Users/rafiabhista/Documents/code/apple/c1_audio/emomv_2/aria/media/minhdanh/5e31d1e3-0187-4837-8530-60bbac61578f1/home/minhdanh/Documents/EmoMV/Dataset1/DS1_TRAIN_MATCH/relax_RELX_MEA(16)-1-of-9.mp4,relax,4,DS1,match,c3e6271a45473107fd3f097443364f178be669bbf73e8b992bc41ee67765b6f2,DS1__relax_RELX_MEA(16),30.03,900,29.97,0,DS1__relax_RELX_MEA(16)-1-of-9,0,900,30.03
DS1__relax_HAPPY_HEA(81)-12-of-15,/Users/rafiabhista/Documents/code/apple/c1_audio/emomv_2/aria/media/minhdanh/5e31d1e3-0187-4837-8530-60bbac61578f1/home/minhdanh/Documents/EmoMV/Dataset1/DS1_TRAIN_MATCH/relax_HAPPY_HEA(81)-12-of-15.mp4,relax,4,DS1,match,4655f31a8c0b75d126cf9eff605954aec931e3c3f43a4978f87a8fe57e5aa93f,DS1__relax_HAPPY_HEA(81),29.68,742,25.0,0,DS1__relax_HAPPY_HEA(81)-12-of-15,0,742,29.68
DS1__relax_RELX_MEA(30)-6-of-9,/Users/rafiabhista/Documents/code/apple/c1_audio/emomv_2/aria/media/minhdanh/5e31d1e3-0187-4837-8530-60bbac61578f1/home/minhdanh/Documents/EmoMV/Dataset1/DS1_TRAIN_MATCH/relax_RELX_MEA(30)-6-of-9.mp4,relax,4,DS1,match,ab1dbc179397cacdc266ca15bb582cdf2e1c670041af00c3f9248f8a8a78953b,DS1__relax_RELX_MEA(30),30.0,750,25.0,0,DS1__relax_RELX_MEA(30)-6-of-9,0,750,30.0
DS1__relax_FINAL_DL_Relx(123),/Users/rafiabhista/Documents/code/apple/c1_audio/emomv_2/aria/media/minhdanh/5e31d1e3-0187-4837-8530-60bbac61578f1/home/minhdanh/Documents/EmoMV/Dataset1/DS1_TRAIN_MATCH/relax_FINAL_DL_Relx(123).mp4,relax,4,DS1,match,1b8949d5c216a0ebfaf2257d23696c414410200cfabdf3d9e2e5cfa5953ee35b,DS1__relax_FINAL_DL_Relx(123),29.96,749,25.0,0,DS1__relax_FINAL_DL_Relx(123),0,749,29.96
DS1__relax_LLT_COLLT_RLX(30),/Users/rafiabhista/Documents/code/apple/c1_audio/emomv_2/aria/media/minhdanh/5e31d1e3-0187-4837-8530-60bbac61578f1/home/minhdanh/Documents/EmoMV/Dataset1/DS1_TRAIN_MATCH/relax_LLT_COLLT_RLX(30).mp4,relax,4,DS1,match,259c4837e11c52537988deb768a3468ff70de3350d6a78fc6f57f0406f70402e,DS1__relax_LLT_COLLT_RLX(30),28.3283,849,29.97,0,DS1__relax_LLT_COLLT_RLX(30),0,849,28.3283
DS1__relax_Rellx_FINAL_DL(99),/Users/rafiabhista/Documents/code/apple/c1_audio/emomv_2/aria/media/minhdanh/5e31d1e3-0187-4837-8530-60bbac61578f1/home/minhdanh/Documents/EmoMV/Dataset1/DS1_TRAIN_MATCH/relax_Rellx_FINAL_DL(99).mp4,relax,4,DS1,match,8b1922e8bd3c8d33d90b4052c35a43408f54e2aa0d03ed286aac1c1099ef7ad1,DS1__relax_Rellx_FINAL_DL(99),30.0,900,30.0,0,DS1__relax_Rellx_FINAL_DL(99),0,900,30.0
DS1__relax_107,/Users/rafiabhista/Documents/code/apple/c1_audio/emomv_2/aria/media/minhdanh/5e31d1e3-0187-4837-8530-60bbac61578f1/home/minhdanh/Documents/EmoMV/Dataset1/DS1_TRAIN_MATCH/relax_107.mp4,relax,4,DS1,match,5397159a0baffd5aee6aeedd7a55e7bae955336eb19cb9afa20932193d82e260,DS1__relax_107,30.0,750,25.0,0,DS1__relax_107,0,750,30.0
DS1__relax_ORG_RLX(317),/Users/rafiabhista/Documents/code/apple/c1_audio/emomv_2/aria/media/minhdanh/5e31d1e3-0187-4837-8530-60bbac61578f1/home/minhdanh/Documents/EmoMV/Dataset1/DS1_TRAIN_MATCH/relax_ORG_RLX(317).mp4,relax,4,DS1,match,d0d3b9b2a40419e6acda19b713d01ec3a321420c73ada0a1224a934bf80e5430,DS1__relax_ORG_RLX(317),29.64,741,25.0,0,DS1__relax_ORG_RLX(317),0,741,29.64
DS1__relax_TEST_MV(54)-18-of-143,/Users/rafiabhista/Documents/code/apple/c1_audio/emomv_2/aria/media/minhdanh/5e31d1e3-0187-4837-8530-60bbac61578f1/home/minhdanh/Documents/EmoMV/Dataset1/DS1_TRAIN_MATCH/relax_TEST_MV(54)-18-of-143.mp4,relax,4,DS1,match,95f64ca522a5bf7b51b10cfb78edc2c20b25d268524f3a28bc902f758441c151,DS1__relax_TEST_MV(54),28.1948,845,29.97,0,DS1__relax_TEST_MV(54)-18-of-143,0,845,28.1948
DS1__relax_ORG_RLX(132),/Users/rafiabhista/Documents/code/apple/c1_audio/emomv_2/aria/media/minhdanh/5e31d1e3-0187-4837-8530-60bbac61578f1/home/minhdanh/Documents/EmoMV/Dataset1/DS1_TRAIN_MATCH/relax_ORG_RLX(132).mp4,relax,4,DS1,match,509732da71f4d267d128938cb1ff5b1cbe687f018ef6ac8da4c1753a9519b764,DS1__relax_ORG_RLX(132),31.665,949,29.97,0,DS1__relax_ORG_RLX(132),0,949,31.665
DS1__relax_ORG_RLX(39),/Users/rafiabhista/Documents/code/apple/c1_audio/emomv_2/aria/media/minhdanh/5e31d1e3-0187-4837-8530-60bbac61578f1/home/minhdanh/Documents/EmoMV/Dataset1/DS1_TRAIN_MATCH/relax_ORG_RLX(39).mp4,relax,4,DS1,match,962101f7efb9cb00913e7e04fec03b691e6e4e70761308ad5fa25dcf51fac8af,DS1__relax_ORG_RLX(39),30.12,753,25.0,0,DS1__relax_ORG_RLX(39),0,753,30.12
DS1__relax_ORG_RLX(303),/Users/rafiabhista/Documents/code/apple/c1_audio/emomv_2/aria/media/minhdanh/5e31d1e3-0187-4837-8530-60bbac61578f1/home/minhdanh/Documents/EmoMV/Dataset1/DS1_TRAIN_MATCH/relax_ORG_RLX(303).mp4,relax,4,DS1,match,5e44246cfdb8f3fc803c543d50ab5d6ccd483ed37fbe51c82dfc095ecfe874d7,DS1__relax_ORG_RLX(303),30.7,921,30.0,0,DS1__relax_ORG_RLX(303),0,921,30.7
DS1__relax_Relx_FINAL_DL(108),/Users/rafiabhista/Documents/code/apple/c1_audio/emomv_2/aria/media/minhdanh/5e31d1e3-0187-4837-8530-60bbac61578f1/home/minhdanh/Documents/EmoMV/Dataset1/DS1_TRAIN_MATCH/relax_Relx_FINAL_DL(108).mp4,relax,4,DS1,match,deede7e70b8b164b7a622eb15524dde5ec6505afee758b61adcadc8cf0a885ff,DS1__relax_Relx_FINAL_DL(108),28.84,721,25.0,0,DS1__relax_Relx_FINAL_DL(108),0,721,28.84
DS1__relax_ORG_NEUTRAL(27),/Users/rafiabhista/Documents/code/apple/c1_audio/emomv_2/aria/media/minhdanh/5e31d1e3-0187-4837-8530-60bbac61578f1/home/minhdanh/Documents/EmoMV/Dataset1/DS1_TRAIN_MATCH/relax_ORG_NEUTRAL(27).mp4,relax,4,DS1,match,c1a73ce39d48be5ffe2db3e7a2e312cadf7e5d70d033957c25082ae20f49ee4b,DS1__relax_ORG_NEUTRAL(27),29.92,748,25.0,0,DS1__relax_ORG_NEUTRAL(27),0,748,29.92
DS1__relax_TEST_MV(52)-3-of-25,/Users/rafiabhista/Documents/code/apple/c1_audio/emomv_2/aria/media/minhdanh/5e31d1e3-0187-4837-8530-60bbac61578f1/home/minhdanh/Documents/EmoMV/Dataset1/DS1_TRAIN_MATCH/relax_TEST_MV(52)-3-of-25.mp4,relax,4,DS1,match,b728f5f2bb8e6fd7e0e45b01ec38bdb3442e69e7a8bb6ae6537df296250c376f,DS1__relax_TEST_MV(52),28.96,724,25.0,0,DS1__relax_TEST_MV(52)-3-of-25,0,724,28.96
DS1__relax_Rellx_FINAL_DL(141),/Users/rafiabhista/Documents/code/apple/c1_audio/emomv_2/aria/media/minhdanh/5e31d1e3-0187-4837-8530-60bbac61578f1/home/minhdanh/Documents/EmoMV/Dataset1/DS1_TRAIN_MATCH/relax_Rellx_FINAL_DL(141).mp4,relax,4,DS1,match,e04679922dd8ea61821ef169d64727d7f6c2a8588bd66cfeefaff3ae651fedec,DS1__relax_Rellx_FINAL_DL(141),26.2,655,25.0,0,DS1__relax_Rellx_FINAL_DL(141),0,655,26.2
DS1__relax_REVIEW_RLX_LLT(4),/Users/rafiabhista/Documents/code/apple/c1_audio/emomv_2/aria/media/minhdanh/5e31d1e3-0187-4837-8530-60bbac61578f1/home/minhdanh/Documents/EmoMV/Dataset1/DS1_TRAIN_MATCH/relax_REVIEW_RLX_LLT(4).mp4,relax,4,DS1,match,49ef376d3fa5c06ecd4cff1b7b71045c23ed35246755a710b001acaba8bc6093,DS1__relax_REVIEW_RLX_LLT(4),28.996,869,29.9697,0,DS1__relax_REVIEW_RLX_LLT(4),0,869,28.996
DS1__relax_ORG_RLX(90),/Users/rafiabhista/Documents/code/apple/c1_audio/emomv_2/aria/media/minhdanh/5e31d1e3-0187-4837-8530-60bbac61578f1/home/minhdanh/Documents/EmoMV/Dataset1/DS1_TRAIN_MATCH/relax_ORG_RLX(90).mp4,relax,4,DS1,match,438b75f94959a5ce2f50d0ffaf669b32a3394932b743f372820fd03552741be6,DS1__relax_ORG_RLX(90),29.0,725,25.0,0,DS1__relax_ORG_RLX(90),0,725,29.0
DS1__relax_ORG_RLX(116),/Users/rafiabhista/Documents/code/apple/c1_audio/emomv_2/aria/media/minhdanh/5e31d1e3-0187-4837-8530-60bbac61578f1/home/minhdanh/Documents/EmoMV/Dataset1/DS1_TRAIN_MATCH/relax_ORG_RLX(116).mp4,relax,4,DS1,match,918834c9940b0053b4a0bbb69f7bee2f56b9b09ee30d6c7947a969d77926b0ea,DS1__relax_ORG_RLX(116),29.4044,705,23.976,0,DS1__relax_ORG_RLX(116),0,705,29.4044
DS1__relax_TEST_MV(29)-2-of-124,/Users/rafiabhista/Documents/code/apple/c1_audio/emomv_2/aria/media/minhdanh/5e31d1e3-0187-4837-8530-60bbac61578f1/home/minhdanh/Documents/EmoMV/Dataset1/DS1_TRAIN_MATCH/relax_TEST_MV(29)-2-of-124.mp4,relax,4,DS1,match,97b594e6eed8d53aa126180f5e2d01a77538b2dec13a17002a1e5d37711c348c,DS1__relax_TEST_MV(29),29.6296,888,29.97,0,DS1__relax_TEST_MV(29)-2-of-124,0,888,29.6296
DS1__relax_RELX_MEA(0)-9-of-11,/Users/rafiabhista/Documents/code/apple/c1_audio/emomv_2/aria/media/minhdanh/5e31d1e3-0187-4837-8530-60bbac61578f1/home/minhdanh/Documents/EmoMV/Dataset1/DS1_TRAIN_MATCH/relax_RELX_MEA(0)-9-of-11.mp4,relax,4,DS1,match,0bf283d7322704dad80dddf09f80aae6f387a73d5623d04c40350c76e89c2fe6,DS1__relax_RELX_MEA(0),29.7631,892,29.97,0,DS1__relax_RELX_MEA(0)-9-of-11,0,892,29.7631
DS1__relax_22,/Users/rafiabhista/Documents/code/apple/c1_audio/emomv_2/aria/media/minhdanh/5e31d1e3-0187-4837-8530-60bbac61578f1/home/minhdanh/Documents/EmoMV/Dataset1/DS1_TRAIN_MATCH/relax_22.mp4,relax,4,DS1,match,a9a77a85db960c5bb4be17aa937c3007306d95c78a8607b4ec9ba160f1309487,DS1__relax_22,30.0,750,25.0,0,DS1__relax_22,0,750,30.0
DS1__relax_ORG_RLX(120),/Users/rafiabhista/Documents/code/apple/c1_audio/emomv_2/aria/media/minhdanh/5e31d1e3-0187-4837-8530-60bbac61578f1/home/minhdanh/Documents/EmoMV/Dataset1/DS1_TRAIN_MATCH/relax_ORG_RLX(120).mp4,relax,4,DS1,match,18f8b5a2ea25cb943ad8c4e92c7ca6fc527b022f2313ad73fd9e43e872358927,DS1__relax_ORG_RLX(120),30.5639,916,29.97,0,DS1__relax_ORG_RLX(120),0,916,30.5639
DS1__relax_TEST_MV(65)-80-of-118,/Users/rafiabhista/Documents/code/apple/c1_audio/emomv_2/aria/media/minhdanh/5e31d1e3-0187-4837-8530-60bbac61578f1/home/minhdanh/Documents/EmoMV/Dataset1/DS1_TRAIN_MATCH/relax_TEST_MV(65)-80-of-118.mp4,relax,4,DS1,match,ead91f03432f27bde456e94086e9aea420880e313597df4d73b2ea4a954dd90d,DS1__relax_TEST_MV(65),28.662,859,29.97,0,DS1__relax_TEST_MV(65)-80-of-118,0,859,28.662
DS1__relax_TT(4),/Users/rafiabhista/Documents/code/apple/c1_audio/emomv_2/aria/media/minhdanh/5e31d1e3-0187-4837-8530-60bbac61578f1/home/minhdanh/Documents/EmoMV/Dataset1/DS1_TRAIN_MATCH/relax_TT(4).mp4,relax,4,DS1,match,cfc933db8fbe13ae0c0d06c56b8b6b36f92619d357c8f02e6b645a4da3c26ac1,DS1__relax_TT(4),28.9956,869,29.97,0,DS1__relax_TT(4),0,869,28.9956
DS1__relax_81,/Users/rafiabhista/Documents/code/apple/c1_audio/emomv_2/aria/media/minhdanh/5e31d1e3-0187-4837-8530-60bbac61578f1/home/minhdanh/Documents/EmoMV/Dataset1/DS1_TRAIN_MATCH/relax_81.mp4,relax,4,DS1,match,c705b936d77b7a018fa614dea05bf10cf42aadb9f828201269ecae7f1109ec1f,DS1__relax_81,30.03,900,29.97,0,DS1__relax_81,0,900,30.03
DS1__relax_ORG_RLX(336),/Users/rafiabhista/Documents/code/apple/c1_audio/emomv_2/aria/media/minhdanh/5e31d1e3-0187-4837-8530-60bbac61578f1/home/minhdanh/Documents/EmoMV/Dataset1/DS1_TRAIN_MATCH/relax_ORG_RLX(336).mp4,relax,4,DS1,match,a77861f1960858ce479283c6f42649856615f51a314fdd123370aca3072cafce,DS1__relax_ORG_RLX(336),29.5628,886,29.9701,0,DS1__relax_ORG_RLX(336),0,886,29.5628
DS1__relax_62,/Users/rafiabhista/Documents/code/apple/c1_audio/emomv_2/aria/media/minhdanh/5e31d1e3-0187-4837-8530-60bbac61578f1/home/minhdanh/Documents/EmoMV/Dataset1/DS1_TRAIN_MATCH/relax_62.mp4,relax,4,DS1,match,f7aee726cbad63932cfbdbdc0c6ccc4097ff1dc7bdd165f15a6f8f8076ca2c6a,DS1__relax_62,30.03,900,29.97,0,DS1__relax_62,0,900,30.03
DS1__relax_ORG_RLX(80),/Users/rafiabhista/Documents/code/apple/c1_audio/emomv_2/aria/media/minhdanh/5e31d1e3-0187-4837-8530-60bbac61578f1/home/minhdanh/Documents/EmoMV/Dataset1/DS1_TRAIN_MATCH/relax_ORG_RLX(80).mp4,relax,4,DS1,match,8b0ff3dd489275166a0639d445f40334d1976f43a39f48147578b462d594ba38,DS1__relax_ORG_RLX(80),30.6306,918,29.97,0,DS1__relax_ORG_RLX(80),0,918,30.6306
DS1__relax_REVIEW_RLX(5),/Users/rafiabhista/Documents/code/apple/c1_audio/emomv_2/aria/media/minhdanh/5e31d1e3-0187-4837-8530-60bbac61578f1/home/minhdanh/Documents/EmoMV/Dataset1/DS1_TRAIN_MATCH/relax_REVIEW_RLX(5).mp4,relax,4,DS1,match,ee5af44d60e0f01d7e1c65a6e4cca5435bf4a82a1ff6deea9a1b58c4ba7df2dc,DS1__relax_REVIEW_RLX(5),30.7307,921,29.97,0,DS1__relax_REVIEW_RLX(5),0,921,30.7307
DS1__relax_Rellx_FINAL_DL(12),/Users/rafiabhista/Documents/code/apple/c1_audio/emomv_2/aria/media/minhdanh/5e31d1e3-0187-4837-8530-60bbac61578f1/home/minhdanh/Documents/EmoMV/Dataset1/DS1_TRAIN_MATCH/relax_Rellx_FINAL_DL(12).mp4,relax,4,DS1,match,ece7a687e02e5d5357323ead505deb610150f9f14240ede07b830067fd095bf4,DS1__relax_Rellx_FINAL_DL(12),29.8298,894,29.97,0,DS1__relax_Rellx_FINAL_DL(12),0,894,29.8298
DS1__relax_ORG_RLX(222),/Users/rafiabhista/Documents/code/apple/c1_audio/emomv_2/aria/media/minhdanh/5e31d1e3-0187-4837-8530-60bbac61578f1/home/minhdanh/Documents/EmoMV/Dataset1/DS1_TRAIN_MATCH/relax_ORG_RLX(222).mp4,relax,4,DS1,match,e31600de7144c90e108b441be449121f0e48edfd1a8c93163217ccbf6b0166cf,DS1__relax_ORG_RLX(222),30.24,756,25.0,0,DS1__relax_ORG_RLX(222),0,756,30.24
DS1__relax_7,/Users/rafiabhista/Documents/code/apple/c1_audio/emomv_2/aria/media/minhdanh/5e31d1e3-0187-4837-8530-60bbac61578f1/home/minhdanh/Documents/EmoMV/Dataset1/DS1_TRAIN_MATCH/relax_7.mp4,relax,4,DS1,match,19556c5b7bd62158bda5e23aba8dd62e121f6662d76e80b1ddec06a5134e8a11,DS1__relax_7,30.0,720,24.0,0,DS1__relax_7,0,720,30.0
DS1__relax_LLT_COLLT_RLX(14),/Users/rafiabhista/Documents/code/apple/c1_audio/emomv_2/aria/media/minhdanh/5e31d1e3-0187-4837-8530-60bbac61578f1/home/minhdanh/Documents/EmoMV/Dataset1/DS1_TRAIN_MATCH/relax_LLT_COLLT_RLX(14).mp4,relax,4,DS1,match,26a446db6d845c218b396b239de84d104a3ed404095c90262cea48ee2017a680,DS1__relax_LLT_COLLT_RLX(14),29.9667,899,30.0,0,DS1__relax_LLT_COLLT_RLX(14),0,899,29.9667
DS1__relax_REVIEW_RLX(22),/Users/rafiabhista/Documents/code/apple/c1_audio/emomv_2/aria/media/minhdanh/5e31d1e3-0187-4837-8530-60bbac61578f1/home/minhdanh/Documents/EmoMV/Dataset1/DS1_TRAIN_MATCH/relax_REVIEW_RLX(22).mp4,relax,4,DS1,match,5d44397fca74927e2d71c8fd680e33a75a6721504d72b3debc0a45ef3eb2c5ba,DS1__relax_REVIEW_RLX(22),32.3667,971,30.0,0,DS1__relax_REVIEW_RLX(22),0,971,32.3667
DS1__relax_TEST_MV(54)-94-of-143,/Users/rafiabhista/Documents/code/apple/c1_audio/emomv_2/aria/media/minhdanh/5e31d1e3-0187-4837-8530-60bbac61578f1/home/minhdanh/Documents/EmoMV/Dataset1/DS1_TRAIN_MATCH/relax_TEST_MV(54)-94-of-143.mp4,relax,4,DS1,match,e28367e51c1e744f5f63a4dff8ee81af13a1ace82198c3b678a9616823132f86,DS1__relax_TEST_MV(54),29.0957,872,29.97,0,DS1__relax_TEST_MV(54)-94-of-143,0,872,29.0957
DS1__relax_TEST_TENS(7)-3-of-8,/Users/rafiabhista/Documents/code/apple/c1_audio/emomv_2/aria/media/minhdanh/5e31d1e3-0187-4837-8530-60bbac61578f1/home/minhdanh/Documents/EmoMV/Dataset1/DS1_TRAIN_MATCH/relax_TEST_TENS(7)-3-of-8.mp4,relax,4,DS1,match,b8b50e1e20b25a12380b027146f3dcb92cae7b3cdd632c41dd6ed27d031ebd2e,DS1__relax_TEST_TENS(7),29.5295,885,29.97,0,DS1__relax_TEST_TENS(7)-3-of-8,0,885,29.5295
DS1__relax_Rellx_FINAL_DL(194),/Users/rafiabhista/Documents/code/apple/c1_audio/emomv_2/aria/media/minhdanh/5e31d1e3-0187-4837-8530-60bbac61578f1/home/minhdanh/Documents/EmoMV/Dataset1/DS1_TRAIN_MATCH/relax_Rellx_FINAL_DL(194).mp4,relax,4,DS1,match,1938c3f90754339802259d9aec692bac33a633a59e5ecd8d81f9018c5d08c672,DS1__relax_Rellx_FINAL_DL(194),28.395,851,29.97,0,DS1__relax_Rellx_FINAL_DL(194),0,851,28.395
DS1__relax_ORG_RLX(169),/Users/rafiabhista/Documents/code/apple/c1_audio/emomv_2/aria/media/minhdanh/5e31d1e3-0187-4837-8530-60bbac61578f1/home/minhdanh/Documents/EmoMV/Dataset1/DS1_TRAIN_MATCH/relax_ORG_RLX(169).mp4,relax,4,DS1,match,fbbe5e10cc58ed804dfec0cc89337886d1c88b4bbcd799b386cda169b209d4d3,DS1__relax_ORG_RLX(169),29.52,738,25.0,0,DS1__relax_ORG_RLX(169),0,738,29.52
DS1__relax_ORG_RLX(5),/Users/rafiabhista/Documents/code/apple/c1_audio/emomv_2/aria/media/minhdanh/5e31d1e3-0187-4837-8530-60bbac61578f1/home/minhdanh/Documents/EmoMV/Dataset1/DS1_TRAIN_MATCH/relax_ORG_RLX(5).mp4,relax,4,DS1,match,32997df4be2c50d235e8d4ca73ef3ce29d3dc5e984aae92696b2ac8a08257d96,DS1__relax_ORG_RLX(5),29.76,744,25.0,0,DS1__relax_ORG_RLX(5),0,744,29.76
DS1__relax_93,/Users/rafiabhista/Documents/code/apple/c1_audio/emomv_2/aria/media/minhdanh/5e31d1e3-0187-4837-8530-60bbac61578f1/home/minhdanh/Documents/EmoMV/Dataset1/DS1_TRAIN_MATCH/relax_93.mp4,relax,4,DS1,match,da49f49a86c9ca54ad3eb89d23da56e7e23af58ef17cb7beba21f89406dc459a,DS1__relax_93,30.0,750,25.0,0,DS1__relax_93,0,750,30.0
DS1__relax_FINAL_Relx_DL_Relx(4),/Users/rafiabhista/Documents/code/apple/c1_audio/emomv_2/aria/media/minhdanh/5e31d1e3-0187-4837-8530-60bbac61578f1/home/minhdanh/Documents/EmoMV/Dataset1/DS1_TRAIN_MATCH/relax_FINAL_Relx_DL_Relx(4).mp4,relax,4,DS1,match,ef13ada151557213cdff98145ccd97d1937b2b78c7d57727c11916826db40ff1,DS1__relax_FINAL_Relx_DL_Relx(4),29.5629,886,29.97,0,DS1__relax_FINAL_Relx_DL_Relx(4),0,886,29.5629
DS1__relax_DEAP_DB_REL(20),/Users/rafiabhista/Documents/code/apple/c1_audio/emomv_2/aria/media/minhdanh/5e31d1e3-0187-4837-8530-60bbac61578f1/home/minhdanh/Documents/EmoMV/Dataset1/DS1_TRAIN_MATCH/relax_DEAP_DB_REL(20).mp4,relax,4,DS1,match,768b2db1ffad48753a011e06d9a897a7721f4dbe053b2d452cc58ea061b645e0,DS1__relax_DEAP_DB_REL(20),28.608,715,24.993,0,DS1__relax_DEAP_DB_REL(20),0,715,28.608
DS1__relax_FINAL_Relx_DL_Relx(35),/Users/rafiabhista/Documents/code/apple/c1_audio/emomv_2/aria/media/minhdanh/5e31d1e3-0187-4837-8530-60bbac61578f1/home/minhdanh/Documents/EmoMV/Dataset1/DS1_TRAIN_MATCH/relax_FINAL_Relx_DL_Relx(35).mp4,relax,4,DS1,match,b8f3768720af3246638ee5a1e37fe551e880204eae60d3d4abfacbdb08b2d4c5,DS1__relax_FINAL_Relx_DL_Relx(35),27.68,692,25.0,0,DS1__relax_FINAL_Relx_DL_Relx(35),0,692,27.68
DS1__relax_Relx_FINAL_DL(20),/Users/rafiabhista/Documents/code/apple/c1_audio/emomv_2/aria/media/minhdanh/5e31d1e3-0187-4837-8530-60bbac61578f1/home/minhdanh/Documents/EmoMV/Dataset1/DS1_TRAIN_MATCH/relax_Relx_FINAL_DL(20).mp4,relax,4,DS1,match,ca9ea34f0c9c6142b5a05d0e9bd2c97afbb63946e4f2420e82a25b06c69fad90,DS1__relax_Relx_FINAL_DL(20),28.2917,679,24.0,0,DS1__relax_Relx_FINAL_DL(20),0,679,28.2917
DS1__relax_ORG_RLX(245),/Users/rafiabhista/Documents/code/apple/c1_audio/emomv_2/aria/media/minhdanh/5e31d1e3-0187-4837-8530-60bbac61578f1/home/minhdanh/Documents/EmoMV/Dataset1/DS1_TRAIN_MATCH/relax_ORG_RLX(245).mp4,relax,4,DS1,match,a1b778866f8447b04386da08a43121cf35237cf1240eb8d187dc6115ac13a7fd,DS1__relax_ORG_RLX(245),31.28,782,25.0,0,DS1__relax_ORG_RLX(245),0,782,31.28
DS1__relax_33,/Users/rafiabhista/Documents/code/apple/c1_audio/emomv_2/aria/media/minhdanh/5e31d1e3-0187-4837-8530-60bbac61578f1/home/minhdanh/Documents/EmoMV/Dataset1/DS1_TRAIN_MATCH/relax_33.mp4,relax,4,DS1,match,564be5934cba671107c8d62f4fbf99bf77ddbb2964ba189ce42eade430a54c12,DS1__relax_33,30.03,900,29.97,0,DS1__relax_33,0,900,30.03
DS1__relax_REVIEW_EXT(00),/Users/rafiabhista/Documents/code/apple/c1_audio/emomv_2/aria/media/minhdanh/5e31d1e3-0187-4837-8530-60bbac61578f1/home/minhdanh/Documents/EmoMV/Dataset1/DS1_TRAIN_MATCH/relax_REVIEW_EXT(00).mp4,relax,4,DS1,match,caee1953561572f0f304c07877826c6b6f76b844aa38e7b371f17deb9080489f,DS1__relax_REVIEW_EXT(00),28.8,720,25.0,0,DS1__relax_REVIEW_EXT(00),0,720,28.8
DS1__relax_RELX_MEA(11)-5-of-9,/Users/rafiabhista/Documents/code/apple/c1_audio/emomv_2/aria/media/minhdanh/5e31d1e3-0187-4837-8530-60bbac61578f1/home/minhdanh/Documents/EmoMV/Dataset1/DS1_TRAIN_MATCH/relax_RELX_MEA(11)-5-of-9.mp4,relax,4,DS1,match,6933dc3968fffb6f6096f2c6f939e864b0cd4fa71dea330e29bfdb1df70b4064,DS1__relax_RELX_MEA(11),29.9049,717,23.976,0,DS1__relax_RELX_MEA(11)-5-of-9,0,717,29.9049
DS1__relax_FINAL_DL_Relx(119),/Users/rafiabhista/Documents/code/apple/c1_audio/emomv_2/aria/media/minhdanh/5e31d1e3-0187-4837-8530-60bbac61578f1/home/minhdanh/Documents/EmoMV/Dataset1/DS1_TRAIN_MATCH/relax_FINAL_DL_Relx(119).mp4,relax,4,DS1,match,77cd2a59adf915caf684a41f53a576829e372a45d1211a2d0b78500cd77db9a1,DS1__relax_FINAL_DL_Relx(119),25.8592,775,29.97,0,DS1__relax_FINAL_DL_Relx(119),0,775,25.8592
DS1__relax_ORG_RLX(229),/Users/rafiabhista/Documents/code/apple/c1_audio/emomv_2/aria/media/minhdanh/5e31d1e3-0187-4837-8530-60bbac61578f1/home/minhdanh/Documents/EmoMV/Dataset1/DS1_TRAIN_MATCH/relax_ORG_RLX(229).mp4,relax,4,DS1,match,b8777fd02dfed20e1551df7f3728d0ccaeacd97e7a7ef11f7fcacd06621efd2d,DS1__relax_ORG_RLX(229),30.8308,924,29.97,0,DS1__relax_ORG_RLX(229),0,924,30.8308
DS1__relax_Relx_FINAL_DL(132),/Users/rafiabhista/Documents/code/apple/c1_audio/emomv_2/aria/media/minhdanh/5e31d1e3-0187-4837-8530-60bbac61578f1/home/minhdanh/Documents/EmoMV/Dataset1/DS1_TRAIN_MATCH/relax_Relx_FINAL_DL(132).mp4,relax,4,DS1,match,2a2bea52d685e28a80acdc9b7ab0198e62ad2bb5c57263fa7dec3d7dfed82d1c,DS1__relax_Relx_FINAL_DL(132),28.5702,685,23.976,0,DS1__relax_Relx_FINAL_DL(132),0,685,28.5702
DS1__relax_TEST_MV(55)-3-of-8,/Users/rafiabhista/Documents/code/apple/c1_audio/emomv_2/aria/media/minhdanh/5e31d1e3-0187-4837-8530-60bbac61578f1/home/minhdanh/Documents/EmoMV/Dataset1/DS1_TRAIN_MATCH/relax_TEST_MV(55)-3-of-8.mp4,relax,4,DS1,match,b73789ad035b54d7cf83fd52dfc44dd4325c91ac4849436b6bb9f529fc4aeaa1,DS1__relax_TEST_MV(55),28.0614,841,29.97,0,DS1__relax_TEST_MV(55)-3-of-8,0,841,28.0614
DS1__relax_TEST_MV(41)-3-of-5,/Users/rafiabhista/Documents/code/apple/c1_audio/emomv_2/aria/media/minhdanh/5e31d1e3-0187-4837-8530-60bbac61578f1/home/minhdanh/Documents/EmoMV/Dataset1/DS1_TRAIN_MATCH/relax_TEST_MV(41)-3-of-5.mp4,relax,4,DS1,match,9ec7d121d3981f658c839615f5eb26c6894371e6d266fa826ec637bfadd1b6d2,DS1__relax_TEST_MV(41),25.9843,623,23.976,0,DS1__relax_TEST_MV(41)-3-of-5,0,623,25.9843
DS1__relax_TT(6),/Users/rafiabhista/Documents/code/apple/c1_audio/emomv_2/aria/media/minhdanh/5e31d1e3-0187-4837-8530-60bbac61578f1/home/minhdanh/Documents/EmoMV/Dataset1/DS1_TRAIN_MATCH/relax_TT(6).mp4,relax,4,DS1,match,ef54e0775e8ebef400f49dfbc09599f5926c914782e662ce7dfc59d4285a409b,DS1__relax_TT(6),28.92,723,25.0,0,DS1__relax_TT(6),0,723,28.92
DS1__relax_ORG_RLX(33),/Users/rafiabhista/Documents/code/apple/c1_audio/emomv_2/aria/media/minhdanh/5e31d1e3-0187-4837-8530-60bbac61578f1/home/minhdanh/Documents/EmoMV/Dataset1/DS1_TRAIN_MATCH/relax_ORG_RLX(33).mp4,relax,4,DS1,match,a0afdabc7817a3799a386cfc47c809e2c992c1cb5f652dbc4bbf00c24c61c03c,DS1__relax_ORG_RLX(33),29.96,749,25.0,0,DS1__relax_ORG_RLX(33),0,749,29.96
DS1__relax_ORG_RLX(306),/Users/rafiabhista/Documents/code/apple/c1_audio/emomv_2/aria/media/minhdanh/5e31d1e3-0187-4837-8530-60bbac61578f1/home/minhdanh/Documents/EmoMV/Dataset1/DS1_TRAIN_MATCH/relax_ORG_RLX(306).mp4,relax,4,DS1,match,880a8cea5bd22364439ddcd727964bdb6f27a1e0da3ba7e6df8058b6440f57db,DS1__relax_ORG_RLX(306),30.36,759,25.0,0,DS1__relax_ORG_RLX(306),0,759,30.36
DS1__relax_ORG_RLX(19),/Users/rafiabhista/Documents/code/apple/c1_audio/emomv_2/aria/media/minhdanh/5e31d1e3-0187-4837-8530-60bbac61578f1/home/minhdanh/Documents/EmoMV/Dataset1/DS1_TRAIN_MATCH/relax_ORG_RLX(19).mp4,relax,4,DS1,match,bdc84dbb2558eba4b71ad38584ed507113602a28fd1df3f9683c9721d2aac028,DS1__relax_ORG_RLX(19),28.96,724,25.0,0,DS1__relax_ORG_RLX(19),0,724,28.96
DS1__relax_FINAL_Relx_DL_Relx(70),/Users/rafiabhista/Documents/code/apple/c1_audio/emomv_2/aria/media/minhdanh/5e31d1e3-0187-4837-8530-60bbac61578f1/home/minhdanh/Documents/EmoMV/Dataset1/DS1_TRAIN_MATCH/relax_FINAL_Relx_DL_Relx(70).mp4,relax,4,DS1,match,5a36a164fab62b29e54e8b22ab4f34f2478a1fa6bcb64938c11a36c07b55630b,DS1__relax_FINAL_Relx_DL_Relx(70),28.2,705,25.0,0,DS1__relax_FINAL_Relx_DL_Relx(70),0,705,28.2
DS1__relax_Rellx_FINAL_DL(52),/Users/rafiabhista/Documents/code/apple/c1_audio/emomv_2/aria/media/minhdanh/5e31d1e3-0187-4837-8530-60bbac61578f1/home/minhdanh/Documents/EmoMV/Dataset1/DS1_TRAIN_MATCH/relax_Rellx_FINAL_DL(52).mp4,relax,4,DS1,match,7999439340cb9ed445fb4c6f9b9dd953609a82c9f4f3503e638d28989cca4020,DS1__relax_Rellx_FINAL_DL(52),29.12,728,25.0,0,DS1__relax_Rellx_FINAL_DL(52),0,728,29.12
DS1__relax_ORG_RLX(136),/Users/rafiabhista/Documents/code/apple/c1_audio/emomv_2/aria/media/minhdanh/5e31d1e3-0187-4837-8530-60bbac61578f1/home/minhdanh/Documents/EmoMV/Dataset1/DS1_TRAIN_MATCH/relax_ORG_RLX(136).mp4,relax,4,DS1,match,714f0c5b0dd40cf43d176b23baae7c689415128cd2a458787c650291765ac153,DS1__relax_ORG_RLX(136),30.28,757,25.0,0,DS1__relax_ORG_RLX(136),0,757,30.28
DS1__relax_REVIEW_RLX_LLT(19),/Users/rafiabhista/Documents/code/apple/c1_audio/emomv_2/aria/media/minhdanh/5e31d1e3-0187-4837-8530-60bbac61578f1/home/minhdanh/Documents/EmoMV/Dataset1/DS1_TRAIN_MATCH/relax_REVIEW_RLX_LLT(19).mp4,relax,4,DS1,match,0b8acb52386397584005ce86162b95cae4107cbb9fc84302962a689ff991440c,DS1__relax_REVIEW_RLX_LLT(19),29.2,876,30.0,0,DS1__relax_REVIEW_RLX_LLT(19),0,876,29.2
DS1__relax_ORG_RLX(98),/Users/rafiabhista/Documents/code/apple/c1_audio/emomv_2/aria/media/minhdanh/5e31d1e3-0187-4837-8530-60bbac61578f1/home/minhdanh/Documents/EmoMV/Dataset1/DS1_TRAIN_MATCH/relax_ORG_RLX(98).mp4,relax,4,DS1,match,97385e03fe6d8d3c1f7bf9abc9b2cf2f026700b0297857fdbf67755a385cd97b,DS1__relax_ORG_RLX(98),21.2546,637,29.97,0,DS1__relax_ORG_RLX(98),0,637,21.2546
DS1__relax_LLT_COLLT_RLX(10),/Users/rafiabhista/Documents/code/apple/c1_audio/emomv_2/aria/media/minhdanh/5e31d1e3-0187-4837-8530-60bbac61578f1/home/minhdanh/Documents/EmoMV/Dataset1/DS1_TRAIN_MATCH/relax_LLT_COLLT_RLX(10).mp4,relax,4,DS1,match,cbd7355c448d1ccb00048abe8fda1ef9d22a5cb2fcc0ced4d5344b0afba06007,DS1__relax_LLT_COLLT_RLX(10),28.36,709,25.0,0,DS1__relax_LLT_COLLT_RLX(10),0,709,28.36
DS1__relax_96,/Users/rafiabhista/Documents/code/apple/c1_audio/emomv_2/aria/media/minhdanh/5e31d1e3-0187-4837-8530-60bbac61578f1/home/minhdanh/Documents/EmoMV/Dataset1/DS1_TRAIN_MATCH/relax_96.mp4,relax,4,DS1,match,b9d4728390fc7b6f64a9154c73b5298e48b19900b68124c190912b7fb220d666,DS1__relax_96,30.0,750,25.0,0,DS1__relax_96,0,750,30.0
DS1__relax_FINAL_Relx_DL_Relx(9),/Users/rafiabhista/Documents/code/apple/c1_audio/emomv_2/aria/media/minhdanh/5e31d1e3-0187-4837-8530-60bbac61578f1/home/minhdanh/Documents/EmoMV/Dataset1/DS1_TRAIN_MATCH/relax_FINAL_Relx_DL_Relx(9).mp4,relax,4,DS1,match,b9ffe5387bf1aca16e18391e70cfddc6697af345d990e63a1d3d32efec30feb8,DS1__relax_FINAL_Relx_DL_Relx(9),25.5255,708,27.737,0,DS1__relax_FINAL_Relx_DL_Relx(9),0,708,25.5255
DS1__relax_REVIEW_RLX(18),/Users/rafiabhista/Documents/code/apple/c1_audio/emomv_2/aria/media/minhdanh/5e31d1e3-0187-4837-8530-60bbac61578f1/home/minhdanh/Documents/EmoMV/Dataset1/DS1_TRAIN_MATCH/relax_REVIEW_RLX(18).mp4,relax,4,DS1,match,836e11b4cbea0e74e828a60677d7470e5b3d27da6727fc734f988a2b90b9bee3,DS1__relax_REVIEW_RLX(18),31.0644,931,29.97,0,DS1__relax_REVIEW_RLX(18),0,931,31.0644
DS1__relax_TEST_RELX(43)-19-of-34,/Users/rafiabhista/Documents/code/apple/c1_audio/emomv_2/aria/media/minhdanh/5e31d1e3-0187-4837-8530-60bbac61578f1/home/minhdanh/Documents/EmoMV/Dataset1/DS1_TRAIN_MATCH/relax_TEST_RELX(43)-19-of-34.mp4,relax,4,DS1,match,392e0bc06cc800d0a6b2fc6fe2bac681967df8da740a1512dce6ed7fd3d8719c,DS1__relax_TEST_RELX(43),25.4921,764,29.97,0,DS1__relax_TEST_RELX(43)-19-of-34,0,764,25.4921
DS1__relax_FINAL_Relx_DL_Relx(53),/Users/rafiabhista/Documents/code/apple/c1_audio/emomv_2/aria/media/minhdanh/5e31d1e3-0187-4837-8530-60bbac61578f1/home/minhdanh/Documents/EmoMV/Dataset1/DS1_TRAIN_MATCH/relax_FINAL_Relx_DL_Relx(53).mp4,relax,4,DS1,match,bf62cbf340ac3f0884f51f5561fc3a97f7c75f00cd669c32b7df0c0697098116,DS1__relax_FINAL_Relx_DL_Relx(53),28.56,714,25.0,0,DS1__relax_FINAL_Relx_DL_Relx(53),0,714,28.56
DS1__relax_FINAL_Relx_DL_Relx(31),/Users/rafiabhista/Documents/code/apple/c1_audio/emomv_2/aria/media/minhdanh/5e31d1e3-0187-4837-8530-60bbac61578f1/home/minhdanh/Documents/EmoMV/Dataset1/DS1_TRAIN_MATCH/relax_FINAL_Relx_DL_Relx(31).mp4,relax,4,DS1,match,88245a55fd0699533c133053fa55223e9dd2e286490cdc628c8695e5ecaa7464,DS1__relax_FINAL_Relx_DL_Relx(31),29.28,732,25.0,0,DS1__relax_FINAL_Relx_DL_Relx(31),0,732,29.28
DS1__relax_Rellx_FINAL_DL(177),/Users/rafiabhista/Documents/code/apple/c1_audio/emomv_2/aria/media/minhdanh/5e31d1e3-0187-4837-8530-60bbac61578f1/home/minhdanh/Documents/EmoMV/Dataset1/DS1_TRAIN_MATCH/relax_Rellx_FINAL_DL(177).mp4,relax,4,DS1,match,21fa25ca1f5b12ea28ffa330608a94d157cf240e94bda8d27f77452bf9197d9a,DS1__relax_Rellx_FINAL_DL(177),24.9249,747,29.97,0,DS1__relax_Rellx_FINAL_DL(177),0,747,24.9249
DS1__relax_ORG_RLX(130),/Users/rafiabhista/Documents/code/apple/c1_audio/emomv_2/aria/media/minhdanh/5e31d1e3-0187-4837-8530-60bbac61578f1/home/minhdanh/Documents/EmoMV/Dataset1/DS1_TRAIN_MATCH/relax_ORG_RLX(130).mp4,relax,4,DS1,match,01808fd119751c83eaf08931855e00416a880feaf07d89a9f7a4e935551edfc1,DS1__relax_ORG_RLX(130),29.8,745,25.0,0,DS1__relax_ORG_RLX(130),0,745,29.8
DS1__relax_Rellx_FINAL_DL(95),/Users/rafiabhista/Documents/code/apple/c1_audio/emomv_2/aria/media/minhdanh/5e31d1e3-0187-4837-8530-60bbac61578f1/home/minhdanh/Documents/EmoMV/Dataset1/DS1_TRAIN_MATCH/relax_Rellx_FINAL_DL(95).mp4,relax,4,DS1,match,e1712dad5c316aa57068918a44ed538203f2ed0486876f947cf4880cb32ca380,DS1__relax_Rellx_FINAL_DL(95),28.32,708,25.0,0,DS1__relax_Rellx_FINAL_DL(95),0,708,28.32
DS1__relax_TEST_MV(41)-4-of-5,/Users/rafiabhista/Documents/code/apple/c1_audio/emomv_2/aria/media/minhdanh/5e31d1e3-0187-4837-8530-60bbac61578f1/home/minhdanh/Documents/EmoMV/Dataset1/DS1_TRAIN_MATCH/relax_TEST_MV(41)-4-of-5.mp4,relax,4,DS1,match,1354271eeb3141433c85cd0e3c5c03b4932e12fa3bae2c0853099e19cb6df5c4,DS1__relax_TEST_MV(41),29.321,703,23.976,0,DS1__relax_TEST_MV(41)-4-of-5,0,703,29.321
DS1__relax_Rellx_FINAL_DL(157),/Users/rafiabhista/Documents/code/apple/c1_audio/emomv_2/aria/media/minhdanh/5e31d1e3-0187-4837-8530-60bbac61578f1/home/minhdanh/Documents/EmoMV/Dataset1/DS1_TRAIN_MATCH/relax_Rellx_FINAL_DL(157).mp4,relax,4,DS1,match,ba9db313ffb90f0ff436e349389bbb0883fd53337ff6e8a7fdac00305522c971,DS1__relax_Rellx_FINAL_DL(157),29.04,726,25.0,0,DS1__relax_Rellx_FINAL_DL(157),0,726,29.04
DS1__relax_TEST_RELX(35)-37-of-80,/Users/rafiabhista/Documents/code/apple/c1_audio/emomv_2/aria/media/minhdanh/5e31d1e3-0187-4837-8530-60bbac61578f1/home/minhdanh/Documents/EmoMV/Dataset1/DS1_TRAIN_MATCH/relax_TEST_RELX(35)-37-of-80.mp4,relax,4,DS1,match,29dc08bf30d67614b015cd21bc1b1cf31b66d221a92232f5986d7cad77dca08e,DS1__relax_TEST_RELX(35),29.9967,899,29.97,0,DS1__relax_TEST_RELX(35)-37-of-80,0,899,29.9967
DS1__relax_ORG_RLX(268),/Users/rafiabhista/Documents/code/apple/c1_audio/emomv_2/aria/media/minhdanh/5e31d1e3-0187-4837-8530-60bbac61578f1/home/minhdanh/Documents/EmoMV/Dataset1/DS1_TRAIN_MATCH/relax_ORG_RLX(268).mp4,relax,4,DS1,match,bf88933f36823b6334f5d4da7ab4cecb1f5c0e479257377e58521b4423d8e9c2,DS1__relax_ORG_RLX(268),19.64,491,25.0,0,DS1__relax_ORG_RLX(268),0,491,19.64
DS1__relax_Rellx_FINAL_DL(114),/Users/rafiabhista/Documents/code/apple/c1_audio/emomv_2/aria/media/minhdanh/5e31d1e3-0187-4837-8530-60bbac61578f1/home/minhdanh/Documents/EmoMV/Dataset1/DS1_TRAIN_MATCH/relax_Rellx_FINAL_DL(114).mp4,relax,4,DS1,match,1c90ca222b6467c4af98442a91937702d8389892f186e836545e07375ba122b2,DS1__relax_Rellx_FINAL_DL(114),28.56,714,25.0,0,DS1__relax_Rellx_FINAL_DL(114),0,714,28.56
DS1__relax_ORG_RLX(256),/Users/rafiabhista/Documents/code/apple/c1_audio/emomv_2/aria/media/minhdanh/5e31d1e3-0187-4837-8530-60bbac61578f1/home/minhdanh/Documents/EmoMV/Dataset1/DS1_TRAIN_MATCH/relax_ORG_RLX(256).mp4,relax,4,DS1,match,ea36e4bac63929eed0996ee76178c931e2441dfb48485f9c1da56e34cd98c15d,DS1__relax_ORG_RLX(256),30.36,759,25.0,0,DS1__relax_ORG_RLX(256),0,759,30.36
DS1__relax_ORG_RLX(72),/Users/rafiabhista/Documents/code/apple/c1_audio/emomv_2/aria/media/minhdanh/5e31d1e3-0187-4837-8530-60bbac61578f1/home/minhdanh/Documents/EmoMV/Dataset1/DS1_TRAIN_MATCH/relax_ORG_RLX(72).mp4,relax,4,DS1,match,cdf361471ad4360c6b4b7be1c5a98f199e2219cde9d35f8a292219aa31840030,DS1__relax_ORG_RLX(72),30.4667,914,30.0,0,DS1__relax_ORG_RLX(72),0,914,30.4667
DS1__relax_RELX_MEA(29)-10-of-11,/Users/rafiabhista/Documents/code/apple/c1_audio/emomv_2/aria/media/minhdanh/5e31d1e3-0187-4837-8530-60bbac61578f1/home/minhdanh/Documents/EmoMV/Dataset1/DS1_TRAIN_MATCH/relax_RELX_MEA(29)-10-of-11.mp4,relax,4,DS1,match,418063bc16ac15c28266276dff72955cceadd472363e34ca3452b7ee0eae0a94,DS1__relax_RELX_MEA(29),29.28,732,25.0,0,DS1__relax_RELX_MEA(29)-10-of-11,0,732,29.28
DS1__relax_Rellx_FINAL_DL(134),/Users/rafiabhista/Documents/code/apple/c1_audio/emomv_2/aria/media/minhdanh/5e31d1e3-0187-4837-8530-60bbac61578f1/home/minhdanh/Documents/EmoMV/Dataset1/DS1_TRAIN_MATCH/relax_Rellx_FINAL_DL(134).mp4,relax,4,DS1,match,3a56391c89c7bfb8c847ad9b12871192266965cd63767960bb425853b72db279,DS1__relax_Rellx_FINAL_DL(134),28.04,701,25.0,0,DS1__relax_Rellx_FINAL_DL(134),0,701,28.04
DS1__relax_REVIEW_RLX(26),/Users/rafiabhista/Documents/code/apple/c1_audio/emomv_2/aria/media/minhdanh/5e31d1e3-0187-4837-8530-60bbac61578f1/home/minhdanh/Documents/EmoMV/Dataset1/DS1_TRAIN_MATCH/relax_REVIEW_RLX(26).mp4,relax,4,DS1,match,fd5a75bda3329e458823da0a763fbc7ab1c1f9e811d7907b30d85377e849a8d0,DS1__relax_REVIEW_RLX(26),30.0,900,30.0,0,DS1__relax_REVIEW_RLX(26),0,900,30.0
DS1__relax_TEST_MV(57)-4-of-11,/Users/rafiabhista/Documents/code/apple/c1_audio/emomv_2/aria/media/minhdanh/5e31d1e3-0187-4837-8530-60bbac61578f1/home/minhdanh/Documents/EmoMV/Dataset1/DS1_TRAIN_MATCH/relax_TEST_MV(57)-4-of-11.mp4,relax,4,DS1,match,ab29d3e3b62765abebc3f0b31dfeb2633ee1192de3eedd3630986932049248ef,DS1__relax_TEST_MV(57),29.7797,714,23.976,0,DS1__relax_TEST_MV(57)-4-of-11,0,714,29.7797
DS1__relax_Rellx_FINAL_DL(121),/Users/rafiabhista/Documents/code/apple/c1_audio/emomv_2/aria/media/minhdanh/5e31d1e3-0187-4837-8530-60bbac61578f1/home/minhdanh/Documents/EmoMV/Dataset1/DS1_TRAIN_MATCH/relax_Rellx_FINAL_DL(121).mp4,relax,4,DS1,match,4ac79c0dde2019209df3a0dd37b95b978f28ddb1fb2bc878d6a428a33d7a86df,DS1__relax_Rellx_FINAL_DL(121),30.0,750,25.0,0,DS1__relax_Rellx_FINAL_DL(121),0,750,30.0
DS1__relax_ORG_RLX(159),/Users/rafiabhista/Documents/code/apple/c1_audio/emomv_2/aria/media/minhdanh/5e31d1e3-0187-4837-8530-60bbac61578f1/home/minhdanh/Documents/EmoMV/Dataset1/DS1_TRAIN_MATCH/relax_ORG_RLX(159).mp4,relax,4,DS1,match,933d65dcf41e8a7422966fbc848339df27fe7f4d63f35e9b5428e0cb2e77688d,DS1__relax_ORG_RLX(159),31.3981,941,29.97,0,DS1__relax_ORG_RLX(159),0,941,31.3981
DS1__relax_LLT_COLLT_RLX(41),/Users/rafiabhista/Documents/code/apple/c1_audio/emomv_2/aria/media/minhdanh/5e31d1e3-0187-4837-8530-60bbac61578f1/home/minhdanh/Documents/EmoMV/Dataset1/DS1_TRAIN_MATCH/relax_LLT_COLLT_RLX(41).mp4,relax,4,DS1,match,cc10780090241dc2b9de55899b8e4d41df6cb2773d72271e841109f7fd0dac3b,DS1__relax_LLT_COLLT_RLX(41),29.2,730,25.0,0,DS1__relax_LLT_COLLT_RLX(41),0,730,29.2
DS1__relax_TEST_RELX(39)-12-of-14,/Users/rafiabhista/Documents/code/apple/c1_audio/emomv_2/aria/media/minhdanh/5e31d1e3-0187-4837-8530-60bbac61578f1/home/minhdanh/Documents/EmoMV/Dataset1/DS1_TRAIN_MATCH/relax_TEST_RELX(39)-12-of-14.mp4,relax,4,DS1,match,5a93f876e9e7d57186b745e5967feff825e973f1179c3fd1c4a97003fdca110d,DS1__relax_TEST_RELX(39),29.92,748,25.0,0,DS1__relax_TEST_RELX(39)-12-of-14,0,748,29.92
DS1__relax_LLT_COLLT_RLX(26),/Users/rafiabhista/Documents/code/apple/c1_audio/emomv_2/aria/media/minhdanh/5e31d1e3-0187-4837-8530-60bbac61578f1/home/minhdanh/Documents/EmoMV/Dataset1/DS1_TRAIN_MATCH/relax_LLT_COLLT_RLX(26).mp4,relax,4,DS1,match,a775cec09f06bf5787c01be3264ccc930007565dbc0f9e6dba0829157aeb4753,DS1__relax_LLT_COLLT_RLX(26),28.3617,850,29.97,0,DS1__relax_LLT_COLLT_RLX(26),0,850,28.3617
DS1__relax_Relx_FINAL_DL(156),/Users/rafiabhista/Documents/code/apple/c1_audio/emomv_2/aria/media/minhdanh/5e31d1e3-0187-4837-8530-60bbac61578f1/home/minhdanh/Documents/EmoMV/Dataset1/DS1_TRAIN_MATCH/relax_Relx_FINAL_DL(156).mp4,relax,4,DS1,match,7e1db6895ad98972a4f080febc90d387f1193f4565b04b945936e04c71c45694,DS1__relax_Relx_FINAL_DL(156),29.76,744,25.0,0,DS1__relax_Relx_FINAL_DL(156),0,744,29.76
DS1__relax_Relx_FINAL_DL(159),/Users/rafiabhista/Documents/code/apple/c1_audio/emomv_2/aria/media/minhdanh/5e31d1e3-0187-4837-8530-60bbac61578f1/home/minhdanh/Documents/EmoMV/Dataset1/DS1_TRAIN_MATCH/relax_Relx_FINAL_DL(159).mp4,relax,4,DS1,match,8e1af7a3a73b1d151807c0be3752ab0cc34147129d5e50be70a31aa036d79664,DS1__relax_Relx_FINAL_DL(159),30.0,750,25.0,0,DS1__relax_Relx_FINAL_DL(159),0,750,30.0
DS1__relax_ORG_RLX(242),/Users/rafiabhista/Documents/code/apple/c1_audio/emomv_2/aria/media/minhdanh/5e31d1e3-0187-4837-8530-60bbac61578f1/home/minhdanh/Documents/EmoMV/Dataset1/DS1_TRAIN_MATCH/relax_ORG_RLX(242).mp4,relax,4,DS1,match,727d51b6bf7240148a7cd2eb9cbf93daed165f330e70741bf36a4fa96eef42d8,DS1__relax_ORG_RLX(242),30.3917,756,24.8752,0,DS1__relax_ORG_RLX(242),0,756,30.3917
DS1__relax_ORG_RLX(135),/Users/rafiabhista/Documents/code/apple/c1_audio/emomv_2/aria/media/minhdanh/5e31d1e3-0187-4837-8530-60bbac61578f1/home/minhdanh/Documents/EmoMV/Dataset1/DS1_TRAIN_MATCH/relax_ORG_RLX(135).mp4,relax,4,DS1,match,aae24af3fa849091f9be53a3d6982a82002ec76d8ee136e7f1593d9d51340be6,DS1__relax_ORG_RLX(135),31.0978,932,29.97,0,DS1__relax_ORG_RLX(135),0,932,31.0978
DS1__relax_LLT_COLLT_RLX(13),/Users/rafiabhista/Documents/code/apple/c1_audio/emomv_2/aria/media/minhdanh/5e31d1e3-0187-4837-8530-60bbac61578f1/home/minhdanh/Documents/EmoMV/Dataset1/DS1_TRAIN_MATCH/relax_LLT_COLLT_RLX(13).mp4,relax,4,DS1,match,7042150337dc2c826893d53187e2bfd36439a8fe862a8c005d2e96ebc5f64684,DS1__relax_LLT_COLLT_RLX(13),29.4333,883,30.0,0,DS1__relax_LLT_COLLT_RLX(13),0,883,29.4333
DS1__relax_FINAL_Relx_DL_Relx(68),/Users/rafiabhista/Documents/code/apple/c1_audio/emomv_2/aria/media/minhdanh/5e31d1e3-0187-4837-8530-60bbac61578f1/home/minhdanh/Documents/EmoMV/Dataset1/DS1_TRAIN_MATCH/relax_FINAL_Relx_DL_Relx(68).mp4,relax,4,DS1,match,1fe07da72f737f4c2fe0a76aa1537198358fd44cd0072e53b7103efb8d5a1594,DS1__relax_FINAL_Relx_DL_Relx(68),29.3627,880,29.97,0,DS1__relax_FINAL_Relx_DL_Relx(68),0,880,29.3627
DS1__relax_Rellx_FINAL_DL(62),/Users/rafiabhista/Documents/code/apple/c1_audio/emomv_2/aria/media/minhdanh/5e31d1e3-0187-4837-8530-60bbac61578f1/home/minhdanh/Documents/EmoMV/Dataset1/DS1_TRAIN_MATCH/relax_Rellx_FINAL_DL(62).mp4,relax,4,DS1,match,9d4d97b63b37c7d4059200a1d28c09621a4fbf775d6df153c9f155a74668f0c6,DS1__relax_Rellx_FINAL_DL(62),28.76,719,25.0,0,DS1__relax_Rellx_FINAL_DL(62),0,719,28.76
DS1__relax_DEAP_DB_REL(52),/Users/rafiabhista/Documents/code/apple/c1_audio/emomv_2/aria/media/minhdanh/5e31d1e3-0187-4837-8530-60bbac61578f1/home/minhdanh/Documents/EmoMV/Dataset1/DS1_TRAIN_MATCH/relax_DEAP_DB_REL(52).mp4,relax,4,DS1,match,be82c8e64ffbcb80b803bf800552fbe4cd1f3c48257af1f350b3f36735a4f5e7,DS1__relax_DEAP_DB_REL(52),30.0,900,30.0,0,DS1__relax_DEAP_DB_REL(52),0,900,30.0
DS1__relax_LLT_COLLT_RLX(36),/Users/rafiabhista/Documents/code/apple/c1_audio/emomv_2/aria/media/minhdanh/5e31d1e3-0187-4837-8530-60bbac61578f1/home/minhdanh/Documents/EmoMV/Dataset1/DS1_TRAIN_MATCH/relax_LLT_COLLT_RLX(36).mp4,relax,4,DS1,match,904c2d6d143d49248e8325d75d53f2726916fcdd61c93eab9eb0c42e177ad80d,DS1__relax_LLT_COLLT_RLX(36),29.88,747,25.0,0,DS1__relax_LLT_COLLT_RLX(36),0,747,29.88
DS1__relax_19,/Users/rafiabhista/Documents/code/apple/c1_audio/emomv_2/aria/media/minhdanh/5e31d1e3-0187-4837-8530-60bbac61578f1/home/minhdanh/Documents/EmoMV/Dataset1/DS1_TRAIN_MATCH/relax_19.mp4,relax,4,DS1,match,d99f208fa06e61fa3fac546f3b6cc2f87e8a5e9f37befd9008b9be7d5a9e09a8,DS1__relax_19,30.0,750,25.0,0,DS1__relax_19,0,750,30.0
DS1__relax_DEAP_DB_REL(56),/Users/rafiabhista/Documents/code/apple/c1_audio/emomv_2/aria/media/minhdanh/5e31d1e3-0187-4837-8530-60bbac61578f1/home/minhdanh/Documents/EmoMV/Dataset1/DS1_TRAIN_MATCH/relax_DEAP_DB_REL(56).mp4,relax,4,DS1,match,64eb25c7149bff1a73f6f64bf1752badd4d829a3712aad87f465acc5ef356bff,DS1__relax_DEAP_DB_REL(56),29.04,726,25.0,0,DS1__relax_DEAP_DB_REL(56),0,726,29.04
DS1__relax_10,/Users/rafiabhista/Documents/code/apple/c1_audio/emomv_2/aria/media/minhdanh/5e31d1e3-0187-4837-8530-60bbac61578f1/home/minhdanh/Documents/EmoMV/Dataset1/DS1_TRAIN_MATCH/relax_10.mp4,relax,4,DS1,match,42d7c6c5c537cf239328c67e4867c5a0cb505679881ed60a489e7620f6d754f1,DS1__relax_10,30.0,720,24.0,0,DS1__relax_10,0,720,30.0
DS1__relax_9,/Users/rafiabhista/Documents/code/apple/c1_audio/emomv_2/aria/media/minhdanh/5e31d1e3-0187-4837-8530-60bbac61578f1/home/minhdanh/Documents/EmoMV/Dataset1/DS1_TRAIN_MATCH/relax_9.mp4,relax,4,DS1,match,7aec735503c6858a58169a0b1c40ccdfcf067f700651bd157eeabccec668bcbe,DS1__relax_9,30.0,750,25.0,0,DS1__relax_9,0,750,30.0
DS1__relax_REVIEW_RLX_LLT(15),/Users/rafiabhista/Documents/code/apple/c1_audio/emomv_2/aria/media/minhdanh/5e31d1e3-0187-4837-8530-60bbac61578f1/home/minhdanh/Documents/EmoMV/Dataset1/DS1_TRAIN_MATCH/relax_REVIEW_RLX_LLT(15).mp4,relax,4,DS1,match,1e5e3165a9d1884ee4b1231e47f01dd960bf4808915f1aaf454f9489a130c82c,DS1__relax_REVIEW_RLX_LLT(15),29.8632,895,29.97,0,DS1__relax_REVIEW_RLX_LLT(15),0,895,29.8632
DS1__relax_DEAP_DBW_RELX(5),/Users/rafiabhista/Documents/code/apple/c1_audio/emomv_2/aria/media/minhdanh/5e31d1e3-0187-4837-8530-60bbac61578f1/home/minhdanh/Documents/EmoMV/Dataset1/DS1_TRAIN_MATCH/relax_DEAP_DBW_RELX(5).mp4,relax,4,DS1,match,5937fc0edeeb382dd274d4c8adb3fcf9b0b1e936946714e1ecf10666ed0388c0,DS1__relax_DEAP_DBW_RELX(5),30.0,900,30.0,0,DS1__relax_DEAP_DBW_RELX(5),0,900,30.0
DS1__relax_ORG_RLX(248),/Users/rafiabhista/Documents/code/apple/c1_audio/emomv_2/aria/media/minhdanh/5e31d1e3-0187-4837-8530-60bbac61578f1/home/minhdanh/Documents/EmoMV/Dataset1/DS1_TRAIN_MATCH/relax_ORG_RLX(248).mp4,relax,4,DS1,match,38cd729f972e2b3308a07f477e963c1d2a793b1afddf1ed38be56a0db684c17a,DS1__relax_ORG_RLX(248),30.24,756,25.0,0,DS1__relax_ORG_RLX(248),0,756,30.24
DS1__relax_ORG_RLX(29),/Users/rafiabhista/Documents/code/apple/c1_audio/emomv_2/aria/media/minhdanh/5e31d1e3-0187-4837-8530-60bbac61578f1/home/minhdanh/Documents/EmoMV/Dataset1/DS1_TRAIN_MATCH/relax_ORG_RLX(29).mp4,relax,4,DS1,match,96524ddd721e942486969cf2ad77ceef8bc7ade84e46292d27192385d32b7987,DS1__relax_ORG_RLX(29),28.68,717,25.0,0,DS1__relax_ORG_RLX(29),0,717,28.68
DS1__relax_DEAP_DB_REL(34),/Users/rafiabhista/Documents/code/apple/c1_audio/emomv_2/aria/media/minhdanh/5e31d1e3-0187-4837-8530-60bbac61578f1/home/minhdanh/Documents/EmoMV/Dataset1/DS1_TRAIN_MATCH/relax_DEAP_DB_REL(34).mp4,relax,4,DS1,match,884a760bd67f78f7fde3f78531f0705a26bef81b9beee1bb637d60b8a5b2344f,DS1__relax_DEAP_DB_REL(34),30.0,750,25.0,0,DS1__relax_DEAP_DB_REL(34),0,750,30.0
DS1__relax_TEST_MV(65)-90-of-118,/Users/rafiabhista/Documents/code/apple/c1_audio/emomv_2/aria/media/minhdanh/5e31d1e3-0187-4837-8530-60bbac61578f1/home/minhdanh/Documents/EmoMV/Dataset1/DS1_TRAIN_MATCH/relax_TEST_MV(65)-90-of-118.mp4,relax,4,DS1,match,9597eb0878a6ed73479946eab7dd1b369c9ce9845d7bae3e822c68e7fb6c9b88,DS1__relax_TEST_MV(65),28.3617,850,29.97,0,DS1__relax_TEST_MV(65)-90-of-118,0,850,28.3617
DS1__relax_ORG_RLX(257),/Users/rafiabhista/Documents/code/apple/c1_audio/emomv_2/aria/media/minhdanh/5e31d1e3-0187-4837-8530-60bbac61578f1/home/minhdanh/Documents/EmoMV/Dataset1/DS1_TRAIN_MATCH/relax_ORG_RLX(257).mp4,relax,4,DS1,match,e062989da4d13f6acc14243119cf3bc47b81b55632828d4bc09c91f441b26a38,DS1__relax_ORG_RLX(257),29.4,735,25.0,0,DS1__relax_ORG_RLX(257),0,735,29.4
DS1__relax_Rellx_FINAL_DL(148),/Users/rafiabhista/Documents/code/apple/c1_audio/emomv_2/aria/media/minhdanh/5e31d1e3-0187-4837-8530-60bbac61578f1/home/minhdanh/Documents/EmoMV/Dataset1/DS1_TRAIN_MATCH/relax_Rellx_FINAL_DL(148).mp4,relax,4,DS1,match,039f880b5b838abb567fb467c5e687ebd1caf223d1a8e3a771c271d18b20d73e,DS1__relax_Rellx_FINAL_DL(148),29.32,733,25.0,0,DS1__relax_Rellx_FINAL_DL(148),0,733,29.32
DS1__relax_ORG_RLX(48),/Users/rafiabhista/Documents/code/apple/c1_audio/emomv_2/aria/media/minhdanh/5e31d1e3-0187-4837-8530-60bbac61578f1/home/minhdanh/Documents/EmoMV/Dataset1/DS1_TRAIN_MATCH/relax_ORG_RLX(48).mp4,relax,4,DS1,match,550d233149d9baf493a60b286dba6126302b3057d6c4a5e397d316c0061b3a77,DS1__relax_ORG_RLX(48),30.9977,929,29.97,0,DS1__relax_ORG_RLX(48),0,929,30.9977
DS1__relax_Rellx_FINAL_DL(119),/Users/rafiabhista/Documents/code/apple/c1_audio/emomv_2/aria/media/minhdanh/5e31d1e3-0187-4837-8530-60bbac61578f1/home/minhdanh/Documents/EmoMV/Dataset1/DS1_TRAIN_MATCH/relax_Rellx_FINAL_DL(119).mp4,relax,4,DS1,match,c33d1bc9a7c433d5c4b211d240e9c9e90cef22cc71f857660ca0bfce3a9a61d7,DS1__relax_Rellx_FINAL_DL(119),29.76,744,25.0,0,DS1__relax_Rellx_FINAL_DL(119),0,744,29.76
DS1__relax_HAPPY_HEA(1)-7-of-11,/Users/rafiabhista/Documents/code/apple/c1_audio/emomv_2/aria/media/minhdanh/5e31d1e3-0187-4837-8530-60bbac61578f1/home/minhdanh/Documents/EmoMV/Dataset1/DS1_TRAIN_MATCH/relax_HAPPY_HEA(1)-7-of-11.mp4,relax,4,DS1,match,8bc116233e444ad3488fb44a585cb878506cdc850d4390bfaa5721a40aa7cc41,DS1__relax_HAPPY_HEA(1),29.8298,894,29.97,0,DS1__relax_HAPPY_HEA(1)-7-of-11,0,894,29.8298
DS1__relax_ORG_RLX(142),/Users/rafiabhista/Documents/code/apple/c1_audio/emomv_2/aria/media/minhdanh/5e31d1e3-0187-4837-8530-60bbac61578f1/home/minhdanh/Documents/EmoMV/Dataset1/DS1_TRAIN_MATCH/relax_ORG_RLX(142).mp4,relax,4,DS1,match,576a176f71b15ae5cd5c57f2668d968d072484dff2fcac7f228a2cc5ae650fc6,DS1__relax_ORG_RLX(142),30.4972,914,29.97,0,DS1__relax_ORG_RLX(142),0,914,30.4972
DS1__relax_Relx_FINAL_DL(107),/Users/rafiabhista/Documents/code/apple/c1_audio/emomv_2/aria/media/minhdanh/5e31d1e3-0187-4837-8530-60bbac61578f1/home/minhdanh/Documents/EmoMV/Dataset1/DS1_TRAIN_MATCH/relax_Relx_FINAL_DL(107).mp4,relax,4,DS1,match,f1a6caf0ceba603e38997cd0414c5eb933eea0cb7ca5bc3ab673c0cd8b09322f,DS1__relax_Relx_FINAL_DL(107),28.96,724,25.0,0,DS1__relax_Relx_FINAL_DL(107),0,724,28.96
DS1__relax_FINAL_Relx_DL_Relx(72),/Users/rafiabhista/Documents/code/apple/c1_audio/emomv_2/aria/media/minhdanh/5e31d1e3-0187-4837-8530-60bbac61578f1/home/minhdanh/Documents/EmoMV/Dataset1/DS1_TRAIN_MATCH/relax_FINAL_Relx_DL_Relx(72).mp4,relax,4,DS1,match,b4162b0cd728ab6aab79ce84b60e36fbb26f721b171b42ba8c3a7edd7de5c975,DS1__relax_FINAL_Relx_DL_Relx(72),29.44,736,25.0,0,DS1__relax_FINAL_Relx_DL_Relx(72),0,736,29.44
DS1__relax_FINAL_Relx_DL_Relx(75),/Users/rafiabhista/Documents/code/apple/c1_audio/emomv_2/aria/media/minhdanh/5e31d1e3-0187-4837-8530-60bbac61578f1/home/minhdanh/Documents/EmoMV/Dataset1/DS1_TRAIN_MATCH/relax_FINAL_Relx_DL_Relx(75).mp4,relax,4,DS1,match,1b153a93cc1131ebf7d4132cffa25fa6e19fbc8f2e0250b5eb90184757ab0e95,DS1__relax_FINAL_Relx_DL_Relx(75),28.92,723,25.0,0,DS1__relax_FINAL_Relx_DL_Relx(75),0,723,28.92
DS1__relax_Relx_FINAL_DL(77),/Users/rafiabhista/Documents/code/apple/c1_audio/emomv_2/aria/media/minhdanh/5e31d1e3-0187-4837-8530-60bbac61578f1/home/minhdanh/Documents/EmoMV/Dataset1/DS1_TRAIN_MATCH/relax_Relx_FINAL_DL(77).mp4,relax,4,DS1,match,38643f1d62ea0b52c23cf426dec31f3074a1fc8be7b849adfffad253176c8b24,DS1__relax_Relx_FINAL_DL(77),28.56,714,25.0,0,DS1__relax_Relx_FINAL_DL(77),0,714,28.56
DS1__relax_TEST_MV(52)-17-of-25,/Users/rafiabhista/Documents/code/apple/c1_audio/emomv_2/aria/media/minhdanh/5e31d1e3-0187-4837-8530-60bbac61578f1/home/minhdanh/Documents/EmoMV/Dataset1/DS1_TRAIN_MATCH/relax_TEST_MV(52)-17-of-25.mp4,relax,4,DS1,match,7bb2edecee58bfff58e6ec95fbb716233fbf77d42267c17b002ba85937bd7341,DS1__relax_TEST_MV(52),28.64,716,25.0,0,DS1__relax_TEST_MV(52)-17-of-25,0,716,28.64
DS1__relax_ORG_RLX(179),/Users/rafiabhista/Documents/code/apple/c1_audio/emomv_2/aria/media/minhdanh/5e31d1e3-0187-4837-8530-60bbac61578f1/home/minhdanh/Documents/EmoMV/Dataset1/DS1_TRAIN_MATCH/relax_ORG_RLX(179).mp4,relax,4,DS1,match,b4841095d2d6a3208395e60f432d2b3ad5fc24875a4fb3034e2d8a288cf967ad,DS1__relax_ORG_RLX(179),30.88,772,25.0,0,DS1__relax_ORG_RLX(179),0,772,30.88
DS1__relax_FINAL_Relx_DL_Relx(69),/Users/rafiabhista/Documents/code/apple/c1_audio/emomv_2/aria/media/minhdanh/5e31d1e3-0187-4837-8530-60bbac61578f1/home/minhdanh/Documents/EmoMV/Dataset1/DS1_TRAIN_MATCH/relax_FINAL_Relx_DL_Relx(69).mp4,relax,4,DS1,match,969d06c8871d1f275a62098cef5b79b60013108ca8b7bb187304f4573fee53fd,DS1__relax_FINAL_Relx_DL_Relx(69),27.9279,837,29.97,0,DS1__relax_FINAL_Relx_DL_Relx(69),0,837,27.9279
DS1__relax_Relx_FINAL_DL(100),/Users/rafiabhista/Documents/code/apple/c1_audio/emomv_2/aria/media/minhdanh/5e31d1e3-0187-4837-8530-60bbac61578f1/home/minhdanh/Documents/EmoMV/Dataset1/DS1_TRAIN_MATCH/relax_Relx_FINAL_DL(100).mp4,relax,4,DS1,match,dff4aac7c3f64b42186f7a3296049c99c3abbebcf3eb1e264ac0c71dabf4197b,DS1__relax_Relx_FINAL_DL(100),28.32,679,23.976,0,DS1__relax_Relx_FINAL_DL(100),0,679,28.32
DS1__relax_FINAL_DL_Relx(103),/Users/rafiabhista/Documents/code/apple/c1_audio/emomv_2/aria/media/minhdanh/5e31d1e3-0187-4837-8530-60bbac61578f1/home/minhdanh/Documents/EmoMV/Dataset1/DS1_TRAIN_MATCH/relax_FINAL_DL_Relx(103).mp4,relax,4,DS1,match,fe39e230ecb045d69be6782323cbbd978c7ef3910208ce2c0be927f0b8df76cb,DS1__relax_FINAL_DL_Relx(103),28.32,708,25.0,0,DS1__relax_FINAL_DL_Relx(103),0,708,28.32
DS1__relax_TEST_MV(34)-4-of-5,/Users/rafiabhista/Documents/code/apple/c1_audio/emomv_2/aria/media/minhdanh/5e31d1e3-0187-4837-8530-60bbac61578f1/home/minhdanh/Documents/EmoMV/Dataset1/DS1_TRAIN_MATCH/relax_TEST_MV(34)-4-of-5.mp4,relax,4,DS1,match,a10c491cbaf0f38a628543e3c16ede314e0cb476a9916915513d27019b165f44,DS1__relax_TEST_MV(34),27.319,655,23.976,0,DS1__relax_TEST_MV(34)-4-of-5,0,655,27.319
DS1__relax_Relx_FINAL_DL(98),/Users/rafiabhista/Documents/code/apple/c1_audio/emomv_2/aria/media/minhdanh/5e31d1e3-0187-4837-8530-60bbac61578f1/home/minhdanh/Documents/EmoMV/Dataset1/DS1_TRAIN_MATCH/relax_Relx_FINAL_DL(98).mp4,relax,4,DS1,match,5f1136dc4336b44a66a0ac8341be4bd45017137d209e9786879d2950fdda7ad6,DS1__relax_Relx_FINAL_DL(98),25.4254,762,29.97,0,DS1__relax_Relx_FINAL_DL(98),0,762,25.4254
DS1__relax_TEST_MV(54)-104-of-143,/Users/rafiabhista/Documents/code/apple/c1_audio/emomv_2/aria/media/minhdanh/5e31d1e3-0187-4837-8530-60bbac61578f1/home/minhdanh/Documents/EmoMV/Dataset1/DS1_TRAIN_MATCH/relax_TEST_MV(54)-104-of-143.mp4,relax,4,DS1,match,0b6f997bbb8a988b2c07b92686564f84e355ff59267bcb89a859c6d561f116be,DS1__relax_TEST_MV(54),28.4618,853,29.97,0,DS1__relax_TEST_MV(54)-104-of-143,0,853,28.4618
DS1__relax_TEST_MV(34)-3-of-5,/Users/rafiabhista/Documents/code/apple/c1_audio/emomv_2/aria/media/minhdanh/5e31d1e3-0187-4837-8530-60bbac61578f1/home/minhdanh/Documents/EmoMV/Dataset1/DS1_TRAIN_MATCH/relax_TEST_MV(34)-3-of-5.mp4,relax,4,DS1,match,7ca506f21b680c52356094220a0141db4367b66989f1139305e74fbf691f84ac,DS1__relax_TEST_MV(34),29.321,703,23.976,0,DS1__relax_TEST_MV(34)-3-of-5,0,703,29.321
DS1__relax_ORG_RLX(314),/Users/rafiabhista/Documents/code/apple/c1_audio/emomv_2/aria/media/minhdanh/5e31d1e3-0187-4837-8530-60bbac61578f1/home/minhdanh/Documents/EmoMV/Dataset1/DS1_TRAIN_MATCH/relax_ORG_RLX(314).mp4,relax,4,DS1,match,ad1acddafb333f0641b2f03b960bfe3dbdb3691cb61ccd55bc2258e7f253b24b,DS1__relax_ORG_RLX(314),29.44,736,25.0,0,DS1__relax_ORG_RLX(314),0,736,29.44
DS1__relax_ORG_RLX(152),/Users/rafiabhista/Documents/code/apple/c1_audio/emomv_2/aria/media/minhdanh/5e31d1e3-0187-4837-8530-60bbac61578f1/home/minhdanh/Documents/EmoMV/Dataset1/DS1_TRAIN_MATCH/relax_ORG_RLX(152).mp4,relax,4,DS1,match,79bd7053eb2ffc6ebb3c0cde1d8e8481a03c0595b81c48d7c5d1cc3331a43e61,DS1__relax_ORG_RLX(152),31.3647,940,29.97,0,DS1__relax_ORG_RLX(152),0,940,31.3647
DS1__relax_REVIEW_RLX(32),/Users/rafiabhista/Documents/code/apple/c1_audio/emomv_2/aria/media/minhdanh/5e31d1e3-0187-4837-8530-60bbac61578f1/home/minhdanh/Documents/EmoMV/Dataset1/DS1_TRAIN_MATCH/relax_REVIEW_RLX(32).mp4,relax,4,DS1,match,6bf9cc20f403ae3717ff1f0827ed0d48e6f8663e5f8f46d996f4f91b8d357b7d,DS1__relax_REVIEW_RLX(32),29.9883,719,23.976,0,DS1__relax_REVIEW_RLX(32),0,719,29.9883
DS1__relax_LLT_DL(3)-2-of-6,/Users/rafiabhista/Documents/code/apple/c1_audio/emomv_2/aria/media/minhdanh/5e31d1e3-0187-4837-8530-60bbac61578f1/home/minhdanh/Documents/EmoMV/Dataset1/DS1_TRAIN_MATCH/relax_LLT_DL(3)-2-of-6.mp4,relax,4,DS1,match,6afdd92910647e2d0c2f7aba341aa943e3d4b9683d1d6a1a25a760a88c7374a3,DS1__relax_LLT_DL(3),29.9883,719,23.976,0,DS1__relax_LLT_DL(3)-2-of-6,0,719,29.9883
DS1__relax_Rellx_FINAL_DL(144),/Users/rafiabhista/Documents/code/apple/c1_audio/emomv_2/aria/media/minhdanh/5e31d1e3-0187-4837-8530-60bbac61578f1/home/minhdanh/Documents/EmoMV/Dataset1/DS1_TRAIN_MATCH/relax_Rellx_FINAL_DL(144).mp4,relax,4,DS1,match,5855a77f15c9ad906089d162c0270fc1fe875653d14564b85a0e42956dc3c92c,DS1__relax_Rellx_FINAL_DL(144),28.0,700,25.0,0,DS1__relax_Rellx_FINAL_DL(144),0,700,28.0
DS1__relax_ORG_RLX(79),/Users/rafiabhista/Documents/code/apple/c1_audio/emomv_2/aria/media/minhdanh/5e31d1e3-0187-4837-8530-60bbac61578f1/home/minhdanh/Documents/EmoMV/Dataset1/DS1_TRAIN_MATCH/relax_ORG_RLX(79).mp4,relax,4,DS1,match,115330f846117f8528973584c9a96278521a74e5ecb06818b606aefc19843ed4,DS1__relax_ORG_RLX(79),30.1969,724,23.976,0,DS1__relax_ORG_RLX(79),0,724,30.1969
DS1__relax_47,/Users/rafiabhista/Documents/code/apple/c1_audio/emomv_2/aria/media/minhdanh/5e31d1e3-0187-4837-8530-60bbac61578f1/home/minhdanh/Documents/EmoMV/Dataset1/DS1_TRAIN_MATCH/relax_47.mp4,relax,4,DS1,match,9f3241a169ff2f649fcbb150a6e22c65d996ad5c3a854df0d32069cb3ff597fa,DS1__relax_47,30.0,750,25.0,0,DS1__relax_47,0,750,30.0
DS1__relax_Relx_FINAL_DL(101),/Users/rafiabhista/Documents/code/apple/c1_audio/emomv_2/aria/media/minhdanh/5e31d1e3-0187-4837-8530-60bbac61578f1/home/minhdanh/Documents/EmoMV/Dataset1/DS1_TRAIN_MATCH/relax_Relx_FINAL_DL(101).mp4,relax,4,DS1,match,1949b163c3b11350b77186bcf946582dd9e4ce7902a69d490831b84da3f40102,DS1__relax_Relx_FINAL_DL(101),29.0707,697,23.976,0,DS1__relax_Relx_FINAL_DL(101),0,697,29.0707
DS1__relax_Rellx_FINAL_DL(102),/Users/rafiabhista/Documents/code/apple/c1_audio/emomv_2/aria/media/minhdanh/5e31d1e3-0187-4837-8530-60bbac61578f1/home/minhdanh/Documents/EmoMV/Dataset1/DS1_TRAIN_MATCH/relax_Rellx_FINAL_DL(102).mp4,relax,4,DS1,match,8281a01d0e37fb007fccba7de8fb176663989c9d29a8616a2991891ec11c1129,DS1__relax_Rellx_FINAL_DL(102),28.6286,858,29.97,0,DS1__relax_Rellx_FINAL_DL(102),0,858,28.6286
DS1__relax_Rellx_FINAL_DL(127),/Users/rafiabhista/Documents/code/apple/c1_audio/emomv_2/aria/media/minhdanh/5e31d1e3-0187-4837-8530-60bbac61578f1/home/minhdanh/Documents/EmoMV/Dataset1/DS1_TRAIN_MATCH/relax_Rellx_FINAL_DL(127).mp4,relax,4,DS1,match,8ffdbebb5f6439919d7202910ca2117781900c525e0992ba946517a212c2efcb,DS1__relax_Rellx_FINAL_DL(127),29.3333,880,30.0,0,DS1__relax_Rellx_FINAL_DL(127),0,880,29.3333
DS1__relax_Rellx_FINAL_DL(11),/Users/rafiabhista/Documents/code/apple/c1_audio/emomv_2/aria/media/minhdanh/5e31d1e3-0187-4837-8530-60bbac61578f1/home/minhdanh/Documents/EmoMV/Dataset1/DS1_TRAIN_MATCH/relax_Rellx_FINAL_DL(11).mp4,relax,4,DS1,match,4b32693999690060f40de4070739437337591a0586120f1552e6bcdc4d9d5002,DS1__relax_Rellx_FINAL_DL(11),28.3283,849,29.97,0,DS1__relax_Rellx_FINAL_DL(11),0,849,28.3283
DS1__relax_ORG_RLX(217),/Users/rafiabhista/Documents/code/apple/c1_audio/emomv_2/aria/media/minhdanh/5e31d1e3-0187-4837-8530-60bbac61578f1/home/minhdanh/Documents/EmoMV/Dataset1/DS1_TRAIN_MATCH/relax_ORG_RLX(217).mp4,relax,4,DS1,match,9c5a673513f3e50d750c1ad2ed1b255956343284b4e9f17cc1d621a6dd129575,DS1__relax_ORG_RLX(217),29.04,726,25.0,0,DS1__relax_ORG_RLX(217),0,726,29.04
DS1__relax_DEAP_DB_REL(51),/Users/rafiabhista/Documents/code/apple/c1_audio/emomv_2/aria/media/minhdanh/5e31d1e3-0187-4837-8530-60bbac61578f1/home/minhdanh/Documents/EmoMV/Dataset1/DS1_TRAIN_MATCH/relax_DEAP_DB_REL(51).mp4,relax,4,DS1,match,d223a4db3df9c901a01c510a8a97e1aa60f855efa997c9008bce4692f82e576b,DS1__relax_DEAP_DB_REL(51),27.96,699,25.0,0,DS1__relax_DEAP_DB_REL(51),0,699,27.96
DS1__relax_DEAP_DBW_RELX(13),/Users/rafiabhista/Documents/code/apple/c1_audio/emomv_2/aria/media/minhdanh/5e31d1e3-0187-4837-8530-60bbac61578f1/home/minhdanh/Documents/EmoMV/Dataset1/DS1_TRAIN_MATCH/relax_DEAP_DBW_RELX(13).mp4,relax,4,DS1,match,44cad0f2826705a9a30ee1e44b01c3cfeb93e0329d7443dad435ba0e13542b83,DS1__relax_DEAP_DBW_RELX(13),30.0,750,25.0,0,DS1__relax_DEAP_DBW_RELX(13),0,750,30.0
DS1__relax_ORG_RLX(111),/Users/rafiabhista/Documents/code/apple/c1_audio/emomv_2/aria/media/minhdanh/5e31d1e3-0187-4837-8530-60bbac61578f1/home/minhdanh/Documents/EmoMV/Dataset1/DS1_TRAIN_MATCH/relax_ORG_RLX(111).mp4,relax,4,DS1,match,dbce52024c319e0c834cbfe8b2af89173740f788ef1ad54575c2ac1040dd2ea6,DS1__relax_ORG_RLX(111),27.5692,661,23.976,0,DS1__relax_ORG_RLX(111),0,661,27.5692
DS1__relax_ORG_RLX(279),/Users/rafiabhista/Documents/code/apple/c1_audio/emomv_2/aria/media/minhdanh/5e31d1e3-0187-4837-8530-60bbac61578f1/home/minhdanh/Documents/EmoMV/Dataset1/DS1_TRAIN_MATCH/relax_ORG_RLX(279).mp4,relax,4,DS1,match,02492ec6fa04365e6ac4479400c5eb53351077e08c6f4f756da40f21bfbc35b8,DS1__relax_ORG_RLX(279),29.4962,884,29.9699,0,DS1__relax_ORG_RLX(279),0,884,29.4962
DS1__relax_Rellx_FINAL_DL(4),/Users/rafiabhista/Documents/code/apple/c1_audio/emomv_2/aria/media/minhdanh/5e31d1e3-0187-4837-8530-60bbac61578f1/home/minhdanh/Documents/EmoMV/Dataset1/DS1_TRAIN_MATCH/relax_Rellx_FINAL_DL(4).mp4,relax,4,DS1,match,5c13a15bc4f5869b9be033a219d6fa12ea4e870f578cfe19bafd72f2cb6d2c6f,DS1__relax_Rellx_FINAL_DL(4),29.04,726,25.0,0,DS1__relax_Rellx_FINAL_DL(4),0,726,29.04
DS1__relax_ORG_RLX(333),/Users/rafiabhista/Documents/code/apple/c1_audio/emomv_2/aria/media/minhdanh/5e31d1e3-0187-4837-8530-60bbac61578f1/home/minhdanh/Documents/EmoMV/Dataset1/DS1_TRAIN_MATCH/relax_ORG_RLX(333).mp4,relax,4,DS1,match,825d0ea65fd57ef34e1a8b9e7078fec612a10e716f50f0af6ba4a3ce7fb2e361,DS1__relax_ORG_RLX(333),30.4971,914,29.9701,0,DS1__relax_ORG_RLX(333),0,914,30.4971
DS1__relax_REVIEW_RLX(38),/Users/rafiabhista/Documents/code/apple/c1_audio/emomv_2/aria/media/minhdanh/5e31d1e3-0187-4837-8530-60bbac61578f1/home/minhdanh/Documents/EmoMV/Dataset1/DS1_TRAIN_MATCH/relax_REVIEW_RLX(38).mp4,relax,4,DS1,match,9eeb83ecddeb1495d5ba8dc4a3496f33256356673db42c4cac7ae3d881572b4e,DS1__relax_REVIEW_RLX(38),29.9967,899,29.97,0,DS1__relax_REVIEW_RLX(38),0,899,29.9967
DS1__relax_TEST_MV(46)-114-of-127,/Users/rafiabhista/Documents/code/apple/c1_audio/emomv_2/aria/media/minhdanh/5e31d1e3-0187-4837-8530-60bbac61578f1/home/minhdanh/Documents/EmoMV/Dataset1/DS1_TRAIN_MATCH/relax_TEST_MV(46)-114-of-127.mp4,relax,4,DS1,match,6d7ae75d63395c21e225b86cee82ad74a79d1bd902188798715c4b3afdc55ccb,DS1__relax_TEST_MV(46),28.16,704,25.0,0,DS1__relax_TEST_MV(46)-114-of-127,0,704,28.16
DS1__relax_DEAP_DB_REL(35),/Users/rafiabhista/Documents/code/apple/c1_audio/emomv_2/aria/media/minhdanh/5e31d1e3-0187-4837-8530-60bbac61578f1/home/minhdanh/Documents/EmoMV/Dataset1/DS1_TRAIN_MATCH/relax_DEAP_DB_REL(35).mp4,relax,4,DS1,match,d46c12ab128cc4abb17bdcc0bbca3f56dbc6da9f0f92265e20b78bd1f1f6e692,DS1__relax_DEAP_DB_REL(35),27.76,694,25.0,0,DS1__relax_DEAP_DB_REL(35),0,694,27.76
DS1__relax_ORG_RLX(151),/Users/rafiabhista/Documents/code/apple/c1_audio/emomv_2/aria/media/minhdanh/5e31d1e3-0187-4837-8530-60bbac61578f1/home/minhdanh/Documents/EmoMV/Dataset1/DS1_TRAIN_MATCH/relax_ORG_RLX(151).mp4,relax,4,DS1,match,451ca4772dd454cd56aee229bc3c8dd5734d0ce9cab481ff9d63f9de11d0d84a,DS1__relax_ORG_RLX(151),30.0968,902,29.97,0,DS1__relax_ORG_RLX(151),0,902,30.0968
DS1__relax_TEST_MV(54)-108-of-143,/Users/rafiabhista/Documents/code/apple/c1_audio/emomv_2/aria/media/minhdanh/5e31d1e3-0187-4837-8530-60bbac61578f1/home/minhdanh/Documents/EmoMV/Dataset1/DS1_TRAIN_MATCH/relax_TEST_MV(54)-108-of-143.mp4,relax,4,DS1,match,8c5909b1cd55dfffafdb8ab376c8111e6f0c892f277bbc881b780d3265972426,DS1__relax_TEST_MV(54),29.1958,875,29.97,0,DS1__relax_TEST_MV(54)-108-of-143,0,875,29.1958
DS1__relax_LLT_COLLT_RLX(9),/Users/rafiabhista/Documents/code/apple/c1_audio/emomv_2/aria/media/minhdanh/5e31d1e3-0187-4837-8530-60bbac61578f1/home/minhdanh/Documents/EmoMV/Dataset1/DS1_TRAIN_MATCH/relax_LLT_COLLT_RLX(9).mp4,relax,4,DS1,match,4627b2a829615ddd1d106101f1c149cb8c40e8f6696f478a7b01da12d84245e9,DS1__relax_LLT_COLLT_RLX(9),27.96,699,25.0,0,DS1__relax_LLT_COLLT_RLX(9),0,699,27.96
DS1__relax_FINAL_Relx_DL_Relx(66),/Users/rafiabhista/Documents/code/apple/c1_audio/emomv_2/aria/media/minhdanh/5e31d1e3-0187-4837-8530-60bbac61578f1/home/minhdanh/Documents/EmoMV/Dataset1/DS1_TRAIN_MATCH/relax_FINAL_Relx_DL_Relx(66).mp4,relax,4,DS1,match,e0f4d23dd28246750c7b9aa29ec06b0a46029ac550f9c3c36a724cd06702eaa5,DS1__relax_FINAL_Relx_DL_Relx(66),29.76,744,25.0,0,DS1__relax_FINAL_Relx_DL_Relx(66),0,744,29.76
DS1__relax_TEST_MV(54)-75-of-143,/Users/rafiabhista/Documents/code/apple/c1_audio/emomv_2/aria/media/minhdanh/5e31d1e3-0187-4837-8530-60bbac61578f1/home/minhdanh/Documents/EmoMV/Dataset1/DS1_TRAIN_MATCH/relax_TEST_MV(54)-75-of-143.mp4,relax,4,DS1,match,5414bd0ed32deffbf75d217070827c2d229aa8febbfebefe5b0878b5c2fa7fad,DS1__relax_TEST_MV(54),29.029,870,29.97,0,DS1__relax_TEST_MV(54)-75-of-143,0,870,29.029
DS1__relax_ORG_RLX(322),/Users/rafiabhista/Documents/code/apple/c1_audio/emomv_2/aria/media/minhdanh/5e31d1e3-0187-4837-8530-60bbac61578f1/home/minhdanh/Documents/EmoMV/Dataset1/DS1_TRAIN_MATCH/relax_ORG_RLX(322).mp4,relax,4,DS1,match,70766bd09452c793cfb437048e85056bc9a6d7408c17fee1550129eb190f082b,DS1__relax_ORG_RLX(322),29.4294,882,29.97,0,DS1__relax_ORG_RLX(322),0,882,29.4294
DS1__relax_Rellx_FINAL_DL(10),/Users/rafiabhista/Documents/code/apple/c1_audio/emomv_2/aria/media/minhdanh/5e31d1e3-0187-4837-8530-60bbac61578f1/home/minhdanh/Documents/EmoMV/Dataset1/DS1_TRAIN_MATCH/relax_Rellx_FINAL_DL(10).mp4,relax,4,DS1,match,4b1ff7e4bd2ec06bbb04803159d20dea1fae5d38f4b62c6c6a340f806b9ce4b9,DS1__relax_Rellx_FINAL_DL(10),27.44,686,25.0,0,DS1__relax_Rellx_FINAL_DL(10),0,686,27.44
DS1__relax_Relx_FINAL_DL(162),/Users/rafiabhista/Documents/code/apple/c1_audio/emomv_2/aria/media/minhdanh/5e31d1e3-0187-4837-8530-60bbac61578f1/home/minhdanh/Documents/EmoMV/Dataset1/DS1_TRAIN_MATCH/relax_Relx_FINAL_DL(162).mp4,relax,4,DS1,match,e888d8d2262112098f760c60219c53f9f895dbbcab46492a69bcbe362d53231d,DS1__relax_Relx_FINAL_DL(162),26.5265,795,29.97,0,DS1__relax_Relx_FINAL_DL(162),0,795,26.5265
DS1__relax_Rellx_FINAL_DL(131),/Users/rafiabhista/Documents/code/apple/c1_audio/emomv_2/aria/media/minhdanh/5e31d1e3-0187-4837-8530-60bbac61578f1/home/minhdanh/Documents/EmoMV/Dataset1/DS1_TRAIN_MATCH/relax_Rellx_FINAL_DL(131).mp4,relax,4,DS1,match,fdc4ab44572c432f843e36e78ee0fc4d883ddfa3401641e384ae14e4fbd4dcf4,DS1__relax_Rellx_FINAL_DL(131),29.76,744,25.0,0,DS1__relax_Rellx_FINAL_DL(131),0,744,29.76
DS1__relax_ORG_RLX(162),/Users/rafiabhista/Documents/code/apple/c1_audio/emomv_2/aria/media/minhdanh/5e31d1e3-0187-4837-8530-60bbac61578f1/home/minhdanh/Documents/EmoMV/Dataset1/DS1_TRAIN_MATCH/relax_ORG_RLX(162).mp4,relax,4,DS1,match,5c218b3854413a207c30194ab0e68bf78b3a07d3b7e12b13cc525e97e43a6abf,DS1__relax_ORG_RLX(162),28.96,724,25.0,0,DS1__relax_ORG_RLX(162),0,724,28.96
DS1__relax_Rellx_FINAL_DL(86),/Users/rafiabhista/Documents/code/apple/c1_audio/emomv_2/aria/media/minhdanh/5e31d1e3-0187-4837-8530-60bbac61578f1/home/minhdanh/Documents/EmoMV/Dataset1/DS1_TRAIN_MATCH/relax_Rellx_FINAL_DL(86).mp4,relax,4,DS1,match,18967ae90cc6b2f109155469e631958d54777b4bf2481e49295b11320480acde,DS1__relax_Rellx_FINAL_DL(86),29.72,743,25.0,0,DS1__relax_Rellx_FINAL_DL(86),0,743,29.72
DS1__relax_ORG_RLX(81),/Users/rafiabhista/Documents/code/apple/c1_audio/emomv_2/aria/media/minhdanh/5e31d1e3-0187-4837-8530-60bbac61578f1/home/minhdanh/Documents/EmoMV/Dataset1/DS1_TRAIN_MATCH/relax_ORG_RLX(81).mp4,relax,4,DS1,match,11ebeeef5f2d04248a369bf509ded412ceba0877ec61f68e4bcb2ac40feae4ec,DS1__relax_ORG_RLX(81),30.6972,920,29.9702,0,DS1__relax_ORG_RLX(81),0,920,30.6972
DS1__relax_TEST_MV(46)-42-of-127,/Users/rafiabhista/Documents/code/apple/c1_audio/emomv_2/aria/media/minhdanh/5e31d1e3-0187-4837-8530-60bbac61578f1/home/minhdanh/Documents/EmoMV/Dataset1/DS1_TRAIN_MATCH/relax_TEST_MV(46)-42-of-127.mp4,relax,4,DS1,match,6e0a2a96e3be9b7e19bf2108de274291afbfa686c5fd7842f9c7aac0a9c2727e,DS1__relax_TEST_MV(46),27.68,692,25.0,0,DS1__relax_TEST_MV(46)-42-of-127,0,692,27.68
DS1__relax_TT(8),/Users/rafiabhista/Documents/code/apple/c1_audio/emomv_2/aria/media/minhdanh/5e31d1e3-0187-4837-8530-60bbac61578f1/home/minhdanh/Documents/EmoMV/Dataset1/DS1_TRAIN_MATCH/relax_TT(8).mp4,relax,4,DS1,match,df1732101063ac25c69a096d4f6eda9bb45352e29e7d855aa61d4db264be8e64,DS1__relax_TT(8),28.8622,865,29.97,0,DS1__relax_TT(8),0,865,28.8622
DS1__relax_ORG_RLX(75),/Users/rafiabhista/Documents/code/apple/c1_audio/emomv_2/aria/media/minhdanh/5e31d1e3-0187-4837-8530-60bbac61578f1/home/minhdanh/Documents/EmoMV/Dataset1/DS1_TRAIN_MATCH/relax_ORG_RLX(75).mp4,relax,4,DS1,match,d252854926796a7cf7da1531d219f649235c8718a223a6f6d2dbd04561f53a0b,DS1__relax_ORG_RLX(75),31.28,782,25.0,0,DS1__relax_ORG_RLX(75),0,782,31.28
DS1__relax_ORG_RLX(295),/Users/rafiabhista/Documents/code/apple/c1_audio/emomv_2/aria/media/minhdanh/5e31d1e3-0187-4837-8530-60bbac61578f1/home/minhdanh/Documents/EmoMV/Dataset1/DS1_TRAIN_MATCH/relax_ORG_RLX(295).mp4,relax,4,DS1,match,fa920864e029694eb26836f986e82dbad32832b30fb2a5d6632c6bd6363457dc,DS1__relax_ORG_RLX(295),30.0,750,25.0,0,DS1__relax_ORG_RLX(295),0,750,30.0
DS1__relax_ORG_RLX(324),/Users/rafiabhista/Documents/code/apple/c1_audio/emomv_2/aria/media/minhdanh/5e31d1e3-0187-4837-8530-60bbac61578f1/home/minhdanh/Documents/EmoMV/Dataset1/DS1_TRAIN_MATCH/relax_ORG_RLX(324).mp4,relax,4,DS1,match,1ff018399a3275f094f3b3568e75ccd35bd5c8c315f9868b4b9f37b0961615de,DS1__relax_ORG_RLX(324),29.76,744,25.0,0,DS1__relax_ORG_RLX(324),0,744,29.76
DS1__relax_ORG_RLX(326),/Users/rafiabhista/Documents/code/apple/c1_audio/emomv_2/aria/media/minhdanh/5e31d1e3-0187-4837-8530-60bbac61578f1/home/minhdanh/Documents/EmoMV/Dataset1/DS1_TRAIN_MATCH/relax_ORG_RLX(326).mp4,relax,4,DS1,match,55e416e7131ee13cf0b65490587dbf89692d4a3fea4e66790f0a462ea98adfd5,DS1__relax_ORG_RLX(326),30.0,750,25.0,0,DS1__relax_ORG_RLX(326),0,750,30.0
DS1__relax_FINAL_Relx_DL_Relx(79),/Users/rafiabhista/Documents/code/apple/c1_audio/emomv_2/aria/media/minhdanh/5e31d1e3-0187-4837-8530-60bbac61578f1/home/minhdanh/Documents/EmoMV/Dataset1/DS1_TRAIN_MATCH/relax_FINAL_Relx_DL_Relx(79).mp4,relax,4,DS1,match,7940256a7293fc013eeb4c3b7a2ad259559fc844518092e641960e8a427084fa,DS1__relax_FINAL_Relx_DL_Relx(79),28.88,722,25.0,0,DS1__relax_FINAL_Relx_DL_Relx(79),0,722,28.88
DS1__relax_TEST_MV(50)-2-of-15,/Users/rafiabhista/Documents/code/apple/c1_audio/emomv_2/aria/media/minhdanh/5e31d1e3-0187-4837-8530-60bbac61578f1/home/minhdanh/Documents/EmoMV/Dataset1/DS1_TRAIN_MATCH/relax_TEST_MV(50)-2-of-15.mp4,relax,4,DS1,match,5d1ae4ae0fa7818c57546bcd5ac5ad80d4d070d4be1351c156ccee3bc6e45652,DS1__relax_TEST_MV(50),30.0,750,25.0,0,DS1__relax_TEST_MV(50)-2-of-15,0,750,30.0
DS1__relax_TEST_RELX(35)-14-of-80,/Users/rafiabhista/Documents/code/apple/c1_audio/emomv_2/aria/media/minhdanh/5e31d1e3-0187-4837-8530-60bbac61578f1/home/minhdanh/Documents/EmoMV/Dataset1/DS1_TRAIN_MATCH/relax_TEST_RELX(35)-14-of-80.mp4,relax,4,DS1,match,055acf0baa70ce61ec6a138fe78380b93a2fdd04ee871951397d40ea48c1bcf3,DS1__relax_TEST_RELX(35),28.295,848,29.97,0,DS1__relax_TEST_RELX(35)-14-of-80,0,848,28.295
DS1__relax_TEST_RELX(3)-2-of-6,/Users/rafiabhista/Documents/code/apple/c1_audio/emomv_2/aria/media/minhdanh/5e31d1e3-0187-4837-8530-60bbac61578f1/home/minhdanh/Documents/EmoMV/Dataset1/DS1_TRAIN_MATCH/relax_TEST_RELX(3)-2-of-6.mp4,relax,4,DS1,match,ad5512b87492a5209fe9a2df0af6ae11ccf040911db0ca5c04036f0bd432c905,DS1__relax_TEST_RELX(3),29.9966,899,29.97,0,DS1__relax_TEST_RELX(3)-2-of-6,0,899,29.9966
DS1__relax_REVIEW_RLX(14),/Users/rafiabhista/Documents/code/apple/c1_audio/emomv_2/aria/media/minhdanh/5e31d1e3-0187-4837-8530-60bbac61578f1/home/minhdanh/Documents/EmoMV/Dataset1/DS1_TRAIN_MATCH/relax_REVIEW_RLX(14).mp4,relax,4,DS1,match,c8530ca715e2e9bc2c6c289497457c0165ad6f4754f67c4e83d7078b5c3bb378,DS1__relax_REVIEW_RLX(14),30.5305,915,29.97,0,DS1__relax_REVIEW_RLX(14),0,915,30.5305
DS1__relax_LLT_COLLT_RLX(35),/Users/rafiabhista/Documents/code/apple/c1_audio/emomv_2/aria/media/minhdanh/5e31d1e3-0187-4837-8530-60bbac61578f1/home/minhdanh/Documents/EmoMV/Dataset1/DS1_TRAIN_MATCH/relax_LLT_COLLT_RLX(35).mp4,relax,4,DS1,match,9cc36801b600476c4aaa40ccb3d9adfa57001f2aa409abf2334103be43b65d94,DS1__relax_LLT_COLLT_RLX(35),28.48,712,25.0,0,DS1__relax_LLT_COLLT_RLX(35),0,712,28.48
DS1__relax_Relx_FINAL_DL(15),/Users/rafiabhista/Documents/code/apple/c1_audio/emomv_2/aria/media/minhdanh/5e31d1e3-0187-4837-8530-60bbac61578f1/home/minhdanh/Documents/EmoMV/Dataset1/DS1_TRAIN_MATCH/relax_Relx_FINAL_DL(15).mp4,relax,4,DS1,match,8ab7912dfcc0cbed43ab1e5c1ddf871a6234dcb8230b273b9143200f98a239e7,DS1__relax_Relx_FINAL_DL(15),29.84,746,25.0,0,DS1__relax_Relx_FINAL_DL(15),0,746,29.84
DS1__relax_ORG_RLX(20),/Users/rafiabhista/Documents/code/apple/c1_audio/emomv_2/aria/media/minhdanh/5e31d1e3-0187-4837-8530-60bbac61578f1/home/minhdanh/Documents/EmoMV/Dataset1/DS1_TRAIN_MATCH/relax_ORG_RLX(20).mp4,relax,4,DS1,match,91ad62349d8ee39a9b5ce6c65fba81c49c345f5e5adbd19f21d91770612804b1,DS1__relax_ORG_RLX(20),29.36,734,25.0,0,DS1__relax_ORG_RLX(20),0,734,29.36
DS1__relax_ORG_RLX(155),/Users/rafiabhista/Documents/code/apple/c1_audio/emomv_2/aria/media/minhdanh/5e31d1e3-0187-4837-8530-60bbac61578f1/home/minhdanh/Documents/EmoMV/Dataset1/DS1_TRAIN_MATCH/relax_ORG_RLX(155).mp4,relax,4,DS1,match,799c5fb4a7f061d6342631c453524c92f2ecdec016454041ceb63c7f5fa900c0,DS1__relax_ORG_RLX(155),31.031,930,29.97,0,DS1__relax_ORG_RLX(155),0,930,31.031
DS1__relax_ORG_RLX(88),/Users/rafiabhista/Documents/code/apple/c1_audio/emomv_2/aria/media/minhdanh/5e31d1e3-0187-4837-8530-60bbac61578f1/home/minhdanh/Documents/EmoMV/Dataset1/DS1_TRAIN_MATCH/relax_ORG_RLX(88).mp4,relax,4,DS1,match,214974dd750dc62a152c9a24bbaa4f3625b4644203cb59cbf1ac8b431acee1af,DS1__relax_ORG_RLX(88),29.1958,875,29.9701,0,DS1__relax_ORG_RLX(88),0,875,29.1958
DS1__relax_RELX_MEA(8)-4-of-7,/Users/rafiabhista/Documents/code/apple/c1_audio/emomv_2/aria/media/minhdanh/5e31d1e3-0187-4837-8530-60bbac61578f1/home/minhdanh/Documents/EmoMV/Dataset1/DS1_TRAIN_MATCH/relax_RELX_MEA(8)-4-of-7.mp4,relax,4,DS1,match,1980f25d53c2c1bb64380fc5b7c0ae3eca8fabf1a0ddc315f5c0b2905c6b7af6,DS1__relax_RELX_MEA(8),30.0,900,30.0,0,DS1__relax_RELX_MEA(8)-4-of-7,0,900,30.0
DS1__relax_Rellx_FINAL_DL(76),/Users/rafiabhista/Documents/code/apple/c1_audio/emomv_2/aria/media/minhdanh/5e31d1e3-0187-4837-8530-60bbac61578f1/home/minhdanh/Documents/EmoMV/Dataset1/DS1_TRAIN_MATCH/relax_Rellx_FINAL_DL(76).mp4,relax,4,DS1,match,83a154e879b9fb0253d66d776e5f82c0518913e453143ba201feff3cf0c659da,DS1__relax_Rellx_FINAL_DL(76),27.2939,818,29.97,0,DS1__relax_Rellx_FINAL_DL(76),0,818,27.2939
DS1__relax_ORG_RLX(16),/Users/rafiabhista/Documents/code/apple/c1_audio/emomv_2/aria/media/minhdanh/5e31d1e3-0187-4837-8530-60bbac61578f1/home/minhdanh/Documents/EmoMV/Dataset1/DS1_TRAIN_MATCH/relax_ORG_RLX(16).mp4,relax,4,DS1,match,712e8356b51149376c81e54dcc536f097df4631c7b83ac360f1bb8f8748b28e3,DS1__relax_ORG_RLX(16),30.4304,912,29.97,0,DS1__relax_ORG_RLX(16),0,912,30.4304
DS1__relax_TEST_MV(46)-123-of-127,/Users/rafiabhista/Documents/code/apple/c1_audio/emomv_2/aria/media/minhdanh/5e31d1e3-0187-4837-8530-60bbac61578f1/home/minhdanh/Documents/EmoMV/Dataset1/DS1_TRAIN_MATCH/relax_TEST_MV(46)-123-of-127.mp4,relax,4,DS1,match,706cc329b8d89b5ff7667cd1d8802fabc48ffdfa8031e682b585322bc9700b9f,DS1__relax_TEST_MV(46),29.52,738,25.0,0,DS1__relax_TEST_MV(46)-123-of-127,0,738,29.52
DS1__relax_HAPPY_HEA(113)-6-of-12,/Users/rafiabhista/Documents/code/apple/c1_audio/emomv_2/aria/media/minhdanh/5e31d1e3-0187-4837-8530-60bbac61578f1/home/minhdanh/Documents/EmoMV/Dataset1/DS1_TRAIN_MATCH/relax_HAPPY_HEA(113)-6-of-12.mp4,relax,4,DS1,match,e8de49ee92ca59ad9065f378049e2883d2681c851b881b860c8f64c21159c5f0,DS1__relax_HAPPY_HEA(113),28.8,720,25.0,0,DS1__relax_HAPPY_HEA(113)-6-of-12,0,720,28.8
DS1__relax_DEAP_DBW_RELX(14),/Users/rafiabhista/Documents/code/apple/c1_audio/emomv_2/aria/media/minhdanh/5e31d1e3-0187-4837-8530-60bbac61578f1/home/minhdanh/Documents/EmoMV/Dataset1/DS1_TRAIN_MATCH/relax_DEAP_DBW_RELX(14).mp4,relax,4,DS1,match,7a3b7e45a41b57cb8d06f5d1d02e65622554eb39b17f34bf793c7c08ac7e06c8,DS1__relax_DEAP_DBW_RELX(14),30.0,750,25.0,0,DS1__relax_DEAP_DBW_RELX(14),0,750,30.0
DS1__relax_Rellx_FINAL_DL(151),/Users/rafiabhista/Documents/code/apple/c1_audio/emomv_2/aria/media/minhdanh/5e31d1e3-0187-4837-8530-60bbac61578f1/home/minhdanh/Documents/EmoMV/Dataset1/DS1_TRAIN_MATCH/relax_Rellx_FINAL_DL(151).mp4,relax,4,DS1,match,86e695d1f69388eca4dec17af8285ae8a7cf7336b593b0452aa8c8f59b9cbace,DS1__relax_Rellx_FINAL_DL(151),28.96,724,25.0,0,DS1__relax_Rellx_FINAL_DL(151),0,724,28.96
DS1__relax_Rellx_FINAL_DL(198),/Users/rafiabhista/Documents/code/apple/c1_audio/emomv_2/aria/media/minhdanh/5e31d1e3-0187-4837-8530-60bbac61578f1/home/minhdanh/Documents/EmoMV/Dataset1/DS1_TRAIN_MATCH/relax_Rellx_FINAL_DL(198).mp4,relax,4,DS1,match,b92937289fb96dfb9b0bf5ba16153ce16865bc648d014a02659ae62fa8079845,DS1__relax_Rellx_FINAL_DL(198),29.28,732,25.0,0,DS1__relax_Rellx_FINAL_DL(198),0,732,29.28
DS1__relax_Relx_FINAL_DL(12),/Users/rafiabhista/Documents/code/apple/c1_audio/emomv_2/aria/media/minhdanh/5e31d1e3-0187-4837-8530-60bbac61578f1/home/minhdanh/Documents/EmoMV/Dataset1/DS1_TRAIN_MATCH/relax_Relx_FINAL_DL(12).mp4,relax,4,DS1,match,fc2efc633aaabb47bdb260077da96ef86dcf63710db6a6b8c528a6aefc627b5c,DS1__relax_Relx_FINAL_DL(12),29.4,735,25.0,0,DS1__relax_Relx_FINAL_DL(12),0,735,29.4
DS1__relax_Rellx_FINAL_DL(172),/Users/rafiabhista/Documents/code/apple/c1_audio/emomv_2/aria/media/minhdanh/5e31d1e3-0187-4837-8530-60bbac61578f1/home/minhdanh/Documents/EmoMV/Dataset1/DS1_TRAIN_MATCH/relax_Rellx_FINAL_DL(172).mp4,relax,4,DS1,match,5f331f1dea7b4b944ca4acd0699de859f59d1c7eb42e573b9ffea4f3f35cf9c6,DS1__relax_Rellx_FINAL_DL(172),29.7631,892,29.97,0,DS1__relax_Rellx_FINAL_DL(172),0,892,29.7631
DS1__relax_44,/Users/rafiabhista/Documents/code/apple/c1_audio/emomv_2/aria/media/minhdanh/5e31d1e3-0187-4837-8530-60bbac61578f1/home/minhdanh/Documents/EmoMV/Dataset1/DS1_TRAIN_MATCH/relax_44.mp4,relax,4,DS1,match,1ff3b3e945b375d3dffa3f31733eb34c8ed501cdbd0e9fd22e773bce4f1d1ee4,DS1__relax_44,30.0,750,25.0,0,DS1__relax_44,0,750,30.0
DS1__relax_REVIEW_RLX(27),/Users/rafiabhista/Documents/code/apple/c1_audio/emomv_2/aria/media/minhdanh/5e31d1e3-0187-4837-8530-60bbac61578f1/home/minhdanh/Documents/EmoMV/Dataset1/DS1_TRAIN_MATCH/relax_REVIEW_RLX(27).mp4,relax,4,DS1,match,fce2c898d66959807d2f21f6a0b20ef93324c441e007214fa9f70c8ad8d9ee5f,DS1__relax_REVIEW_RLX(27),30.0,900,30.0,0,DS1__relax_REVIEW_RLX(27),0,900,30.0
DS1__relax_REVIEW_RLX_LLT(29),/Users/rafiabhista/Documents/code/apple/c1_audio/emomv_2/aria/media/minhdanh/5e31d1e3-0187-4837-8530-60bbac61578f1/home/minhdanh/Documents/EmoMV/Dataset1/DS1_TRAIN_MATCH/relax_REVIEW_RLX_LLT(29).mp4,relax,4,DS1,match,b9d46ad17af436d68cd2e41e5ed32ca83f6ed0d4bf1f1f4225469bfae7f9d8b0,DS1__relax_REVIEW_RLX_LLT(29),29.8298,894,29.97,0,DS1__relax_REVIEW_RLX_LLT(29),0,894,29.8298
DS1__relax_REVIEW_RLX(62),/Users/rafiabhista/Documents/code/apple/c1_audio/emomv_2/aria/media/minhdanh/5e31d1e3-0187-4837-8530-60bbac61578f1/home/minhdanh/Documents/EmoMV/Dataset1/DS1_TRAIN_MATCH/relax_REVIEW_RLX(62).mp4,relax,4,DS1,match,889c6e4af53d12e38ad3b2c5a6a8ea607972927b6b052219f79b18cfad706541,DS1__relax_REVIEW_RLX(62),29.84,746,25.0,0,DS1__relax_REVIEW_RLX(62),0,746,29.84
DS1__relax_Relx_FINAL_DL(135),/Users/rafiabhista/Documents/code/apple/c1_audio/emomv_2/aria/media/minhdanh/5e31d1e3-0187-4837-8530-60bbac61578f1/home/minhdanh/Documents/EmoMV/Dataset1/DS1_TRAIN_MATCH/relax_Relx_FINAL_DL(135).mp4,relax,4,DS1,match,ab4ec9e3ee9d9b8fe0d52a4d42cc203b918d190b706fffc8b043bfb4ca7ac06f,DS1__relax_Relx_FINAL_DL(135),29.9966,899,29.97,0,DS1__relax_Relx_FINAL_DL(135),0,899,29.9966
DS1__relax_FINAL_Relx_DL_Relx(57),/Users/rafiabhista/Documents/code/apple/c1_audio/emomv_2/aria/media/minhdanh/5e31d1e3-0187-4837-8530-60bbac61578f1/home/minhdanh/Documents/EmoMV/Dataset1/DS1_TRAIN_MATCH/relax_FINAL_Relx_DL_Relx(57).mp4,relax,4,DS1,match,246abb8985272b2d2c6bb77423eb62826de9ea92bcd58d00f8c8ae30dee809c3,DS1__relax_FINAL_Relx_DL_Relx(57),29.16,729,25.0,0,DS1__relax_FINAL_Relx_DL_Relx(57),0,729,29.16
DS1__relax_ORG_RLX(266),/Users/rafiabhista/Documents/code/apple/c1_audio/emomv_2/aria/media/minhdanh/5e31d1e3-0187-4837-8530-60bbac61578f1/home/minhdanh/Documents/EmoMV/Dataset1/DS1_TRAIN_MATCH/relax_ORG_RLX(266).mp4,relax,4,DS1,match,1b0c3ba71f6f91d5b3890bf83d74f46010c7f191730dd0039fee7747536a0215,DS1__relax_ORG_RLX(266),29.9299,897,29.97,0,DS1__relax_ORG_RLX(266),0,897,29.9299
DS1__relax_FINAL_Relx_DL_Relx(3),/Users/rafiabhista/Documents/code/apple/c1_audio/emomv_2/aria/media/minhdanh/5e31d1e3-0187-4837-8530-60bbac61578f1/home/minhdanh/Documents/EmoMV/Dataset1/DS1_TRAIN_MATCH/relax_FINAL_Relx_DL_Relx(3).mp4,relax,4,DS1,match,66f7ec949bf6e154902a58b9117eeebaedaa9bc2789e218a321853519e08ec3c,DS1__relax_FINAL_Relx_DL_Relx(3),29.0624,871,29.97,0,DS1__relax_FINAL_Relx_DL_Relx(3),0,871,29.0624
DS1__relax_FINAL_Relx_DL_Relx(61),/Users/rafiabhista/Documents/code/apple/c1_audio/emomv_2/aria/media/minhdanh/5e31d1e3-0187-4837-8530-60bbac61578f1/home/minhdanh/Documents/EmoMV/Dataset1/DS1_TRAIN_MATCH/relax_FINAL_Relx_DL_Relx(61).mp4,relax,4,DS1,match,bb3c8d77851bb9b27c26b93cca57071caa51fbe5ae89a5ec1cebed10634b72e9,DS1__relax_FINAL_Relx_DL_Relx(61),29.76,744,25.0,0,DS1__relax_FINAL_Relx_DL_Relx(61),0,744,29.76
DS1__relax_TEST_RELX(40)-2-of-5,/Users/rafiabhista/Documents/code/apple/c1_audio/emomv_2/aria/media/minhdanh/5e31d1e3-0187-4837-8530-60bbac61578f1/home/minhdanh/Documents/EmoMV/Dataset1/DS1_TRAIN_MATCH/relax_TEST_RELX(40)-2-of-5.mp4,relax,4,DS1,match,cf73d8d9464e214034615e52133b051215e29127a2e7e0cdd3bbe615ae4a4140,DS1__relax_TEST_RELX(40),29.28,732,25.0,0,DS1__relax_TEST_RELX(40)-2-of-5,0,732,29.28
DS1__relax_TEST_MV(58)-4-of-6,/Users/rafiabhista/Documents/code/apple/c1_audio/emomv_2/aria/media/minhdanh/5e31d1e3-0187-4837-8530-60bbac61578f1/home/minhdanh/Documents/EmoMV/Dataset1/DS1_TRAIN_MATCH/relax_TEST_MV(58)-4-of-6.mp4,relax,4,DS1,match,dfb109f9c0bc6fd9ab22834288347ca7735f6ee2322b40c4f60945a159a955be,DS1__relax_TEST_MV(58),29.92,748,25.0,0,DS1__relax_TEST_MV(58)-4-of-6,0,748,29.92
DS1__relax_FINAL_Relx_DL_Relx(49),/Users/rafiabhista/Documents/code/apple/c1_audio/emomv_2/aria/media/minhdanh/5e31d1e3-0187-4837-8530-60bbac61578f1/home/minhdanh/Documents/EmoMV/Dataset1/DS1_TRAIN_MATCH/relax_FINAL_Relx_DL_Relx(49).mp4,relax,4,DS1,match,cf7383c215799efbd002789b98263ad4b70a455361edcc805ad0db0cd1c57895,DS1__relax_FINAL_Relx_DL_Relx(49),29.28,732,25.0,0,DS1__relax_FINAL_Relx_DL_Relx(49),0,732,29.28
DS1__relax_ORG_RLX(298),/Users/rafiabhista/Documents/code/apple/c1_audio/emomv_2/aria/media/minhdanh/5e31d1e3-0187-4837-8530-60bbac61578f1/home/minhdanh/Documents/EmoMV/Dataset1/DS1_TRAIN_MATCH/relax_ORG_RLX(298).mp4,relax,4,DS1,match,c869ee43a2dc55d83e781db9e91e046e13128f4aa2f8484cc442dc7afa009120,DS1__relax_ORG_RLX(298),30.4638,913,29.97,0,DS1__relax_ORG_RLX(298),0,913,30.4638
DS1__relax_DEAP_DB_NT(16),/Users/rafiabhista/Documents/code/apple/c1_audio/emomv_2/aria/media/minhdanh/5e31d1e3-0187-4837-8530-60bbac61578f1/home/minhdanh/Documents/EmoMV/Dataset1/DS1_TRAIN_MATCH/relax_DEAP_DB_NT(16).mp4,relax,4,DS1,match,8066928bb47ffe25f6b9ed8809b38566ab8f2d680f79bef5d62dafecff7a1c66,DS1__relax_DEAP_DB_NT(16),30.0,750,25.0,0,DS1__relax_DEAP_DB_NT(16),0,750,30.0
DS1__relax_Rellx_FINAL_DL(138),/Users/rafiabhista/Documents/code/apple/c1_audio/emomv_2/aria/media/minhdanh/5e31d1e3-0187-4837-8530-60bbac61578f1/home/minhdanh/Documents/EmoMV/Dataset1/DS1_TRAIN_MATCH/relax_Rellx_FINAL_DL(138).mp4,relax,4,DS1,match,53e4b8bdf3659894e201dc1f61ad4c103d79f667c402e781dd9bef31cb244dfe,DS1__relax_Rellx_FINAL_DL(138),29.1958,875,29.97,0,DS1__relax_Rellx_FINAL_DL(138),0,875,29.1958
DS1__relax_Rellx_FINAL_DL(64),/Users/rafiabhista/Documents/code/apple/c1_audio/emomv_2/aria/media/minhdanh/5e31d1e3-0187-4837-8530-60bbac61578f1/home/minhdanh/Documents/EmoMV/Dataset1/DS1_TRAIN_MATCH/relax_Rellx_FINAL_DL(64).mp4,relax,4,DS1,match,d33007da8d3dd1a0ca6e3cf64d32b3d03bf615d279028bae21ed50edab0706e0,DS1__relax_Rellx_FINAL_DL(64),28.32,708,25.0,0,DS1__relax_Rellx_FINAL_DL(64),0,708,28.32
DS1__relax_DEAP_DB_REL(14),/Users/rafiabhista/Documents/code/apple/c1_audio/emomv_2/aria/media/minhdanh/5e31d1e3-0187-4837-8530-60bbac61578f1/home/minhdanh/Documents/EmoMV/Dataset1/DS1_TRAIN_MATCH/relax_DEAP_DB_REL(14).mp4,relax,4,DS1,match,8b34e06d5d46dc33c7e6663d9a6979514afb6cfcc58dceb128e3cffeddf2c020,DS1__relax_DEAP_DB_REL(14),28.44,711,25.0,0,DS1__relax_DEAP_DB_REL(14),0,711,28.44
DS1__relax_LLT_COLLT_RLX(42),/Users/rafiabhista/Documents/code/apple/c1_audio/emomv_2/aria/media/minhdanh/5e31d1e3-0187-4837-8530-60bbac61578f1/home/minhdanh/Documents/EmoMV/Dataset1/DS1_TRAIN_MATCH/relax_LLT_COLLT_RLX(42).mp4,relax,4,DS1,match,996182f8ef4a3dbfda52078e2850b023081ed2977d5321e03dccd97a8abf9218,DS1__relax_LLT_COLLT_RLX(42),29.3333,880,30.0,0,DS1__relax_LLT_COLLT_RLX(42),0,880,29.3333
DS1__relax_Rellx_FINAL_DL(97),/Users/rafiabhista/Documents/code/apple/c1_audio/emomv_2/aria/media/minhdanh/5e31d1e3-0187-4837-8530-60bbac61578f1/home/minhdanh/Documents/EmoMV/Dataset1/DS1_TRAIN_MATCH/relax_Rellx_FINAL_DL(97).mp4,relax,4,DS1,match,6866eeec41060a5751b9d29532971ae4073472ad3048981ed608827638dbd31a,DS1__relax_Rellx_FINAL_DL(97),28.48,712,25.0,0,DS1__relax_Rellx_FINAL_DL(97),0,712,28.48
DS1__relax_30,/Users/rafiabhista/Documents/code/apple/c1_audio/emomv_2/aria/media/minhdanh/5e31d1e3-0187-4837-8530-60bbac61578f1/home/minhdanh/Documents/EmoMV/Dataset1/DS1_TRAIN_MATCH/relax_30.mp4,relax,4,DS1,match,facde26d06a01efa5592ae1a99585f1919329469d69379220450016ed21b0f08,DS1__relax_30,30.03,900,29.97,0,DS1__relax_30,0,900,30.03
DS1__relax_Relx_FINAL_DL(104),/Users/rafiabhista/Documents/code/apple/c1_audio/emomv_2/aria/media/minhdanh/5e31d1e3-0187-4837-8530-60bbac61578f1/home/minhdanh/Documents/EmoMV/Dataset1/DS1_TRAIN_MATCH/relax_Relx_FINAL_DL(104).mp4,relax,4,DS1,match,173591c66d689bf86a2d0714ea43a06a5f1d0f285ca0ae8b7c00627fce0d5e05,DS1__relax_Relx_FINAL_DL(104),25.5255,765,29.97,0,DS1__relax_Relx_FINAL_DL(104),0,765,25.5255
DS1__relax_ORG_RLX(199),/Users/rafiabhista/Documents/code/apple/c1_audio/emomv_2/aria/media/minhdanh/5e31d1e3-0187-4837-8530-60bbac61578f1/home/minhdanh/Documents/EmoMV/Dataset1/DS1_TRAIN_MATCH/relax_ORG_RLX(199).mp4,relax,4,DS1,match,ae99cae3d425f61e15647f2d26fc0c5eac5804d5af165230e0537772e2daeb7a,DS1__relax_ORG_RLX(199),29.76,744,25.0,0,DS1__relax_ORG_RLX(199),0,744,29.76
DS1__relax_Rellx_FINAL_DL(203),/Users/rafiabhista/Documents/code/apple/c1_audio/emomv_2/aria/media/minhdanh/5e31d1e3-0187-4837-8530-60bbac61578f1/home/minhdanh/Documents/EmoMV/Dataset1/DS1_TRAIN_MATCH/relax_Rellx_FINAL_DL(203).mp4,relax,4,DS1,match,c2d08812203c96e1fedd5ef41f7de3e88cd222cb7d5ee483f4d354b7be206942,DS1__relax_Rellx_FINAL_DL(203),29.04,726,25.0,0,DS1__relax_Rellx_FINAL_DL(203),0,726,29.04
DS1__relax_Rellx_FINAL_DL(36),/Users/rafiabhista/Documents/code/apple/c1_audio/emomv_2/aria/media/minhdanh/5e31d1e3-0187-4837-8530-60bbac61578f1/home/minhdanh/Documents/EmoMV/Dataset1/DS1_TRAIN_MATCH/relax_Rellx_FINAL_DL(36).mp4,relax,4,DS1,match,f46aa3e7a9db8332e50dc2784990ea0ae04653452e756823f962b1f62a357791,DS1__relax_Rellx_FINAL_DL(36),29.08,727,25.0,0,DS1__relax_Rellx_FINAL_DL(36),0,727,29.08
DS1__relax_FINAL_Relx_DL_Relx(18),/Users/rafiabhista/Documents/code/apple/c1_audio/emomv_2/aria/media/minhdanh/5e31d1e3-0187-4837-8530-60bbac61578f1/home/minhdanh/Documents/EmoMV/Dataset1/DS1_TRAIN_MATCH/relax_FINAL_Relx_DL_Relx(18).mp4,relax,4,DS1,match,660af82b569ff87be782ad760501188f92cc2191e9b0b1912c98df10a0326039,DS1__relax_FINAL_Relx_DL_Relx(18),28.8,720,25.0,0,DS1__relax_FINAL_Relx_DL_Relx(18),0,720,28.8
DS1__relax_REVIEW_RLX(31),/Users/rafiabhista/Documents/code/apple/c1_audio/emomv_2/aria/media/minhdanh/5e31d1e3-0187-4837-8530-60bbac61578f1/home/minhdanh/Documents/EmoMV/Dataset1/DS1_TRAIN_MATCH/relax_REVIEW_RLX(31).mp4,relax,4,DS1,match,3ede3b2d7787bf135666152a73e94acd3de1dd1d2a5548918a940c65a81f399f,DS1__relax_REVIEW_RLX(31),29.9883,719,23.976,0,DS1__relax_REVIEW_RLX(31),0,719,29.9883
DS1__relax_ORG_RLX(254),/Users/rafiabhista/Documents/code/apple/c1_audio/emomv_2/aria/media/minhdanh/5e31d1e3-0187-4837-8530-60bbac61578f1/home/minhdanh/Documents/EmoMV/Dataset1/DS1_TRAIN_MATCH/relax_ORG_RLX(254).mp4,relax,4,DS1,match,80ae1a6205b6d34b3c8a2697a044e43a97c2fe6969b8ec68c8196accdc39a844,DS1__relax_ORG_RLX(254),31.28,782,25.0,0,DS1__relax_ORG_RLX(254),0,782,31.28
DS1__relax_DEAP_DBW_RELX(3),/Users/rafiabhista/Documents/code/apple/c1_audio/emomv_2/aria/media/minhdanh/5e31d1e3-0187-4837-8530-60bbac61578f1/home/minhdanh/Documents/EmoMV/Dataset1/DS1_TRAIN_MATCH/relax_DEAP_DBW_RELX(3).mp4,relax,4,DS1,match,9323594fc6baa00582b74eec747f38b0f5a86ef9f9c6a3139ad40f3c704c315a,DS1__relax_DEAP_DBW_RELX(3),29.396,881,29.97,0,DS1__relax_DEAP_DBW_RELX(3),0,881,29.396
DS1__relax_REVIEW_RLX(44),/Users/rafiabhista/Documents/code/apple/c1_audio/emomv_2/aria/media/minhdanh/5e31d1e3-0187-4837-8530-60bbac61578f1/home/minhdanh/Documents/EmoMV/Dataset1/DS1_TRAIN_MATCH/relax_REVIEW_RLX(44).mp4,relax,4,DS1,match,d44a59493e5c592efd5f7088c722280b38e1409ebf709e52a34cd8efe50d008d,DS1__relax_REVIEW_RLX(44),29.9967,899,29.97,0,DS1__relax_REVIEW_RLX(44),0,899,29.9967
DS1__relax_Rellx_FINAL_DL(143),/Users/rafiabhista/Documents/code/apple/c1_audio/emomv_2/aria/media/minhdanh/5e31d1e3-0187-4837-8530-60bbac61578f1/home/minhdanh/Documents/EmoMV/Dataset1/DS1_TRAIN_MATCH/relax_Rellx_FINAL_DL(143).mp4,relax,4,DS1,match,e4c23248ba805609349ac82123f11114259e3adcf2ad9f7ebfdd2c72d5f3e312,DS1__relax_Rellx_FINAL_DL(143),27.92,698,25.0,0,DS1__relax_Rellx_FINAL_DL(143),0,698,27.92
DS1__relax_63,/Users/rafiabhista/Documents/code/apple/c1_audio/emomv_2/aria/media/minhdanh/5e31d1e3-0187-4837-8530-60bbac61578f1/home/minhdanh/Documents/EmoMV/Dataset1/DS1_TRAIN_MATCH/relax_63.mp4,relax,4,DS1,match,28f892344e394e682d9cc1be5cfaadd27b36c5b3c32fe384c03bb2c7894cca27,DS1__relax_63,30.0,750,25.0,0,DS1__relax_63,0,750,30.0
DS1__relax_FINAL_Relx_DL_Relx(43),/Users/rafiabhista/Documents/code/apple/c1_audio/emomv_2/aria/media/minhdanh/5e31d1e3-0187-4837-8530-60bbac61578f1/home/minhdanh/Documents/EmoMV/Dataset1/DS1_TRAIN_MATCH/relax_FINAL_Relx_DL_Relx(43).mp4,relax,4,DS1,match,48571a8f46d4bf9aa22194f8a1d7ed40460dd482cb20b067efc15e7bfd461b00,DS1__relax_FINAL_Relx_DL_Relx(43),28.9956,869,29.97,0,DS1__relax_FINAL_Relx_DL_Relx(43),0,869,28.9956
DS1__relax_FINAL_Relx_DL_Relx(55),/Users/rafiabhista/Documents/code/apple/c1_audio/emomv_2/aria/media/minhdanh/5e31d1e3-0187-4837-8530-60bbac61578f1/home/minhdanh/Documents/EmoMV/Dataset1/DS1_TRAIN_MATCH/relax_FINAL_Relx_DL_Relx(55).mp4,relax,4,DS1,match,5a167bc9a1330c35ccca76ff7d8d570fad89054d0709df8fc81beb93c39959f0,DS1__relax_FINAL_Relx_DL_Relx(55),29.52,738,25.0,0,DS1__relax_FINAL_Relx_DL_Relx(55),0,738,29.52
DS1__relax_REVIEW_RLX(56),/Users/rafiabhista/Documents/code/apple/c1_audio/emomv_2/aria/media/minhdanh/5e31d1e3-0187-4837-8530-60bbac61578f1/home/minhdanh/Documents/EmoMV/Dataset1/DS1_TRAIN_MATCH/relax_REVIEW_RLX(56).mp4,relax,4,DS1,match,3ca3dad67462bfa094d9ea8780b1310715e7bf5a59d5c9333f1fbf30442c2be6,DS1__relax_REVIEW_RLX(56),30.0,900,30.0,0,DS1__relax_REVIEW_RLX(56),0,900,30.0
DS1__relax_ORG_NEUTRAL(98),/Users/rafiabhista/Documents/code/apple/c1_audio/emomv_2/aria/media/minhdanh/5e31d1e3-0187-4837-8530-60bbac61578f1/home/minhdanh/Documents/EmoMV/Dataset1/DS1_TRAIN_MATCH/relax_ORG_NEUTRAL(98).mp4,relax,4,DS1,match,b0dc6980ef97164d457179fe9dbdec018ac35d82d6e28a87c9e6d7fec561ff7d,DS1__relax_ORG_NEUTRAL(98),29.029,870,29.97,0,DS1__relax_ORG_NEUTRAL(98),0,870,29.029
DS1__relax_ORG_RLX(17),/Users/rafiabhista/Documents/code/apple/c1_audio/emomv_2/aria/media/minhdanh/5e31d1e3-0187-4837-8530-60bbac61578f1/home/minhdanh/Documents/EmoMV/Dataset1/DS1_TRAIN_MATCH/relax_ORG_RLX(17).mp4,relax,4,DS1,match,8cb45ea37669578f916f91f10e67c78d8995225132c760065b09adf116075d26,DS1__relax_ORG_RLX(17),29.2292,876,29.9701,0,DS1__relax_ORG_RLX(17),0,876,29.2292
DS1__relax_ORG_RLX(61),/Users/rafiabhista/Documents/code/apple/c1_audio/emomv_2/aria/media/minhdanh/5e31d1e3-0187-4837-8530-60bbac61578f1/home/minhdanh/Documents/EmoMV/Dataset1/DS1_TRAIN_MATCH/relax_ORG_RLX(61).mp4,relax,4,DS1,match,11f1e863d1fbb46ad9e475e18ebc67eeaa16a05a1cc5c59ee43a237498cbb95d,DS1__relax_ORG_RLX(61),29.6,740,25.0,0,DS1__relax_ORG_RLX(61),0,740,29.6
DS1__relax_Rellx_FINAL_DL(15),/Users/rafiabhista/Documents/code/apple/c1_audio/emomv_2/aria/media/minhdanh/5e31d1e3-0187-4837-8530-60bbac61578f1/home/minhdanh/Documents/EmoMV/Dataset1/DS1_TRAIN_MATCH/relax_Rellx_FINAL_DL(15).mp4,relax,4,DS1,match,38190d48b520ef8686c3fa4c0336bcd8fb8e2f094438fbd1b2ac2b722cf5773b,DS1__relax_Rellx_FINAL_DL(15),28.8622,865,29.97,0,DS1__relax_Rellx_FINAL_DL(15),0,865,28.8622
DS1__relax_REVIEW_RLX(53),/Users/rafiabhista/Documents/code/apple/c1_audio/emomv_2/aria/media/minhdanh/5e31d1e3-0187-4837-8530-60bbac61578f1/home/minhdanh/Documents/EmoMV/Dataset1/DS1_TRAIN_MATCH/relax_REVIEW_RLX(53).mp4,relax,4,DS1,match,e133550827509c82e50b211fd262aad397be639efcf219d4adc573aa6774d7db,DS1__relax_REVIEW_RLX(53),29.9883,719,23.976,0,DS1__relax_REVIEW_RLX(53),0,719,29.9883
DS1__relax_TT(17),/Users/rafiabhista/Documents/code/apple/c1_audio/emomv_2/aria/media/minhdanh/5e31d1e3-0187-4837-8530-60bbac61578f1/home/minhdanh/Documents/EmoMV/Dataset1/DS1_TRAIN_MATCH/relax_TT(17).mp4,relax,4,DS1,match,7254e97c34fbeabce3d7d10cba44dd067e87b0196073f5938f28ad6b636e45db,DS1__relax_TT(17),29.96,749,25.0,0,DS1__relax_TT(17),0,749,29.96
DS1__relax_TEST_MV(46)-82-of-127,/Users/rafiabhista/Documents/code/apple/c1_audio/emomv_2/aria/media/minhdanh/5e31d1e3-0187-4837-8530-60bbac61578f1/home/minhdanh/Documents/EmoMV/Dataset1/DS1_TRAIN_MATCH/relax_TEST_MV(46)-82-of-127.mp4,relax,4,DS1,match,eff1451cb202ca7d33a6d0f931cd9956eeb8d1a77426a83c8af13e1afb7beef1,DS1__relax_TEST_MV(46),28.96,724,25.0,0,DS1__relax_TEST_MV(46)-82-of-127,0,724,28.96
DS1__relax_Relx_FINAL_DL(127),/Users/rafiabhista/Documents/code/apple/c1_audio/emomv_2/aria/media/minhdanh/5e31d1e3-0187-4837-8530-60bbac61578f1/home/minhdanh/Documents/EmoMV/Dataset1/DS1_TRAIN_MATCH/relax_Relx_FINAL_DL(127).mp4,relax,4,DS1,match,1c99caae6dd3fc00caf07e5dc0aee7ef23c1c67ae7ffca51f007b417faceba47,DS1__relax_Relx_FINAL_DL(127),29.28,732,25.0,0,DS1__relax_Relx_FINAL_DL(127),0,732,29.28
DS1__relax_115,/Users/rafiabhista/Documents/code/apple/c1_audio/emomv_2/aria/media/minhdanh/5e31d1e3-0187-4837-8530-60bbac61578f1/home/minhdanh/Documents/EmoMV/Dataset1/DS1_TRAIN_MATCH/relax_115.mp4,relax,4,DS1,match,eed9d3cd48784d7764c57915b00c4ffcaf0e1535da286b994953285eb9e05e95,DS1__relax_115,30.0,750,25.0,0,DS1__relax_115,0,750,30.0
DS1__relax_73,/Users/rafiabhista/Documents/code/apple/c1_audio/emomv_2/aria/media/minhdanh/5e31d1e3-0187-4837-8530-60bbac61578f1/home/minhdanh/Documents/EmoMV/Dataset1/DS1_TRAIN_MATCH/relax_73.mp4,relax,4,DS1,match,7eccf8d486d9d242cdb29d0fa53c7dfa0afbef568eada7ab2f93b6fea0f21774,DS1__relax_73,30.0,900,30.0,0,DS1__relax_73,0,900,30.0
DS1__relax_Relx_FINAL_DL(125),/Users/rafiabhista/Documents/code/apple/c1_audio/emomv_2/aria/media/minhdanh/5e31d1e3-0187-4837-8530-60bbac61578f1/home/minhdanh/Documents/EmoMV/Dataset1/DS1_TRAIN_MATCH/relax_Relx_FINAL_DL(125).mp4,relax,4,DS1,match,b865c3c7c7a88badb7455d95fa9983ff145a7b960fdad5d56baa76e76aab7f63,DS1__relax_Relx_FINAL_DL(125),28.72,718,25.0,0,DS1__relax_Relx_FINAL_DL(125),0,718,28.72
DS1__relax_Relx_FINAL_DL(24),/Users/rafiabhista/Documents/code/apple/c1_audio/emomv_2/aria/media/minhdanh/5e31d1e3-0187-4837-8530-60bbac61578f1/home/minhdanh/Documents/EmoMV/Dataset1/DS1_TRAIN_MATCH/relax_Relx_FINAL_DL(24).mp4,relax,4,DS1,match,8e7b9b8515296598b6cd4347155ce8e7f35a59a1c34088118367a454774c95dc,DS1__relax_Relx_FINAL_DL(24),29.12,728,25.0,0,DS1__relax_Relx_FINAL_DL(24),0,728,29.12
DS1__relax_Rellx_FINAL_DL(105),/Users/rafiabhista/Documents/code/apple/c1_audio/emomv_2/aria/media/minhdanh/5e31d1e3-0187-4837-8530-60bbac61578f1/home/minhdanh/Documents/EmoMV/Dataset1/DS1_TRAIN_MATCH/relax_Rellx_FINAL_DL(105).mp4,relax,4,DS1,match,92169474c73d5241fd8a4adbd5ba2474a176ef6f2a0bf06ce0a0a7bcb385925b,DS1__relax_Rellx_FINAL_DL(105),29.7964,893,29.97,0,DS1__relax_Rellx_FINAL_DL(105),0,893,29.7964
DS1__relax_Rellx_FINAL_DL(28),/Users/rafiabhista/Documents/code/apple/c1_audio/emomv_2/aria/media/minhdanh/5e31d1e3-0187-4837-8530-60bbac61578f1/home/minhdanh/Documents/EmoMV/Dataset1/DS1_TRAIN_MATCH/relax_Rellx_FINAL_DL(28).mp4,relax,4,DS1,match,3664adac563afd7ee802afcdbcb1763fa18f0837fa9608b4eafeb23513902d57,DS1__relax_Rellx_FINAL_DL(28),29.88,747,25.0,0,DS1__relax_Rellx_FINAL_DL(28),0,747,29.88
DS1__relax_REVIEW_RLX(9),/Users/rafiabhista/Documents/code/apple/c1_audio/emomv_2/aria/media/minhdanh/5e31d1e3-0187-4837-8530-60bbac61578f1/home/minhdanh/Documents/EmoMV/Dataset1/DS1_TRAIN_MATCH/relax_REVIEW_RLX(9).mp4,relax,4,DS1,match,c40b724b44afadd9d1ac151affc15121c6da45ab30c0bad78a0b962df1ff2f9a,DS1__relax_REVIEW_RLX(9),30.2636,907,29.97,0,DS1__relax_REVIEW_RLX(9),0,907,30.2636
DS1__relax_TEST_MV(47)-9-of-10,/Users/rafiabhista/Documents/code/apple/c1_audio/emomv_2/aria/media/minhdanh/5e31d1e3-0187-4837-8530-60bbac61578f1/home/minhdanh/Documents/EmoMV/Dataset1/DS1_TRAIN_MATCH/relax_TEST_MV(47)-9-of-10.mp4,relax,4,DS1,match,e39cac0d0c55111b5c28913d1e59937d3603643f52c492a517d53fb1492eff41,DS1__relax_TEST_MV(47),30.0,750,25.0,0,DS1__relax_TEST_MV(47)-9-of-10,0,750,30.0
DS1__relax_RELX_MEA(16)-7-of-9,/Users/rafiabhista/Documents/code/apple/c1_audio/emomv_2/aria/media/minhdanh/5e31d1e3-0187-4837-8530-60bbac61578f1/home/minhdanh/Documents/EmoMV/Dataset1/DS1_TRAIN_MATCH/relax_RELX_MEA(16)-7-of-9.mp4,relax,4,DS1,match,f9c5dc3a76707942f34dda8c15b73b8b813ea468b971529cd50a07d1446722cf,DS1__relax_RELX_MEA(16),29.8298,894,29.97,0,DS1__relax_RELX_MEA(16)-7-of-9,0,894,29.8298
DS1__relax_FINAL_Relx_DL_Relx(29),/Users/rafiabhista/Documents/code/apple/c1_audio/emomv_2/aria/media/minhdanh/5e31d1e3-0187-4837-8530-60bbac61578f1/home/minhdanh/Documents/EmoMV/Dataset1/DS1_TRAIN_MATCH/relax_FINAL_Relx_DL_Relx(29).mp4,relax,4,DS1,match,9c4a8ca314ea026dc6a1e030b94d61c10fded0761001ddf9cc285edcfb8f0896,DS1__relax_FINAL_Relx_DL_Relx(29),30.0,750,25.0,0,DS1__relax_FINAL_Relx_DL_Relx(29),0,750,30.0
DS1__relax_Rellx_FINAL_DL(133),/Users/rafiabhista/Documents/code/apple/c1_audio/emomv_2/aria/media/minhdanh/5e31d1e3-0187-4837-8530-60bbac61578f1/home/minhdanh/Documents/EmoMV/Dataset1/DS1_TRAIN_MATCH/relax_Rellx_FINAL_DL(133).mp4,relax,4,DS1,match,428046da3913b9b20f0a0533de63c5c90a0113df413e0c2d115fc6a517da03bc,DS1__relax_Rellx_FINAL_DL(133),28.24,706,25.0,0,DS1__relax_Rellx_FINAL_DL(133),0,706,28.24
DS1__relax_ORG_RLX(210),/Users/rafiabhista/Documents/code/apple/c1_audio/emomv_2/aria/media/minhdanh/5e31d1e3-0187-4837-8530-60bbac61578f1/home/minhdanh/Documents/EmoMV/Dataset1/DS1_TRAIN_MATCH/relax_ORG_RLX(210).mp4,relax,4,DS1,match,ed6f9b2871b2b0d16edaabea574ae9130e919af4597b7969f640bc75baaa241f,DS1__relax_ORG_RLX(210),30.04,751,25.0,0,DS1__relax_ORG_RLX(210),0,751,30.04
DS1__relax_LLT_COLLT_RLX(5),/Users/rafiabhista/Documents/code/apple/c1_audio/emomv_2/aria/media/minhdanh/5e31d1e3-0187-4837-8530-60bbac61578f1/home/minhdanh/Documents/EmoMV/Dataset1/DS1_TRAIN_MATCH/relax_LLT_COLLT_RLX(5).mp4,relax,4,DS1,match,e75496a9bfb8f803f6bade5ea25924d68de82c1e4efdfe7f6aa56b9dece526d1,DS1__relax_LLT_COLLT_RLX(5),29.08,727,25.0,0,DS1__relax_LLT_COLLT_RLX(5),0,727,29.08
DS1__relax_TEST_MV(79)-67-of-242,/Users/rafiabhista/Documents/code/apple/c1_audio/emomv_2/aria/media/minhdanh/5e31d1e3-0187-4837-8530-60bbac61578f1/home/minhdanh/Documents/EmoMV/Dataset1/DS1_TRAIN_MATCH/relax_TEST_MV(79)-67-of-242.mp4,relax,4,DS1,match,bacd1fee6096f04fd32e4aeedb49417b09dd0f063427d7c2ebee0a6ee9394244,DS1__relax_TEST_MV(79),28.24,706,25.0,0,DS1__relax_TEST_MV(79)-67-of-242,0,706,28.24
DS1__relax_FINAL_Relx_DL_Relx(30),/Users/rafiabhista/Documents/code/apple/c1_audio/emomv_2/aria/media/minhdanh/5e31d1e3-0187-4837-8530-60bbac61578f1/home/minhdanh/Documents/EmoMV/Dataset1/DS1_TRAIN_MATCH/relax_FINAL_Relx_DL_Relx(30).mp4,relax,4,DS1,match,081d7152a21b6cfefbaae42a3b99b3e5ae6aafe8f94cf7b6cd6e7c82b0c09d49,DS1__relax_FINAL_Relx_DL_Relx(30),30.0,750,25.0,0,DS1__relax_FINAL_Relx_DL_Relx(30),0,750,30.0
DS1__relax_Rellx_FINAL_DL(186),/Users/rafiabhista/Documents/code/apple/c1_audio/emomv_2/aria/media/minhdanh/5e31d1e3-0187-4837-8530-60bbac61578f1/home/minhdanh/Documents/EmoMV/Dataset1/DS1_TRAIN_MATCH/relax_Rellx_FINAL_DL(186).mp4,relax,4,DS1,match,0b85414c02b8300438d48a6bccf35c2554ba9693a993b94a525d40235a4207b4,DS1__relax_Rellx_FINAL_DL(186),27.48,687,25.0,0,DS1__relax_Rellx_FINAL_DL(186),0,687,27.48
DS1__relax_106,/Users/rafiabhista/Documents/code/apple/c1_audio/emomv_2/aria/media/minhdanh/5e31d1e3-0187-4837-8530-60bbac61578f1/home/minhdanh/Documents/EmoMV/Dataset1/DS1_TRAIN_MATCH/relax_106.mp4,relax,4,DS1,match,a51c34017374103d8309a56a5174bdb60bb081c2b1aa250190e7f9639d5b8b9c,DS1__relax_106,30.0,900,30.0,0,DS1__relax_106,0,900,30.0
DS1__relax_DEAP_DB_REL(29),/Users/rafiabhista/Documents/code/apple/c1_audio/emomv_2/aria/media/minhdanh/5e31d1e3-0187-4837-8530-60bbac61578f1/home/minhdanh/Documents/EmoMV/Dataset1/DS1_TRAIN_MATCH/relax_DEAP_DB_REL(29).mp4,relax,4,DS1,match,a54c9c61987ecdb86fe95fa03e3a8c9fed806478ffe91e0b3720426bec6a1f2b,DS1__relax_DEAP_DB_REL(29),29.9966,899,29.97,0,DS1__relax_DEAP_DB_REL(29),0,899,29.9966
DS1__relax_Rellx_FINAL_DL(184),/Users/rafiabhista/Documents/code/apple/c1_audio/emomv_2/aria/media/minhdanh/5e31d1e3-0187-4837-8530-60bbac61578f1/home/minhdanh/Documents/EmoMV/Dataset1/DS1_TRAIN_MATCH/relax_Rellx_FINAL_DL(184).mp4,relax,4,DS1,match,3db2319333c1de65e7ea6e4fddcd8d7019056d523e52c72060191b9372182328,DS1__relax_Rellx_FINAL_DL(184),28.2782,678,23.976,0,DS1__relax_Rellx_FINAL_DL(184),0,678,28.2782
DS1__relax_FINAL_Relx_DL_Relx(54),/Users/rafiabhista/Documents/code/apple/c1_audio/emomv_2/aria/media/minhdanh/5e31d1e3-0187-4837-8530-60bbac61578f1/home/minhdanh/Documents/EmoMV/Dataset1/DS1_TRAIN_MATCH/relax_FINAL_Relx_DL_Relx(54).mp4,relax,4,DS1,match,17b9d32e129976d736532c38b7d19a39230ba381bd37a95826e37b4fd150f177,DS1__relax_FINAL_Relx_DL_Relx(54),27.84,696,25.0,0,DS1__relax_FINAL_Relx_DL_Relx(54),0,696,27.84
DS1__relax_Rellx_FINAL_DL(31),/Users/rafiabhista/Documents/code/apple/c1_audio/emomv_2/aria/media/minhdanh/5e31d1e3-0187-4837-8530-60bbac61578f1/home/minhdanh/Documents/EmoMV/Dataset1/DS1_TRAIN_MATCH/relax_Rellx_FINAL_DL(31).mp4,relax,4,DS1,match,9f8bf153dc3cd829283b069e143499e99ccd742185f706a020ab0af4cf995df5,DS1__relax_Rellx_FINAL_DL(31),30.0,750,25.0,0,DS1__relax_Rellx_FINAL_DL(31),0,750,30.0
DS1__relax_TEST_TENS(7)-7-of-8,/Users/rafiabhista/Documents/code/apple/c1_audio/emomv_2/aria/media/minhdanh/5e31d1e3-0187-4837-8530-60bbac61578f1/home/minhdanh/Documents/EmoMV/Dataset1/DS1_TRAIN_MATCH/relax_TEST_TENS(7)-7-of-8.mp4,relax,4,DS1,match,effc4ce8a2d2721dc1ab759065f25b2228449f4838ee154e4f03ab8536fe5739,DS1__relax_TEST_TENS(7),29.5295,885,29.97,0,DS1__relax_TEST_TENS(7)-7-of-8,0,885,29.5295
DS1__relax_TEST_MV(50)-13-of-15,/Users/rafiabhista/Documents/code/apple/c1_audio/emomv_2/aria/media/minhdanh/5e31d1e3-0187-4837-8530-60bbac61578f1/home/minhdanh/Documents/EmoMV/Dataset1/DS1_TRAIN_MATCH/relax_TEST_MV(50)-13-of-15.mp4,relax,4,DS1,match,407fce234117d5daf9fe29de209b2cce970547bf2247f12e9e9946b638cabf96,DS1__relax_TEST_MV(50),30.0,750,25.0,0,DS1__relax_TEST_MV(50)-13-of-15,0,750,30.0
DS1__relax_Rellx_FINAL_DL(165),/Users/rafiabhista/Documents/code/apple/c1_audio/emomv_2/aria/media/minhdanh/5e31d1e3-0187-4837-8530-60bbac61578f1/home/minhdanh/Documents/EmoMV/Dataset1/DS1_TRAIN_MATCH/relax_Rellx_FINAL_DL(165).mp4,relax,4,DS1,match,63655db58086f2c58254ef9707c59871872e163e1ead9fac0a0e97cda263f285,DS1__relax_Rellx_FINAL_DL(165),27.84,696,25.0,0,DS1__relax_Rellx_FINAL_DL(165),0,696,27.84
DS1__relax_FINAL_Relx_DL_Relx(73),/Users/rafiabhista/Documents/code/apple/c1_audio/emomv_2/aria/media/minhdanh/5e31d1e3-0187-4837-8530-60bbac61578f1/home/minhdanh/Documents/EmoMV/Dataset1/DS1_TRAIN_MATCH/relax_FINAL_Relx_DL_Relx(73).mp4,relax,4,DS1,match,52bed95e2fcd5ff09e12618723d0507c813a035fdab6ac6415225f549ec35e98,DS1__relax_FINAL_Relx_DL_Relx(73),29.16,729,25.0,0,DS1__relax_FINAL_Relx_DL_Relx(73),0,729,29.16
DS1__relax_TEST_MV(24)-7-of-8,/Users/rafiabhista/Documents/code/apple/c1_audio/emomv_2/aria/media/minhdanh/5e31d1e3-0187-4837-8530-60bbac61578f1/home/minhdanh/Documents/EmoMV/Dataset1/DS1_TRAIN_MATCH/relax_TEST_MV(24)-7-of-8.mp4,relax,4,DS1,match,9352743ff1e150c9ef310c4336a7f7bf6e5d8ffc18a1e732ee002f46194ab76e,DS1__relax_TEST_MV(24),28.4,710,25.0,0,DS1__relax_TEST_MV(24)-7-of-8,0,710,28.4
DS1__relax_Rellx_FINAL_DL(116),/Users/rafiabhista/Documents/code/apple/c1_audio/emomv_2/aria/media/minhdanh/5e31d1e3-0187-4837-8530-60bbac61578f1/home/minhdanh/Documents/EmoMV/Dataset1/DS1_TRAIN_MATCH/relax_Rellx_FINAL_DL(116).mp4,relax,4,DS1,match,4ef61d1432fc2e7f4241da6fe7e74361d84c5957f8e2f522aac89fb9b101d294,DS1__relax_Rellx_FINAL_DL(116),29.52,738,25.0,0,DS1__relax_Rellx_FINAL_DL(116),0,738,29.52
DS1__relax_Rellx_FINAL_DL(92),/Users/rafiabhista/Documents/code/apple/c1_audio/emomv_2/aria/media/minhdanh/5e31d1e3-0187-4837-8530-60bbac61578f1/home/minhdanh/Documents/EmoMV/Dataset1/DS1_TRAIN_MATCH/relax_Rellx_FINAL_DL(92).mp4,relax,4,DS1,match,4b3364bcd59cacf927a8fe01c1ba351a4b767ba072ca48f8cc2c7a1f07e5a8e1,DS1__relax_Rellx_FINAL_DL(92),29.4,735,25.0,0,DS1__relax_Rellx_FINAL_DL(92),0,735,29.4
DS1__relax_REVIEW_RLX(10),/Users/rafiabhista/Documents/code/apple/c1_audio/emomv_2/aria/media/minhdanh/5e31d1e3-0187-4837-8530-60bbac61578f1/home/minhdanh/Documents/EmoMV/Dataset1/DS1_TRAIN_MATCH/relax_REVIEW_RLX(10).mp4,relax,4,DS1,match,92b25fc5b30de158746801a22aa39815e05b634981527ca464b23c2d275fecd4,DS1__relax_REVIEW_RLX(10),29.5963,887,29.97,0,DS1__relax_REVIEW_RLX(10),0,887,29.5963
DS1__relax_FINAL_Relx_DL_Relx(46),/Users/rafiabhista/Documents/code/apple/c1_audio/emomv_2/aria/media/minhdanh/5e31d1e3-0187-4837-8530-60bbac61578f1/home/minhdanh/Documents/EmoMV/Dataset1/DS1_TRAIN_MATCH/relax_FINAL_Relx_DL_Relx(46).mp4,relax,4,DS1,match,906756ec5d14e4ada7e8599bbdf465a6c29d671373ab26f44120bdc21f27c95a,DS1__relax_FINAL_Relx_DL_Relx(46),27.96,699,25.0,0,DS1__relax_FINAL_Relx_DL_Relx(46),0,699,27.96
DS1__relax_RELX_MEA(7)-5-of-7,/Users/rafiabhista/Documents/code/apple/c1_audio/emomv_2/aria/media/minhdanh/5e31d1e3-0187-4837-8530-60bbac61578f1/home/minhdanh/Documents/EmoMV/Dataset1/DS1_TRAIN_MATCH/relax_RELX_MEA(7)-5-of-7.mp4,relax,4,DS1,match,0e34bf82ab0a9a1496aeff78a56de98a8dabb4d2ad84fbf50e017bd45a885b3b,DS1__relax_RELX_MEA(7),29.396,881,29.9701,0,DS1__relax_RELX_MEA(7)-5-of-7,0,881,29.396
DS1__relax_RELX_MEA(8)-2-of-7,/Users/rafiabhista/Documents/code/apple/c1_audio/emomv_2/aria/media/minhdanh/5e31d1e3-0187-4837-8530-60bbac61578f1/home/minhdanh/Documents/EmoMV/Dataset1/DS1_TRAIN_MATCH/relax_RELX_MEA(8)-2-of-7.mp4,relax,4,DS1,match,3eee139b0699d3d2a705661806516359d97def771309b1e7b6aef8b8e4a2770f,DS1__relax_RELX_MEA(8),30.0,900,30.0,0,DS1__relax_RELX_MEA(8)-2-of-7,0,900,30.0
DS1__exciting_TEST_MV(14)-18-of-21,/Users/rafiabhista/Documents/code/apple/c1_audio/emomv_2/aria/media/minhdanh/5e31d1e3-0187-4837-8530-60bbac61578f1/home/minhdanh/Documents/EmoMV/Dataset1/DS1_VAL_MATCH/exciting_TEST_MV(14)-18-of-21.mp4,exciting,0,DS1,match,3e394ce8b7c418367dad51e9ba8f9b9317d44cbfa2cb00085e48acf776889c5d,DS1__exciting_TEST_MV(14),27.6667,664,24.0,0,DS1__exciting_TEST_MV(14)-18-of-21,0,664,27.6667
DS1__exciting_MIX_TEST(6)-7-of-8,/Users/rafiabhista/Documents/code/apple/c1_audio/emomv_2/aria/media/minhdanh/5e31d1e3-0187-4837-8530-60bbac61578f1/home/minhdanh/Documents/EmoMV/Dataset1/DS1_VAL_MATCH/exciting_MIX_TEST(6)-7-of-8.mp4,exciting,0,DS1,match,b7c8521b073164194493088ed28bae47edb55f8ee68433f9a18ec4de28772dc5,DS1__exciting_MIX_TEST(6),29.96,749,25.0,0,DS1__exciting_MIX_TEST(6)-7-of-8,0,749,29.96
DS1__exciting_158,/Users/rafiabhista/Documents/code/apple/c1_audio/emomv_2/aria/media/minhdanh/5e31d1e3-0187-4837-8530-60bbac61578f1/home/minhdanh/Documents/EmoMV/Dataset1/DS1_VAL_MATCH/exciting_158.mp4,exciting,0,DS1,match,22c803d4661562d12f1398a0bfbb170df634d75c51bcb11546eb0c4492e43216,DS1__exciting_158,30.0,720,24.0,0,DS1__exciting_158,0,720,30.0
DS1__exciting_DEAP_DBW_EXT(31),/Users/rafiabhista/Documents/code/apple/c1_audio/emomv_2/aria/media/minhdanh/5e31d1e3-0187-4837-8530-60bbac61578f1/home/minhdanh/Documents/EmoMV/Dataset1/DS1_VAL_MATCH/exciting_DEAP_DBW_EXT(31).mp4,exciting,0,DS1,match,0b5719f87cf50f764aa8bef10480e534261d548f1135fc6164113314ba67f3df,DS1__exciting_DEAP_DBW_EXT(31),29.4628,883,29.97,0,DS1__exciting_DEAP_DBW_EXT(31),0,883,29.4628
DS1__exciting_EXT_TEST(1)-3-of-6,/Users/rafiabhista/Documents/code/apple/c1_audio/emomv_2/aria/media/minhdanh/5e31d1e3-0187-4837-8530-60bbac61578f1/home/minhdanh/Documents/EmoMV/Dataset1/DS1_VAL_MATCH/exciting_EXT_TEST(1)-3-of-6.mp4,exciting,0,DS1,match,28a498e9c206f597079c190d47fd74694f185c7badb8953a3fc7573155d80bdf,DS1__exciting_EXT_TEST(1),29.5295,708,23.976,0,DS1__exciting_EXT_TEST(1)-3-of-6,0,708,29.5295
DS1__exciting_TEST_EXT(17)-8-of-10,/Users/rafiabhista/Documents/code/apple/c1_audio/emomv_2/aria/media/minhdanh/5e31d1e3-0187-4837-8530-60bbac61578f1/home/minhdanh/Documents/EmoMV/Dataset1/DS1_VAL_MATCH/exciting_TEST_EXT(17)-8-of-10.mp4,exciting,0,DS1,match,9e930afcd5911e10c752e7c66e79f536a310a99d1e491db90763f79a6b1391a4,DS1__exciting_TEST_EXT(17),28.3617,680,23.976,0,DS1__exciting_TEST_EXT(17)-8-of-10,0,680,28.3617
DS1__exciting_Exciting_MV_NC3(16)-5-of-7,/Users/rafiabhista/Documents/code/apple/c1_audio/emomv_2/aria/media/minhdanh/5e31d1e3-0187-4837-8530-60bbac61578f1/home/minhdanh/Documents/EmoMV/Dataset1/DS1_VAL_MATCH/exciting_Exciting_MV_NC3(16)-5-of-7.mp4,exciting,0,DS1,match,1add415ce20f7af49112bd4d80121c4a5ad055875a2d51ba8625e5f1e732a781,DS1__exciting_Exciting_MV_NC3(16),29.6,740,25.0,0,DS1__exciting_Exciting_MV_NC3(16)-5-of-7,0,740,29.6
DS1__exciting_MIX_TEST(1)-5-of-6,/Users/rafiabhista/Documents/code/apple/c1_audio/emomv_2/aria/media/minhdanh/5e31d1e3-0187-4837-8530-60bbac61578f1/home/minhdanh/Documents/EmoMV/Dataset1/DS1_VAL_MATCH/exciting_MIX_TEST(1)-5-of-6.mp4,exciting,0,DS1,match,d75b648ea3574e81cddb655629944cda8edc27a45e014ec57f300fe03ddc1ca5,DS1__exciting_MIX_TEST(1),29.029,696,23.976,0,DS1__exciting_MIX_TEST(1)-5-of-6,0,696,29.029
DS1__exciting_145,/Users/rafiabhista/Documents/code/apple/c1_audio/emomv_2/aria/media/minhdanh/5e31d1e3-0187-4837-8530-60bbac61578f1/home/minhdanh/Documents/EmoMV/Dataset1/DS1_VAL_MATCH/exciting_145.mp4,exciting,0,DS1,match,0221f704c35a6296ce0505665617c2240b355cf1e43939ea7f9422f167b875e4,DS1__exciting_145,30.0,750,25.0,0,DS1__exciting_145,0,750,30.0
DS1__exciting_TEST_MV(13)-6-of-10,/Users/rafiabhista/Documents/code/apple/c1_audio/emomv_2/aria/media/minhdanh/5e31d1e3-0187-4837-8530-60bbac61578f1/home/minhdanh/Documents/EmoMV/Dataset1/DS1_VAL_MATCH/exciting_TEST_MV(13)-6-of-10.mp4,exciting,0,DS1,match,45d545806219dc486fe46e3c43063146df7462d9254029b65c483ff8e0adbc0c,DS1__exciting_TEST_MV(13),29.4044,705,23.976,0,DS1__exciting_TEST_MV(13)-6-of-10,0,705,29.4044
DS1__exciting_DEAP_DBW_EXT(21),/Users/rafiabhista/Documents/code/apple/c1_audio/emomv_2/aria/media/minhdanh/5e31d1e3-0187-4837-8530-60bbac61578f1/home/minhdanh/Documents/EmoMV/Dataset1/DS1_VAL_MATCH/exciting_DEAP_DBW_EXT(21).mp4,exciting,0,DS1,match,f47bbea1f3ee2ab883259c026b0ca2b793d00d7a35b578f9dc5616aff4cfdef7,DS1__exciting_DEAP_DBW_EXT(21),29.9299,897,29.97,0,DS1__exciting_DEAP_DBW_EXT(21),0,897,29.9299
DS1__exciting_TEST_EXT(7)-7-of-8,/Users/rafiabhista/Documents/code/apple/c1_audio/emomv_2/aria/media/minhdanh/5e31d1e3-0187-4837-8530-60bbac61578f1/home/minhdanh/Documents/EmoMV/Dataset1/DS1_VAL_MATCH/exciting_TEST_EXT(7)-7-of-8.mp4,exciting,0,DS1,match,2639553876ad3f158397d277ec1e219fbdf4c0acd46b27aaa21adcc6d3018b51,DS1__exciting_TEST_EXT(7),29.56,739,25.0,0,DS1__exciting_TEST_EXT(7)-7-of-8,0,739,29.56
DS1__exciting_TEST_EXT(1)-30-of-31,/Users/rafiabhista/Documents/code/apple/c1_audio/emomv_2/aria/media/minhdanh/5e31d1e3-0187-4837-8530-60bbac61578f1/home/minhdanh/Documents/EmoMV/Dataset1/DS1_VAL_MATCH/exciting_TEST_EXT(1)-30-of-31.mp4,exciting,0,DS1,match,363ce0bd68d526e4b9aab2235c72ded39a4a00282700b3e853abd6237e24c850,DS1__exciting_TEST_EXT(1),29.24,731,25.0,0,DS1__exciting_TEST_EXT(1)-30-of-31,0,731,29.24
DS1__exciting_TEST_MV(17)-2-of-15,/Users/rafiabhista/Documents/code/apple/c1_audio/emomv_2/aria/media/minhdanh/5e31d1e3-0187-4837-8530-60bbac61578f1/home/minhdanh/Documents/EmoMV/Dataset1/DS1_VAL_MATCH/exciting_TEST_MV(17)-2-of-15.mp4,exciting,0,DS1,match,86768e862342f1ca207f09f1221effe1b9a0acc91a8fdad0f8f9e262f1e8f27b,DS1__exciting_TEST_MV(17),29.6,740,25.0,0,DS1__exciting_TEST_MV(17)-2-of-15,0,740,29.6
DS1__exciting_ORG_EXT(226),/Users/rafiabhista/Documents/code/apple/c1_audio/emomv_2/aria/media/minhdanh/5e31d1e3-0187-4837-8530-60bbac61578f1/home/minhdanh/Documents/EmoMV/Dataset1/DS1_VAL_MATCH/exciting_ORG_EXT(226).mp4,exciting,0,DS1,match,7f81cd21f24020384aeea50ba5ed30243954e457e0b387c6baebe52a46104de5,DS1__exciting_ORG_EXT(226),29.9466,718,23.976,0,DS1__exciting_ORG_EXT(226),0,718,29.9466
DS1__exciting_TEST_MIX(8)-6-of-7,/Users/rafiabhista/Documents/code/apple/c1_audio/emomv_2/aria/media/minhdanh/5e31d1e3-0187-4837-8530-60bbac61578f1/home/minhdanh/Documents/EmoMV/Dataset1/DS1_VAL_MATCH/exciting_TEST_MIX(8)-6-of-7.mp4,exciting,0,DS1,match,70e6bb9e85c99ee1953f18c778fb7f30107f46e2232f9fd25f85134985703f95,DS1__exciting_TEST_MIX(8),28.64,716,25.0,0,DS1__exciting_TEST_MIX(8)-6-of-7,0,716,28.64
DS1__exciting_190,/Users/rafiabhista/Documents/code/apple/c1_audio/emomv_2/aria/media/minhdanh/5e31d1e3-0187-4837-8530-60bbac61578f1/home/minhdanh/Documents/EmoMV/Dataset1/DS1_VAL_MATCH/exciting_190.mp4,exciting,0,DS1,match,dd625e60a8f0a000d97c7906944f79a60d765425139126cd7d6b180cb9171150,DS1__exciting_190,30.0,750,25.0,0,DS1__exciting_190,0,750,30.0
DS1__exciting_Exciting_MV_NC(3)-3-of-10,/Users/rafiabhista/Documents/code/apple/c1_audio/emomv_2/aria/media/minhdanh/5e31d1e3-0187-4837-8530-60bbac61578f1/home/minhdanh/Documents/EmoMV/Dataset1/DS1_VAL_MATCH/exciting_Exciting_MV_NC(3)-3-of-10.mp4,exciting,0,DS1,match,888ff373bd94c937d1fcf70c3ccd6fb1e6d8263abf5e420b680d415185bb2cfd,DS1__exciting_Exciting_MV_NC(3),30.0,900,30.0,0,DS1__exciting_Exciting_MV_NC(3)-3-of-10,0,900,30.0
DS1__exciting_Exciting_MV_NC2(68)-4-of-6,/Users/rafiabhista/Documents/code/apple/c1_audio/emomv_2/aria/media/minhdanh/5e31d1e3-0187-4837-8530-60bbac61578f1/home/minhdanh/Documents/EmoMV/Dataset1/DS1_VAL_MATCH/exciting_Exciting_MV_NC2(68)-4-of-6.mp4,exciting,0,DS1,match,48011a0181ae76a9e1e07935b4d6c821e29e01a526763c22916a1489ccb5b6bf,DS1__exciting_Exciting_MV_NC2(68),29.9299,897,29.97,0,DS1__exciting_Exciting_MV_NC2(68)-4-of-6,0,897,29.9299
DS1__exciting_ORG_EXT(346),/Users/rafiabhista/Documents/code/apple/c1_audio/emomv_2/aria/media/minhdanh/5e31d1e3-0187-4837-8530-60bbac61578f1/home/minhdanh/Documents/EmoMV/Dataset1/DS1_VAL_MATCH/exciting_ORG_EXT(346).mp4,exciting,0,DS1,match,3fec9331155815af64fd737054bb2bd302c2cb4f9cbd58466b9ab0e31d06b031,DS1__exciting_ORG_EXT(346),29.9882,719,23.9761,0,DS1__exciting_ORG_EXT(346),0,719,29.9882
DS1__exciting_ORG_EXT(201),/Users/rafiabhista/Documents/code/apple/c1_audio/emomv_2/aria/media/minhdanh/5e31d1e3-0187-4837-8530-60bbac61578f1/home/minhdanh/Documents/EmoMV/Dataset1/DS1_VAL_MATCH/exciting_ORG_EXT(201).mp4,exciting,0,DS1,match,4d3d2a3387a83492de395cecff860070d0577ad46e202d9d7f2cc97244ca30d1,DS1__exciting_ORG_EXT(201),28.8205,691,23.976,0,DS1__exciting_ORG_EXT(201),0,691,28.8205
DS1__exciting_DEAP_DB_EXTT(9),/Users/rafiabhista/Documents/code/apple/c1_audio/emomv_2/aria/media/minhdanh/5e31d1e3-0187-4837-8530-60bbac61578f1/home/minhdanh/Documents/EmoMV/Dataset1/DS1_VAL_MATCH/exciting_DEAP_DB_EXTT(9).mp4,exciting,0,DS1,match,e2d30f850fb9c636809caf01bd3f55114ac59235d19519ab0c5648c4cf1d66e3,DS1__exciting_DEAP_DB_EXTT(9),29.9299,897,29.97,0,DS1__exciting_DEAP_DB_EXTT(9),0,897,29.9299
DS1__exciting_Exciting_MV_3GPP(54)-9-of-10,/Users/rafiabhista/Documents/code/apple/c1_audio/emomv_2/aria/media/minhdanh/5e31d1e3-0187-4837-8530-60bbac61578f1/home/minhdanh/Documents/EmoMV/Dataset1/DS1_VAL_MATCH/exciting_Exciting_MV_3GPP(54)-9-of-10.mp4,exciting,0,DS1,match,5180446aa2e7eb10ae1faf7511be86b61a7741b104444d41ea327fae41498d5a,DS1__exciting_Exciting_MV_3GPP(54),29.9,897,30.0,0,DS1__exciting_Exciting_MV_3GPP(54)-9-of-10,0,897,29.9
DS1__exciting_FINAL_DL-Ext(3),/Users/rafiabhista/Documents/code/apple/c1_audio/emomv_2/aria/media/minhdanh/5e31d1e3-0187-4837-8530-60bbac61578f1/home/minhdanh/Documents/EmoMV/Dataset1/DS1_VAL_MATCH/exciting_FINAL_DL-Ext(3).mp4,exciting,0,DS1,match,6bcf12bcc79242bb2022e19effedbe5d4bab7d3e9eb4543daa88d011c807db91,DS1__exciting_FINAL_DL-Ext(3),30.0,900,30.0,0,DS1__exciting_FINAL_DL-Ext(3),0,900,30.0
DS1__exciting_ORG_EXT(337)__win0,/Users/rafiabhista/Documents/code/apple/c1_audio/emomv_2/aria/media/minhdanh/5e31d1e3-0187-4837-8530-60bbac61578f1/home/minhdanh/Documents/EmoMV/Dataset1/DS1_VAL_MATCH/exciting_ORG_EXT(337).mp4,exciting,0,DS1,match,27b6d1e1ace03fda4fbb0149a48d362036dca01d7a6a868d4d48fed19aae67e6,DS1__exciting_ORG_EXT(337),41.675,1249,29.97,0,DS1__exciting_ORG_EXT(337),0,899,29.9966
DS1__exciting_ORG_EXT(337)__win1,/Users/rafiabhista/Documents/code/apple/c1_audio/emomv_2/aria/media/minhdanh/5e31d1e3-0187-4837-8530-60bbac61578f1/home/minhdanh/Documents/EmoMV/Dataset1/DS1_VAL_MATCH/exciting_ORG_EXT(337).mp4,exciting,0,DS1,match,27b6d1e1ace03fda4fbb0149a48d362036dca01d7a6a868d4d48fed19aae67e6,DS1__exciting_ORG_EXT(337),41.675,1249,29.97,1,DS1__exciting_ORG_EXT(337),899,1249,11.6783
DS1__exciting_DEAP_DB_EX(30),/Users/rafiabhista/Documents/code/apple/c1_audio/emomv_2/aria/media/minhdanh/5e31d1e3-0187-4837-8530-60bbac61578f1/home/minhdanh/Documents/EmoMV/Dataset1/DS1_VAL_MATCH/exciting_DEAP_DB_EX(30).mp4,exciting,0,DS1,match,dc17d2ed8f5943a3af72ea8037e637ee71e6830c50899a0f6f588a68aa6f4659,DS1__exciting_DEAP_DB_EX(30),29.8215,715,23.976,0,DS1__exciting_DEAP_DB_EX(30),0,715,29.8215
DS1__exciting_DEAP_DBW_EXT(5),/Users/rafiabhista/Documents/code/apple/c1_audio/emomv_2/aria/media/minhdanh/5e31d1e3-0187-4837-8530-60bbac61578f1/home/minhdanh/Documents/EmoMV/Dataset1/DS1_VAL_MATCH/exciting_DEAP_DBW_EXT(5).mp4,exciting,0,DS1,match,d192801023d281f759b5da84e1d8639e47594b672bd89b98b29658f89acdf622,DS1__exciting_DEAP_DBW_EXT(5),29.1625,874,29.97,0,DS1__exciting_DEAP_DBW_EXT(5),0,874,29.1625
DS1__exciting_Ext_FINAL_DL(21),/Users/rafiabhista/Documents/code/apple/c1_audio/emomv_2/aria/media/minhdanh/5e31d1e3-0187-4837-8530-60bbac61578f1/home/minhdanh/Documents/EmoMV/Dataset1/DS1_VAL_MATCH/exciting_Ext_FINAL_DL(21).mp4,exciting,0,DS1,match,6f48a75f3b9f2a10ecdca8edfd0ed1000983075137955878f169e28136824129,DS1__exciting_Ext_FINAL_DL(21),29.9,897,30.0,0,DS1__exciting_Ext_FINAL_DL(21),0,897,29.9
DS1__exciting_TEST_EXT(2)-6-of-19,/Users/rafiabhista/Documents/code/apple/c1_audio/emomv_2/aria/media/minhdanh/5e31d1e3-0187-4837-8530-60bbac61578f1/home/minhdanh/Documents/EmoMV/Dataset1/DS1_VAL_MATCH/exciting_TEST_EXT(2)-6-of-19.mp4,exciting,0,DS1,match,787dd3ce97396ef7d772f306905cce5f0fd103ad251506b0a401dff9a35cfbe2,DS1__exciting_TEST_EXT(2),30.0,750,25.0,0,DS1__exciting_TEST_EXT(2)-6-of-19,0,750,30.0
DS1__exciting_DEAP_DB_EX(32),/Users/rafiabhista/Documents/code/apple/c1_audio/emomv_2/aria/media/minhdanh/5e31d1e3-0187-4837-8530-60bbac61578f1/home/minhdanh/Documents/EmoMV/Dataset1/DS1_VAL_MATCH/exciting_DEAP_DB_EX(32).mp4,exciting,0,DS1,match,e388ae730dd39449b984ffc48a73beae8d7681d416702cc8a9d545dc46e10850,DS1__exciting_DEAP_DB_EX(32),30.0,750,25.0,0,DS1__exciting_DEAP_DB_EX(32),0,750,30.0
DS1__exciting_HPY_EXT_LLT(7),/Users/rafiabhista/Documents/code/apple/c1_audio/emomv_2/aria/media/minhdanh/5e31d1e3-0187-4837-8530-60bbac61578f1/home/minhdanh/Documents/EmoMV/Dataset1/DS1_VAL_MATCH/exciting_HPY_EXT_LLT(7).mp4,exciting,0,DS1,match,a068f97091ee52a50772373ef462fec02a00ec8b4d9dbdfef40c1f6dc345ee2b,DS1__exciting_HPY_EXT_LLT(7),30.0,750,25.0,0,DS1__exciting_HPY_EXT_LLT(7),0,750,30.0
DS1__exciting_MIX_TEST(0)-6-of-8,/Users/rafiabhista/Documents/code/apple/c1_audio/emomv_2/aria/media/minhdanh/5e31d1e3-0187-4837-8530-60bbac61578f1/home/minhdanh/Documents/EmoMV/Dataset1/DS1_VAL_MATCH/exciting_MIX_TEST(0)-6-of-8.mp4,exciting,0,DS1,match,d39c1285f755c607d6138993e0d2bc716f8adb651b6532ff07e47f33eeec6428,DS1__exciting_MIX_TEST(0),29.28,732,25.0,0,DS1__exciting_MIX_TEST(0)-6-of-8,0,732,29.28
DS1__exciting_ORG_EXT(179),/Users/rafiabhista/Documents/code/apple/c1_audio/emomv_2/aria/media/minhdanh/5e31d1e3-0187-4837-8530-60bbac61578f1/home/minhdanh/Documents/EmoMV/Dataset1/DS1_VAL_MATCH/exciting_ORG_EXT(179).mp4,exciting,0,DS1,match,f7f48b631fa0ec093b410864fccb00be95d85e424a57ab2492dfb5280aaf326e,DS1__exciting_ORG_EXT(179),30.2803,726,23.976,0,DS1__exciting_ORG_EXT(179),0,726,30.2803
DS1__exciting_ORG_EXT(251),/Users/rafiabhista/Documents/code/apple/c1_audio/emomv_2/aria/media/minhdanh/5e31d1e3-0187-4837-8530-60bbac61578f1/home/minhdanh/Documents/EmoMV/Dataset1/DS1_VAL_MATCH/exciting_ORG_EXT(251).mp4,exciting,0,DS1,match,03245944883a48f94f13f3feeac66382f9770d95f71722b46b0aec870ce0a582,DS1__exciting_ORG_EXT(251),29.6,740,25.0,0,DS1__exciting_ORG_EXT(251),0,740,29.6
DS1__exciting_TEST_MV(18)-2-of-7,/Users/rafiabhista/Documents/code/apple/c1_audio/emomv_2/aria/media/minhdanh/5e31d1e3-0187-4837-8530-60bbac61578f1/home/minhdanh/Documents/EmoMV/Dataset1/DS1_VAL_MATCH/exciting_TEST_MV(18)-2-of-7.mp4,exciting,0,DS1,match,074b7c75589c4a98b8f1b35e69167c40354627300d5a413a966925b3658cfe1f,DS1__exciting_TEST_MV(18),29.3862,880,29.946,0,DS1__exciting_TEST_MV(18)-2-of-7,0,880,29.3862
DS1__fear_ORG_FEAR(131),/Users/rafiabhista/Documents/code/apple/c1_audio/emomv_2/aria/media/minhdanh/5e31d1e3-0187-4837-8530-60bbac61578f1/home/minhdanh/Documents/EmoMV/Dataset1/DS1_VAL_MATCH/fear_ORG_FEAR(131).mp4,fear,1,DS1,match,e1555e927904610b9b6deb02cd11bc7eb8917e3a8c9fe4f3d0726d0a0f9449f7,DS1__fear_ORG_FEAR(131),29.6,888,30.0,0,DS1__fear_ORG_FEAR(131),0,888,29.6
DS1__fear_LLT_DL(1)-2-of-7,/Users/rafiabhista/Documents/code/apple/c1_audio/emomv_2/aria/media/minhdanh/5e31d1e3-0187-4837-8530-60bbac61578f1/home/minhdanh/Documents/EmoMV/Dataset1/DS1_VAL_MATCH/fear_LLT_DL(1)-2-of-7.mp4,fear,1,DS1,match,b456059a7fd0c3051414c100c4cd07e735e9efbb3d97638a8de793032193d3c1,DS1__fear_LLT_DL(1),29.84,746,25.0,0,DS1__fear_LLT_DL(1)-2-of-7,0,746,29.84
DS1__fear_FEAR_TEST(7)-4-of-12,/Users/rafiabhista/Documents/code/apple/c1_audio/emomv_2/aria/media/minhdanh/5e31d1e3-0187-4837-8530-60bbac61578f1/home/minhdanh/Documents/EmoMV/Dataset1/DS1_VAL_MATCH/fear_FEAR_TEST(7)-4-of-12.mp4,fear,1,DS1,match,3b5be22cd58e55b5b864c0fd1e2477e74316008ff03ec2f321e6dcf724175d64,DS1__fear_FEAR_TEST(7),28.6119,686,23.976,0,DS1__fear_FEAR_TEST(7)-4-of-12,0,686,28.6119
DS1__fear_ORG_FEAR(80),/Users/rafiabhista/Documents/code/apple/c1_audio/emomv_2/aria/media/minhdanh/5e31d1e3-0187-4837-8530-60bbac61578f1/home/minhdanh/Documents/EmoMV/Dataset1/DS1_VAL_MATCH/fear_ORG_FEAR(80).mp4,fear,1,DS1,match,eaedc772e6e37ed586c4e3c765b5ff30b543c83435d377045afb4d4baa7cd8d1,DS1__fear_ORG_FEAR(80),28.6954,860,29.97,0,DS1__fear_ORG_FEAR(80),0,860,28.6954
DS1__fear_FEAR_TEST(14)-8-of-9,/Users/rafiabhista/Documents/code/apple/c1_audio/emomv_2/aria/media/minhdanh/5e31d1e3-0187-4837-8530-60bbac61578f1/home/minhdanh/Documents/EmoMV/Dataset1/DS1_VAL_MATCH/fear_FEAR_TEST(14)-8-of-9.mp4,fear,1,DS1,match,81de85f40c5c2ffe2eb384a2068bcbc9ca781055f9861b3b3519b4d8bd2e3eab,DS1__fear_FEAR_TEST(14),29.56,739,25.0,0,DS1__fear_FEAR_TEST(14)-8-of-9,0,739,29.56
DS1__fear_ORG_FEAR(147),/Users/rafiabhista/Documents/code/apple/c1_audio/emomv_2/aria/media/minhdanh/5e31d1e3-0187-4837-8530-60bbac61578f1/home/minhdanh/Documents/EmoMV/Dataset1/DS1_VAL_MATCH/fear_ORG_FEAR(147).mp4,fear,1,DS1,match,86bee2f6df2f39685dc1ca60e8c01899d9c0065350c1ebabedc2335972b63ae1,DS1__fear_ORG_FEAR(147),30.9643,928,29.97,0,DS1__fear_ORG_FEAR(147),0,928,30.9643
DS1__fear_FINAL_DL_Fearr(31),/Users/rafiabhista/Documents/code/apple/c1_audio/emomv_2/aria/media/minhdanh/5e31d1e3-0187-4837-8530-60bbac61578f1/home/minhdanh/Documents/EmoMV/Dataset1/DS1_VAL_MATCH/fear_FINAL_DL_Fearr(31).mp4,fear,1,DS1,match,b088ca37f13438f581a1a330a729df8b153c9d0ff0fb0e59f3d5297f459d9428,DS1__fear_FINAL_DL_Fearr(31),29.6963,890,29.97,0,DS1__fear_FINAL_DL_Fearr(31),0,890,29.6963
DS1__fear_FINAL_DL_Fearr(9),/Users/rafiabhista/Documents/code/apple/c1_audio/emomv_2/aria/media/minhdanh/5e31d1e3-0187-4837-8530-60bbac61578f1/home/minhdanh/Documents/EmoMV/Dataset1/DS1_VAL_MATCH/fear_FINAL_DL_Fearr(9).mp4,fear,1,DS1,match,fbbadf53c36295c11f6becacdb83521fa70f9a0b56f8db32ad8cc7d7909ad06c,DS1__fear_FINAL_DL_Fearr(9),29.8632,716,23.976,0,DS1__fear_FINAL_DL_Fearr(9),0,716,29.8632
DS1__fear_TEST_FEAR(2)-2-of-8,/Users/rafiabhista/Documents/code/apple/c1_audio/emomv_2/aria/media/minhdanh/5e31d1e3-0187-4837-8530-60bbac61578f1/home/minhdanh/Documents/EmoMV/Dataset1/DS1_VAL_MATCH/fear_TEST_FEAR(2)-2-of-8.mp4,fear,1,DS1,match,b25842a01c761fc49371ceae35b7f925c38993dd48837391d5712bf7d5d88cc5,DS1__fear_TEST_FEAR(2),29.4961,884,29.97,0,DS1__fear_TEST_FEAR(2)-2-of-8,0,884,29.4961
DS1__fear_FEAR_TEST(12)-4-of-12,/Users/rafiabhista/Documents/code/apple/c1_audio/emomv_2/aria/media/minhdanh/5e31d1e3-0187-4837-8530-60bbac61578f1/home/minhdanh/Documents/EmoMV/Dataset1/DS1_VAL_MATCH/fear_FEAR_TEST(12)-4-of-12.mp4,fear,1,DS1,match,387c0a26cf08c2048c1afdadb2aeae5ed87f2c34fe7a2cde1ece1e99574fcad1,DS1__fear_FEAR_TEST(12),29.0,725,25.0,0,DS1__fear_FEAR_TEST(12)-4-of-12,0,725,29.0
DS1__fear_FEAR_TEST(5)-6-of-8,/Users/rafiabhista/Documents/code/apple/c1_audio/emomv_2/aria/media/minhdanh/5e31d1e3-0187-4837-8530-60bbac61578f1/home/minhdanh/Documents/EmoMV/Dataset1/DS1_VAL_MATCH/fear_FEAR_TEST(5)-6-of-8.mp4,fear,1,DS1,match,a7ee5257d7a6f9ae96b1c1621912f52c2834c4c16e6b36106f48144cfc37bedf,DS1__fear_FEAR_TEST(5),29.24,731,25.0,0,DS1__fear_FEAR_TEST(5)-6-of-8,0,731,29.24
DS1__fear_ORG_FEAR(100),/Users/rafiabhista/Documents/code/apple/c1_audio/emomv_2/aria/media/minhdanh/5e31d1e3-0187-4837-8530-60bbac61578f1/home/minhdanh/Documents/EmoMV/Dataset1/DS1_VAL_MATCH/fear_ORG_FEAR(100).mp4,fear,1,DS1,match,ee0e3b28129573d8b6e006b8a67602117a5d1c8ce55109ea778ce1c76d44aae3,DS1__fear_ORG_FEAR(100),29.6,740,25.0,0,DS1__fear_ORG_FEAR(100),0,740,29.6
DS1__fear_FEAR_TEST(19)-8-of-11,/Users/rafiabhista/Documents/code/apple/c1_audio/emomv_2/aria/media/minhdanh/5e31d1e3-0187-4837-8530-60bbac61578f1/home/minhdanh/Documents/EmoMV/Dataset1/DS1_VAL_MATCH/fear_FEAR_TEST(19)-8-of-11.mp4,fear,1,DS1,match,6a262f9ecfdc08b1e20b8bf4eaf886345ce58af87c07a2fc79e0aa947d68d56f,DS1__fear_FEAR_TEST(19),29.8632,716,23.976,0,DS1__fear_FEAR_TEST(19)-8-of-11,0,716,29.8632
DS1__fear_LLT_DL(17)-6-of-9,/Users/rafiabhista/Documents/code/apple/c1_audio/emomv_2/aria/media/minhdanh/5e31d1e3-0187-4837-8530-60bbac61578f1/home/minhdanh/Documents/EmoMV/Dataset1/DS1_VAL_MATCH/fear_LLT_DL(17)-6-of-9.mp4,fear,1,DS1,match,9506fb71e07f1b7591a42ca45b4a62cb69f474cab2e440e920e0a055f5706815,DS1__fear_LLT_DL(17),28.5702,685,23.976,0,DS1__fear_LLT_DL(17)-6-of-9,0,685,28.5702
DS1__fear_ORG_FEAR(113),/Users/rafiabhista/Documents/code/apple/c1_audio/emomv_2/aria/media/minhdanh/5e31d1e3-0187-4837-8530-60bbac61578f1/home/minhdanh/Documents/EmoMV/Dataset1/DS1_VAL_MATCH/fear_ORG_FEAR(113).mp4,fear,1,DS1,match,af8f1f542549007171e2684aa41ea911026f384ff388c13da088e5479b0aaa8f,DS1__fear_ORG_FEAR(113),32.8995,986,29.97,0,DS1__fear_ORG_FEAR(113),0,986,32.8995
DS1__fear_FINAL_DL_Fear(0),/Users/rafiabhista/Documents/code/apple/c1_audio/emomv_2/aria/media/minhdanh/5e31d1e3-0187-4837-8530-60bbac61578f1/home/minhdanh/Documents/EmoMV/Dataset1/DS1_VAL_MATCH/fear_FINAL_DL_Fear(0).mp4,fear,1,DS1,match,c9aa5fa3a8c3fe479f3ff37fbbf3cd418991f55733aaa7cb4a52ef8e56bd2729,DS1__fear_FINAL_DL_Fear(0),28.737,689,23.976,0,DS1__fear_FINAL_DL_Fear(0),0,689,28.737
DS1__fear_FEAR_TEST(15)-7-of-12,/Users/rafiabhista/Documents/code/apple/c1_audio/emomv_2/aria/media/minhdanh/5e31d1e3-0187-4837-8530-60bbac61578f1/home/minhdanh/Documents/EmoMV/Dataset1/DS1_VAL_MATCH/fear_FEAR_TEST(15)-7-of-12.mp4,fear,1,DS1,match,89bc58576ea0571b260bd7320e8ea4aa923afa4951c6fc148cc64b61e5253d86,DS1__fear_FEAR_TEST(15),29.9049,717,23.976,0,DS1__fear_FEAR_TEST(15)-7-of-12,0,717,29.9049
DS1__fear_DEAP_DP_TENSxx(15),/Users/rafiabhista/Documents/code/apple/c1_audio/emomv_2/aria/media/minhdanh/5e31d1e3-0187-4837-8530-60bbac61578f1/home/minhdanh/Documents/EmoMV/Dataset1/DS1_VAL_MATCH/fear_DEAP_DP_TENSxx(15).mp4,fear,1,DS1,match,3e82864e4bf62113cb9c10ed952867f26b38462db5844ac93ef5d049e5820d98,DS1__fear_DEAP_DP_TENSxx(15),29.8,745,25.0,0,DS1__fear_DEAP_DP_TENSxx(15),0,745,29.8
DS1__fear_ORG_FEAR(273),/Users/rafiabhista/Documents/code/apple/c1_audio/emomv_2/aria/media/minhdanh/5e31d1e3-0187-4837-8530-60bbac61578f1/home/minhdanh/Documents/EmoMV/Dataset1/DS1_VAL_MATCH/fear_ORG_FEAR(273).mp4,fear,1,DS1,match,824e9bc428c2e54f547eeab8b9b2ea78477636ef6f24eaac7093c8ff32d9c597,DS1__fear_ORG_FEAR(273),30.7307,921,29.97,0,DS1__fear_ORG_FEAR(273),0,921,30.7307
DS1__fear_FINAL_DL_Fearr(44),/Users/rafiabhista/Documents/code/apple/c1_audio/emomv_2/aria/media/minhdanh/5e31d1e3-0187-4837-8530-60bbac61578f1/home/minhdanh/Documents/EmoMV/Dataset1/DS1_VAL_MATCH/fear_FINAL_DL_Fearr(44).mp4,fear,1,DS1,match,6e348d7fc872ad3f1aef5aef0f638008cbb6f709949c8ebd902e9bc644e69ee9,DS1__fear_FINAL_DL_Fearr(44),29.3627,880,29.97,0,DS1__fear_FINAL_DL_Fearr(44),0,880,29.3627
DS1__fear_FEAR_TEST(17)-3-of-7,/Users/rafiabhista/Documents/code/apple/c1_audio/emomv_2/aria/media/minhdanh/5e31d1e3-0187-4837-8530-60bbac61578f1/home/minhdanh/Documents/EmoMV/Dataset1/DS1_VAL_MATCH/fear_FEAR_TEST(17)-3-of-7.mp4,fear,1,DS1,match,810b0d6bd6024022eb428a7cd452804e174e82a7bfc3a2cba1df710200790637,DS1__fear_FEAR_TEST(17),28.4868,683,23.976,0,DS1__fear_FEAR_TEST(17)-3-of-7,0,683,28.4868
DS1__fear_TEST_FEAR(9)-2-of-8,/Users/rafiabhista/Documents/code/apple/c1_audio/emomv_2/aria/media/minhdanh/5e31d1e3-0187-4837-8530-60bbac61578f1/home/minhdanh/Documents/EmoMV/Dataset1/DS1_VAL_MATCH/fear_TEST_FEAR(9)-2-of-8.mp4,fear,1,DS1,match,f3ea70f71d62ece31cb4f9dc9196feb1b075e955f355714953784a0b0a18e6ed,DS1__fear_TEST_FEAR(9),29.7917,715,24.0,0,DS1__fear_TEST_FEAR(9)-2-of-8,0,715,29.7917
DS1__fear_ORG_FEAR(238),/Users/rafiabhista/Documents/code/apple/c1_audio/emomv_2/aria/media/minhdanh/5e31d1e3-0187-4837-8530-60bbac61578f1/home/minhdanh/Documents/EmoMV/Dataset1/DS1_VAL_MATCH/fear_ORG_FEAR(238).mp4,fear,1,DS1,match,8e43ee4efc86202a6e527d9ec6fff74838913ca3f556d0f9aa8f6e2a48eb327e,DS1__fear_ORG_FEAR(238),29.3211,703,23.9759,0,DS1__fear_ORG_FEAR(238),0,703,29.3211
DS1__fear_FINAL_DL_Fear(24),/Users/rafiabhista/Documents/code/apple/c1_audio/emomv_2/aria/media/minhdanh/5e31d1e3-0187-4837-8530-60bbac61578f1/home/minhdanh/Documents/EmoMV/Dataset1/DS1_VAL_MATCH/fear_FINAL_DL_Fear(24).mp4,fear,1,DS1,match,1c6e4bdd3cdefb1a719244919e2881b705e9a92cd58eeafe08adebe449918e80,DS1__fear_FINAL_DL_Fear(24),30.0,750,25.0,0,DS1__fear_FINAL_DL_Fear(24),0,750,30.0
DS1__fear_REVIEW_FEAR(7),/Users/rafiabhista/Documents/code/apple/c1_audio/emomv_2/aria/media/minhdanh/5e31d1e3-0187-4837-8530-60bbac61578f1/home/minhdanh/Documents/EmoMV/Dataset1/DS1_VAL_MATCH/fear_REVIEW_FEAR(7).mp4,fear,1,DS1,match,deaee8507a61969fc62faccd7a12c69719e152264f298f06d9987680fcb169a3,DS1__fear_REVIEW_FEAR(7),29.2792,702,23.976,0,DS1__fear_REVIEW_FEAR(7),0,702,29.2792
DS1__fear_FEAR_TEST(0)-4-of-15,/Users/rafiabhista/Documents/code/apple/c1_audio/emomv_2/aria/media/minhdanh/5e31d1e3-0187-4837-8530-60bbac61578f1/home/minhdanh/Documents/EmoMV/Dataset1/DS1_VAL_MATCH/fear_FEAR_TEST(0)-4-of-15.mp4,fear,1,DS1,match,505d650aea51c9976f7c4383ef9ca90c518993383f0eef99707e5462ea25203a,DS1__fear_FEAR_TEST(0),29.88,747,25.0,0,DS1__fear_FEAR_TEST(0)-4-of-15,0,747,29.88
DS1__fear_ORG_FEAR(172),/Users/rafiabhista/Documents/code/apple/c1_audio/emomv_2/aria/media/minhdanh/5e31d1e3-0187-4837-8530-60bbac61578f1/home/minhdanh/Documents/EmoMV/Dataset1/DS1_VAL_MATCH/fear_ORG_FEAR(172).mp4,fear,1,DS1,match,4fa4e258f7b52f1b1b91fdb65a9d7e5987dc57fe919ff0adf2ec598e1d8395f8,DS1__fear_ORG_FEAR(172),30.2385,725,23.976,0,DS1__fear_ORG_FEAR(172),0,725,30.2385
DS1__fear_DEAP_DP_TENSMM(18),/Users/rafiabhista/Documents/code/apple/c1_audio/emomv_2/aria/media/minhdanh/5e31d1e3-0187-4837-8530-60bbac61578f1/home/minhdanh/Documents/EmoMV/Dataset1/DS1_VAL_MATCH/fear_DEAP_DP_TENSMM(18).mp4,fear,1,DS1,match,a4ec979baba1a13fabe528224e90c41b48914f1513f900b80a130cd052e1af2c,DS1__fear_DEAP_DP_TENSMM(18),28.5,684,24.0,0,DS1__fear_DEAP_DP_TENSMM(18),0,684,28.5
DS1__fear_FEAR_TEST(1)-4-of-10,/Users/rafiabhista/Documents/code/apple/c1_audio/emomv_2/aria/media/minhdanh/5e31d1e3-0187-4837-8530-60bbac61578f1/home/minhdanh/Documents/EmoMV/Dataset1/DS1_VAL_MATCH/fear_FEAR_TEST(1)-4-of-10.mp4,fear,1,DS1,match,06b7ceab314100857eb17b6de77ddab8971d206dabb60317a7fbc44e9fe50e54,DS1__fear_FEAR_TEST(1),28.16,704,25.0,0,DS1__fear_FEAR_TEST(1)-4-of-10,0,704,28.16
DS1__fear_FEAR_TEST(4)-3-of-7,/Users/rafiabhista/Documents/code/apple/c1_audio/emomv_2/aria/media/minhdanh/5e31d1e3-0187-4837-8530-60bbac61578f1/home/minhdanh/Documents/EmoMV/Dataset1/DS1_VAL_MATCH/fear_FEAR_TEST(4)-3-of-7.mp4,fear,1,DS1,match,34cddfbc34c9891207e0d4a9154e7da15c4aa852aa0e223dada964c36231ed09,DS1__fear_FEAR_TEST(4),26.9019,645,23.976,0,DS1__fear_FEAR_TEST(4)-3-of-7,0,645,26.9019
DS1__fear_ORG_FEAR(37),/Users/rafiabhista/Documents/code/apple/c1_audio/emomv_2/aria/media/minhdanh/5e31d1e3-0187-4837-8530-60bbac61578f1/home/minhdanh/Documents/EmoMV/Dataset1/DS1_VAL_MATCH/fear_ORG_FEAR(37).mp4,fear,1,DS1,match,8f6777bfa2360da11f7283c11c0c95dd0acbaa844ccb8635a5b3796ff2491b31,DS1__fear_ORG_FEAR(37),29.7798,714,23.976,0,DS1__fear_ORG_FEAR(37),0,714,29.7798
DS1__fear_LLT_FEAR(10)-2-of-9,/Users/rafiabhista/Documents/code/apple/c1_audio/emomv_2/aria/media/minhdanh/5e31d1e3-0187-4837-8530-60bbac61578f1/home/minhdanh/Documents/EmoMV/Dataset1/DS1_VAL_MATCH/fear_LLT_FEAR(10)-2-of-9.mp4,fear,1,DS1,match,1b96b570e38dd3ce13047b020b03ea4cc641f3250e5b36571122511b1bae266e,DS1__fear_LLT_FEAR(10),28.5,684,24.0,0,DS1__fear_LLT_FEAR(10)-2-of-9,0,684,28.5
DS1__fear_ORG_FEAR(8),/Users/rafiabhista/Documents/code/apple/c1_audio/emomv_2/aria/media/minhdanh/5e31d1e3-0187-4837-8530-60bbac61578f1/home/minhdanh/Documents/EmoMV/Dataset1/DS1_VAL_MATCH/fear_ORG_FEAR(8).mp4,fear,1,DS1,match,955de4ee114d80324a267d44fbe0b46e449f1f57a426814b4c8b2aed136fe880,DS1__fear_ORG_FEAR(8),28.72,718,25.0,0,DS1__fear_ORG_FEAR(8),0,718,28.72
DS1__fear_LLT_DL(11)-4-of-7,/Users/rafiabhista/Documents/code/apple/c1_audio/emomv_2/aria/media/minhdanh/5e31d1e3-0187-4837-8530-60bbac61578f1/home/minhdanh/Documents/EmoMV/Dataset1/DS1_VAL_MATCH/fear_LLT_DL(11)-4-of-7.mp4,fear,1,DS1,match,cad402237cdbe1a372ff43d4b1d6c02566b857c6e40f609f815dc8935c14154d,DS1__fear_LLT_DL(11),28.6119,686,23.976,0,DS1__fear_LLT_DL(11)-4-of-7,0,686,28.6119
DS1__fear_ORG_FEAR(43),/Users/rafiabhista/Documents/code/apple/c1_audio/emomv_2/aria/media/minhdanh/5e31d1e3-0187-4837-8530-60bbac61578f1/home/minhdanh/Documents/EmoMV/Dataset1/DS1_VAL_MATCH/fear_ORG_FEAR(43).mp4,fear,1,DS1,match,56ce5e68db08727998c85935ebaf4a22dfc6b6835312c55403a13ceba58f53c6,DS1__fear_ORG_FEAR(43),29.9884,719,23.976,0,DS1__fear_ORG_FEAR(43),0,719,29.9884
DS1__fear_ORG_TENS(146),/Users/rafiabhista/Documents/code/apple/c1_audio/emomv_2/aria/media/minhdanh/5e31d1e3-0187-4837-8530-60bbac61578f1/home/minhdanh/Documents/EmoMV/Dataset1/DS1_VAL_MATCH/fear_ORG_TENS(146).mp4,fear,1,DS1,match,061dad30d853dc79a73aae235de2ba797e6b2fbd86f42f162c8ed5d9c3dd57e4,DS1__fear_ORG_TENS(146),29.6964,712,23.976,0,DS1__fear_ORG_TENS(146),0,712,29.6964
DS1__fear_LLT_DL(2)-8-of-12,/Users/rafiabhista/Documents/code/apple/c1_audio/emomv_2/aria/media/minhdanh/5e31d1e3-0187-4837-8530-60bbac61578f1/home/minhdanh/Documents/EmoMV/Dataset1/DS1_VAL_MATCH/fear_LLT_DL(2)-8-of-12.mp4,fear,1,DS1,match,9be130fa0c718e9e46e4489ecf0291e4961028089741b1f65537734d81ada0ea,DS1__fear_LLT_DL(2),27.027,810,29.97,0,DS1__fear_LLT_DL(2)-8-of-12,0,810,27.027
DS1__tense_TEST_MIX(12)-7-of-8,/Users/rafiabhista/Documents/code/apple/c1_audio/emomv_2/aria/media/minhdanh/5e31d1e3-0187-4837-8530-60bbac61578f1/home/minhdanh/Documents/EmoMV/Dataset1/DS1_VAL_MATCH/tense_TEST_MIX(12)-7-of-8.mp4,tense,2,DS1,match,0e79d1296a9cc932325b7b1a36c3033bbd55dc537ecd9b8c1b1a355ba0134300,DS1__tense_TEST_MIX(12),29.0417,697,24.0,0,DS1__tense_TEST_MIX(12)-7-of-8,0,697,29.0417
DS1__tense_ORG_TENS(308)__win0,/Users/rafiabhista/Documents/code/apple/c1_audio/emomv_2/aria/media/minhdanh/5e31d1e3-0187-4837-8530-60bbac61578f1/home/minhdanh/Documents/EmoMV/Dataset1/DS1_VAL_MATCH/tense_ORG_TENS(308).mp4,tense,2,DS1,match,e187ef500d1d47261f3201473e2ab4a54b694b589cb62929b6363d212cdbc454,DS1__tense_ORG_TENS(308),41.08,1027,25.0,0,DS1__tense_ORG_TENS(308),0,750,30.0
DS1__tense_ORG_TENS(308)__win1,/Users/rafiabhista/Documents/code/apple/c1_audio/emomv_2/aria/media/minhdanh/5e31d1e3-0187-4837-8530-60bbac61578f1/home/minhdanh/Documents/EmoMV/Dataset1/DS1_VAL_MATCH/tense_ORG_TENS(308).mp4,tense,2,DS1,match,e187ef500d1d47261f3201473e2ab4a54b694b589cb62929b6363d212cdbc454,DS1__tense_ORG_TENS(308),41.08,1027,25.0,1,DS1__tense_ORG_TENS(308),750,1027,11.08
DS1__tense_TEST_TENS_NN(5)-4-of-5,/Users/rafiabhista/Documents/code/apple/c1_audio/emomv_2/aria/media/minhdanh/5e31d1e3-0187-4837-8530-60bbac61578f1/home/minhdanh/Documents/EmoMV/Dataset1/DS1_VAL_MATCH/tense_TEST_TENS_NN(5)-4-of-5.mp4,tense,2,DS1,match,49ec1738a30f50a0c7e84cebd2ddb8d5548a9e951fd89b34f19245280d7fe9a2,DS1__tense_TEST_TENS_NN(5),24.316,583,23.976,0,DS1__tense_TEST_TENS_NN(5)-4-of-5,0,583,24.316
DS1__tense_REVIEW_TENS(28),/Users/rafiabhista/Documents/code/apple/c1_audio/emomv_2/aria/media/minhdanh/5e31d1e3-0187-4837-8530-60bbac61578f1/home/minhdanh/Documents/EmoMV/Dataset1/DS1_VAL_MATCH/tense_REVIEW_TENS(28).mp4,tense,2,DS1,match,52b5535f2f82bcb831470909917dd1650789e1a299dbd05252da0f23cf3cc976,DS1__tense_REVIEW_TENS(28),29.8632,895,29.97,0,DS1__tense_REVIEW_TENS(28),0,895,29.8632
DS1__tense_ORG_TENS(178),/Users/rafiabhista/Documents/code/apple/c1_audio/emomv_2/aria/media/minhdanh/5e31d1e3-0187-4837-8530-60bbac61578f1/home/minhdanh/Documents/EmoMV/Dataset1/DS1_VAL_MATCH/tense_ORG_TENS(178).mp4,tense,2,DS1,match,ff3daf608e0190c3db9f15404b41ea7fe1f9487130254f7edb28a6bcb50d4574,DS1__tense_ORG_TENS(178),30.0717,721,23.976,0,DS1__tense_ORG_TENS(178),0,721,30.0717
DS1__tense_LLT_TENS(8)-4-of-5,/Users/rafiabhista/Documents/code/apple/c1_audio/emomv_2/aria/media/minhdanh/5e31d1e3-0187-4837-8530-60bbac61578f1/home/minhdanh/Documents/EmoMV/Dataset1/DS1_VAL_MATCH/tense_LLT_TENS(8)-4-of-5.mp4,tense,2,DS1,match,1f9913eee5f63f5b5937c4041f8d1f003539fad47b06d17ff2383ebae669fb3b,DS1__tense_LLT_TENS(8),29.8965,896,29.97,0,DS1__tense_LLT_TENS(8)-4-of-5,0,896,29.8965
DS1__tense_LLT_TENS(13)-6-of-11,/Users/rafiabhista/Documents/code/apple/c1_audio/emomv_2/aria/media/minhdanh/5e31d1e3-0187-4837-8530-60bbac61578f1/home/minhdanh/Documents/EmoMV/Dataset1/DS1_VAL_MATCH/tense_LLT_TENS(13)-6-of-11.mp4,tense,2,DS1,match,66b38385ee80337a73724e19ab7e4d4e3d5e54c60ce9dc539acc3e03cf2c0222,DS1__tense_LLT_TENS(13),29.1,873,30.0,0,DS1__tense_LLT_TENS(13)-6-of-11,0,873,29.1
DS1__tense_TEST_TENS(5)-4-of-9,/Users/rafiabhista/Documents/code/apple/c1_audio/emomv_2/aria/media/minhdanh/5e31d1e3-0187-4837-8530-60bbac61578f1/home/minhdanh/Documents/EmoMV/Dataset1/DS1_VAL_MATCH/tense_TEST_TENS(5)-4-of-9.mp4,tense,2,DS1,match,4e21da85e5214a40a2ab36f26ece8e9a4e93ada605c56bb8d4f0e93b69288765,DS1__tense_TEST_TENS(5),29.6,888,30.0,0,DS1__tense_TEST_TENS(5)-4-of-9,0,888,29.6
DS1__tense_LLT_TENS(5)-9-of-10,/Users/rafiabhista/Documents/code/apple/c1_audio/emomv_2/aria/media/minhdanh/5e31d1e3-0187-4837-8530-60bbac61578f1/home/minhdanh/Documents/EmoMV/Dataset1/DS1_VAL_MATCH/tense_LLT_TENS(5)-9-of-10.mp4,tense,2,DS1,match,394646a48a914ffa282ebe6ffc38f33c54680caad93273e7d36dd5e71025ec92,DS1__tense_LLT_TENS(5),29.36,734,25.0,0,DS1__tense_LLT_TENS(5)-9-of-10,0,734,29.36
DS1__tense_ORG_TENS(30),/Users/rafiabhista/Documents/code/apple/c1_audio/emomv_2/aria/media/minhdanh/5e31d1e3-0187-4837-8530-60bbac61578f1/home/minhdanh/Documents/EmoMV/Dataset1/DS1_VAL_MATCH/tense_ORG_TENS(30).mp4,tense,2,DS1,match,ffd83fee60c2480da90875d4f679608e048ce2bf405dabfc6ca7c5cc6f9f4fd3,DS1__tense_ORG_TENS(30),30.8224,739,23.9761,0,DS1__tense_ORG_TENS(30),0,739,30.8224
DS1__tense_ORG_TENS(219),/Users/rafiabhista/Documents/code/apple/c1_audio/emomv_2/aria/media/minhdanh/5e31d1e3-0187-4837-8530-60bbac61578f1/home/minhdanh/Documents/EmoMV/Dataset1/DS1_VAL_MATCH/tense_ORG_TENS(219).mp4,tense,2,DS1,match,785362d9320b7a16c98a121ed0a7d237ebf4056a7c936b9c94621643ef7adb68,DS1__tense_ORG_TENS(219),28.1073,787,27.9999,0,DS1__tense_ORG_TENS(219),0,787,28.1073
DS1__tense_TT(16),/Users/rafiabhista/Documents/code/apple/c1_audio/emomv_2/aria/media/minhdanh/5e31d1e3-0187-4837-8530-60bbac61578f1/home/minhdanh/Documents/EmoMV/Dataset1/DS1_VAL_MATCH/tense_TT(16).mp4,tense,2,DS1,match,87185767843ba278edfcf3d254447c4983652ed51d79cf87d72a13a79ff286e8,DS1__tense_TT(16),30.28,757,25.0,0,DS1__tense_TT(16),0,757,30.28
DS1__tense_ORG_TENS(357),/Users/rafiabhista/Documents/code/apple/c1_audio/emomv_2/aria/media/minhdanh/5e31d1e3-0187-4837-8530-60bbac61578f1/home/minhdanh/Documents/EmoMV/Dataset1/DS1_VAL_MATCH/tense_ORG_TENS(357).mp4,tense,2,DS1,match,0d2f62c908dfc2825589310903126c48932c6769d9250b7fc974e9f6637b7492,DS1__tense_ORG_TENS(357),30.7641,922,29.97,0,DS1__tense_ORG_TENS(357),0,922,30.7641
DS1__tense_TEST_TENS(23)-2-of-13,/Users/rafiabhista/Documents/code/apple/c1_audio/emomv_2/aria/media/minhdanh/5e31d1e3-0187-4837-8530-60bbac61578f1/home/minhdanh/Documents/EmoMV/Dataset1/DS1_VAL_MATCH/tense_TEST_TENS(23)-2-of-13.mp4,tense,2,DS1,match,1117d00c3a4af823d78ba90d816c85df097d690ac38959c489b10a7e9db45ef1,DS1__tense_TEST_TENS(23),26.24,656,25.0,0,DS1__tense_TEST_TENS(23)-2-of-13,0,656,26.24
DS1__tense_REVIEW_TENS(25),/Users/rafiabhista/Documents/code/apple/c1_audio/emomv_2/aria/media/minhdanh/5e31d1e3-0187-4837-8530-60bbac61578f1/home/minhdanh/Documents/EmoMV/Dataset1/DS1_VAL_MATCH/tense_REVIEW_TENS(25).mp4,tense,2,DS1,match,8405dfc234c7b89642ae45847b0886b463b0ad478d2aa6fdf1d0b7f5b868f8c8,DS1__tense_REVIEW_TENS(25),29.8632,895,29.97,0,DS1__tense_REVIEW_TENS(25),0,895,29.8632
DS1__tense_ORG_TENS(341),/Users/rafiabhista/Documents/code/apple/c1_audio/emomv_2/aria/media/minhdanh/5e31d1e3-0187-4837-8530-60bbac61578f1/home/minhdanh/Documents/EmoMV/Dataset1/DS1_VAL_MATCH/tense_ORG_TENS(341).mp4,tense,2,DS1,match,5e6c21972dcb6d75347d77a3453d37b5fa5202265e0e613eb5e73e0eff3e4311,DS1__tense_ORG_TENS(341),29.6964,890,29.97,0,DS1__tense_ORG_TENS(341),0,890,29.6964
DS1__tense_ORG_TENS(312),/Users/rafiabhista/Documents/code/apple/c1_audio/emomv_2/aria/media/minhdanh/5e31d1e3-0187-4837-8530-60bbac61578f1/home/minhdanh/Documents/EmoMV/Dataset1/DS1_VAL_MATCH/tense_ORG_TENS(312).mp4,tense,2,DS1,match,161579f13ce590883ba213123d3a13ea7f0876dd5e454cf0bdb025283208dae5,DS1__tense_ORG_TENS(312),29.84,746,25.0,0,DS1__tense_ORG_TENS(312),0,746,29.84
DS1__tense_TENS_LLT(14)),/Users/rafiabhista/Documents/code/apple/c1_audio/emomv_2/aria/media/minhdanh/5e31d1e3-0187-4837-8530-60bbac61578f1/home/minhdanh/Documents/EmoMV/Dataset1/DS1_VAL_MATCH/tense_TENS_LLT(14)).mp4,tense,2,DS1,match,4821167f11cd47de437ac41aa0f6792b53bd658640675a12798d2f424e95cb60,DS1__tense_TENS_LLT(14)),28.84,721,25.0,0,DS1__tense_TENS_LLT(14)),0,721,28.84
DS1__tense_TEST_TENS(15)-7-of-8,/Users/rafiabhista/Documents/code/apple/c1_audio/emomv_2/aria/media/minhdanh/5e31d1e3-0187-4837-8530-60bbac61578f1/home/minhdanh/Documents/EmoMV/Dataset1/DS1_VAL_MATCH/tense_TEST_TENS(15)-7-of-8.mp4,tense,2,DS1,match,b8d3175b2e345bd23c6d4e8b5851f43bd3d0feeb7aca31bce9986e685a6e84f1,DS1__tense_TEST_TENS(15),29.029,870,29.97,0,DS1__tense_TEST_TENS(15)-7-of-8,0,870,29.029
DS1__tense_TEST_TENS(29)-5-of-14,/Users/rafiabhista/Documents/code/apple/c1_audio/emomv_2/aria/media/minhdanh/5e31d1e3-0187-4837-8530-60bbac61578f1/home/minhdanh/Documents/EmoMV/Dataset1/DS1_VAL_MATCH/tense_TEST_TENS(29)-5-of-14.mp4,tense,2,DS1,match,f310f9044f984059d274c31d2cd35458904b3c805c986e83ceef5532fd842fb8,DS1__tense_TEST_TENS(29),29.68,742,25.0,0,DS1__tense_TEST_TENS(29)-5-of-14,0,742,29.68
DS1__tense_TEST_TENS(28)-3-of-10,/Users/rafiabhista/Documents/code/apple/c1_audio/emomv_2/aria/media/minhdanh/5e31d1e3-0187-4837-8530-60bbac61578f1/home/minhdanh/Documents/EmoMV/Dataset1/DS1_VAL_MATCH/tense_TEST_TENS(28)-3-of-10.mp4,tense,2,DS1,match,79c8ad1d49a741ec97a706dee930deadb227b8c2250c7203cb82aa72428f81dd,DS1__tense_TEST_TENS(28),28.737,689,23.976,0,DS1__tense_TEST_TENS(28)-3-of-10,0,689,28.737
DS1__tense_ORG_TENS(344),/Users/rafiabhista/Documents/code/apple/c1_audio/emomv_2/aria/media/minhdanh/5e31d1e3-0187-4837-8530-60bbac61578f1/home/minhdanh/Documents/EmoMV/Dataset1/DS1_VAL_MATCH/tense_ORG_TENS(344).mp4,tense,2,DS1,match,c9b94c67b99a857a42e77cc6d81faac4481b12a8a75287ca7d866abd01c54da2,DS1__tense_ORG_TENS(344),30.04,751,25.0,0,DS1__tense_ORG_TENS(344),0,751,30.04
DS1__tense_TENS_MM(7)-2-of-7,/Users/rafiabhista/Documents/code/apple/c1_audio/emomv_2/aria/media/minhdanh/5e31d1e3-0187-4837-8530-60bbac61578f1/home/minhdanh/Documents/EmoMV/Dataset1/DS1_VAL_MATCH/tense_TENS_MM(7)-2-of-7.mp4,tense,2,DS1,match,4df79738f0da3536a6d496bf234c6ebf65d257c6f422430d4b64f8f536045cfe,DS1__tense_TENS_MM(7),28.4451,682,23.976,0,DS1__tense_TENS_MM(7)-2-of-7,0,682,28.4451
DS1__tense_TEST_TENS_NN(8)-2-of-7,/Users/rafiabhista/Documents/code/apple/c1_audio/emomv_2/aria/media/minhdanh/5e31d1e3-0187-4837-8530-60bbac61578f1/home/minhdanh/Documents/EmoMV/Dataset1/DS1_VAL_MATCH/tense_TEST_TENS_NN(8)-2-of-7.mp4,tense,2,DS1,match,e7c56f420a65d00d541d18bfa6506a7b3cc884413730c4daf48d324514abf133,DS1__tense_TEST_TENS_NN(8),28.7287,861,29.97,0,DS1__tense_TEST_TENS_NN(8)-2-of-7,0,861,28.7287
DS1__tense_TEST_TENS_NN(0)-2-of-9,/Users/rafiabhista/Documents/code/apple/c1_audio/emomv_2/aria/media/minhdanh/5e31d1e3-0187-4837-8530-60bbac61578f1/home/minhdanh/Documents/EmoMV/Dataset1/DS1_VAL_MATCH/tense_TEST_TENS_NN(0)-2-of-9.mp4,tense,2,DS1,match,4ca232de26252b9ce04f8b6613ef3845b57b6b1caffdac2f6d171abbf85fa3a5,DS1__tense_TEST_TENS_NN(0),29.44,736,25.0,0,DS1__tense_TEST_TENS_NN(0)-2-of-9,0,736,29.44
DS1__tense_TEST_TENS_NN(10)-3-of-7,/Users/rafiabhista/Documents/code/apple/c1_audio/emomv_2/aria/media/minhdanh/5e31d1e3-0187-4837-8530-60bbac61578f1/home/minhdanh/Documents/EmoMV/Dataset1/DS1_VAL_MATCH/tense_TEST_TENS_NN(10)-3-of-7.mp4,tense,2,DS1,match,7ed703adf4e01c0a4164b823a182042fb607cc2d07a951e0138a9a6e93e744e6,DS1__tense_TEST_TENS_NN(10),29.9883,719,23.976,0,DS1__tense_TEST_TENS_NN(10)-3-of-7,0,719,29.9883
DS1__tense_REVIEW_TENS(36),/Users/rafiabhista/Documents/code/apple/c1_audio/emomv_2/aria/media/minhdanh/5e31d1e3-0187-4837-8530-60bbac61578f1/home/minhdanh/Documents/EmoMV/Dataset1/DS1_VAL_MATCH/tense_REVIEW_TENS(36).mp4,tense,2,DS1,match,c082920f5c0256e4319a078839b0ce1dfe8c3bcf773b30fa9a317af9da5cc8d6,DS1__tense_REVIEW_TENS(36),29.8632,716,23.976,0,DS1__tense_REVIEW_TENS(36),0,716,29.8632
DS1__tense_TEST_TENS_NN(9)-8-of-12,/Users/rafiabhista/Documents/code/apple/c1_audio/emomv_2/aria/media/minhdanh/5e31d1e3-0187-4837-8530-60bbac61578f1/home/minhdanh/Documents/EmoMV/Dataset1/DS1_VAL_MATCH/tense_TEST_TENS_NN(9)-8-of-12.mp4,tense,2,DS1,match,1488e51c4f6706b2fce535fbd84f01007aac87f24f355386ca3b26766b892579,DS1__tense_TEST_TENS_NN(9),29.9883,719,23.976,0,DS1__tense_TEST_TENS_NN(9)-8-of-12,0,719,29.9883
DS1__tense_TEST_TENS(30)-2-of-9,/Users/rafiabhista/Documents/code/apple/c1_audio/emomv_2/aria/media/minhdanh/5e31d1e3-0187-4837-8530-60bbac61578f1/home/minhdanh/Documents/EmoMV/Dataset1/DS1_VAL_MATCH/tense_TEST_TENS(30)-2-of-9.mp4,tense,2,DS1,match,9cc5708eebbe41827335b6df424e3ca20906309e81488b7c04549cd6247bab56,DS1__tense_TEST_TENS(30),29.4461,706,23.976,0,DS1__tense_TEST_TENS(30)-2-of-9,0,706,29.4461
DS1__tense_LLT_TENS(11)-7-of-10,/Users/rafiabhista/Documents/code/apple/c1_audio/emomv_2/aria/media/minhdanh/5e31d1e3-0187-4837-8530-60bbac61578f1/home/minhdanh/Documents/EmoMV/Dataset1/DS1_VAL_MATCH/tense_LLT_TENS(11)-7-of-10.mp4,tense,2,DS1,match,689ee9b0c96074f36aa8083f283d104df048f7b6fa25cb3de093eb72e6bfbbba,DS1__tense_LLT_TENS(11),29.1541,699,23.976,0,DS1__tense_LLT_TENS(11)-7-of-10,0,699,29.1541
DS1__tense_LLT_TENS(6)-5-of-9,/Users/rafiabhista/Documents/code/apple/c1_audio/emomv_2/aria/media/minhdanh/5e31d1e3-0187-4837-8530-60bbac61578f1/home/minhdanh/Documents/EmoMV/Dataset1/DS1_VAL_MATCH/tense_LLT_TENS(6)-5-of-9.mp4,tense,2,DS1,match,a06e98b638c24d00ddcf6ed0543df6bf987f055a738a383a5b5f142cd6f1001e,DS1__tense_LLT_TENS(6),28.5702,685,23.976,0,DS1__tense_LLT_TENS(6)-5-of-9,0,685,28.5702
DS1__tense_TEST_TENS(3)-6-of-10,/Users/rafiabhista/Documents/code/apple/c1_audio/emomv_2/aria/media/minhdanh/5e31d1e3-0187-4837-8530-60bbac61578f1/home/minhdanh/Documents/EmoMV/Dataset1/DS1_VAL_MATCH/tense_TEST_TENS(3)-6-of-10.mp4,tense,2,DS1,match,7758e2d7317ad06bcc582270e4be11d97c3e9e17bbf8edf83b0a15472d6e8b5b,DS1__tense_TEST_TENS(3),29.3333,880,30.0,0,DS1__tense_TEST_TENS(3)-6-of-10,0,880,29.3333
DS1__sad_SAD_TEST(5)-4-of-9,/Users/rafiabhista/Documents/code/apple/c1_audio/emomv_2/aria/media/minhdanh/5e31d1e3-0187-4837-8530-60bbac61578f1/home/minhdanh/Documents/EmoMV/Dataset1/DS1_VAL_MATCH/sad_SAD_TEST(5)-4-of-9.mp4,sad,3,DS1,match,54e9c5bb9f70313eea482fc714427ae6a2302c7c724834623a480291f8db7966,DS1__sad_SAD_TEST(5),29.029,696,23.976,0,DS1__sad_SAD_TEST(5)-4-of-9,0,696,29.029
DS1__sad_SAD_TEST(13)-5-of-10,/Users/rafiabhista/Documents/code/apple/c1_audio/emomv_2/aria/media/minhdanh/5e31d1e3-0187-4837-8530-60bbac61578f1/home/minhdanh/Documents/EmoMV/Dataset1/DS1_VAL_MATCH/sad_SAD_TEST(13)-5-of-10.mp4,sad,3,DS1,match,164140df5a90e5b3e0c146e8204b1bdfb2e89adbc1c78f3c3f7d4c4a3eb783d2,DS1__sad_SAD_TEST(13),26.2762,630,23.976,0,DS1__sad_SAD_TEST(13)-5-of-10,0,630,26.2762
DS1__sad_FINAL_DL_Sad(18),/Users/rafiabhista/Documents/code/apple/c1_audio/emomv_2/aria/media/minhdanh/5e31d1e3-0187-4837-8530-60bbac61578f1/home/minhdanh/Documents/EmoMV/Dataset1/DS1_VAL_MATCH/sad_FINAL_DL_Sad(18).mp4,sad,3,DS1,match,b5189b1f0adbd28b06be5ef20472799ff99802bec2f8f9b9877cb45147d0bb78,DS1__sad_FINAL_DL_Sad(18),30.0,900,30.0,0,DS1__sad_FINAL_DL_Sad(18),0,900,30.0
DS1__sad_ORG_SAD(324),/Users/rafiabhista/Documents/code/apple/c1_audio/emomv_2/aria/media/minhdanh/5e31d1e3-0187-4837-8530-60bbac61578f1/home/minhdanh/Documents/EmoMV/Dataset1/DS1_VAL_MATCH/sad_ORG_SAD(324).mp4,sad,3,DS1,match,c0957b68ee36cb1d565a5e7de2431a72f447949852ddbbcddcfcd716f28cd497,DS1__sad_ORG_SAD(324),32.1654,964,29.9701,0,DS1__sad_ORG_SAD(324),0,964,32.1654
DS1__sad_TEST_SAD(13)-12-of-13,/Users/rafiabhista/Documents/code/apple/c1_audio/emomv_2/aria/media/minhdanh/5e31d1e3-0187-4837-8530-60bbac61578f1/home/minhdanh/Documents/EmoMV/Dataset1/DS1_VAL_MATCH/sad_TEST_SAD(13)-12-of-13.mp4,sad,3,DS1,match,5b1f34f25fea67085bbda55a417905abe00a478fceda8b192a0991e7d2dc6ee8,DS1__sad_TEST_SAD(13),29.32,733,25.0,0,DS1__sad_TEST_SAD(13)-12-of-13,0,733,29.32
DS1__sad_ORG_NEUTRAL(346),/Users/rafiabhista/Documents/code/apple/c1_audio/emomv_2/aria/media/minhdanh/5e31d1e3-0187-4837-8530-60bbac61578f1/home/minhdanh/Documents/EmoMV/Dataset1/DS1_VAL_MATCH/sad_ORG_NEUTRAL(346).mp4,sad,3,DS1,match,06e477b5a847c1b4b33a94722fc0195485404a2cdc61de10bd0c921a46818448,DS1__sad_ORG_NEUTRAL(346),30.24,756,25.0,0,DS1__sad_ORG_NEUTRAL(346),0,756,30.24
DS1__sad_FINAL_DL_Sad(21),/Users/rafiabhista/Documents/code/apple/c1_audio/emomv_2/aria/media/minhdanh/5e31d1e3-0187-4837-8530-60bbac61578f1/home/minhdanh/Documents/EmoMV/Dataset1/DS1_VAL_MATCH/sad_FINAL_DL_Sad(21).mp4,sad,3,DS1,match,332bd377e7412c8c47a9c590a50025c6e1c27f5e15bcc9857eed7b0e5d881658,DS1__sad_FINAL_DL_Sad(21),28.2,705,25.0,0,DS1__sad_FINAL_DL_Sad(21),0,705,28.2
DS1__sad_SAD_TEST(10)-8-of-9,/Users/rafiabhista/Documents/code/apple/c1_audio/emomv_2/aria/media/minhdanh/5e31d1e3-0187-4837-8530-60bbac61578f1/home/minhdanh/Documents/EmoMV/Dataset1/DS1_VAL_MATCH/sad_SAD_TEST(10)-8-of-9.mp4,sad,3,DS1,match,6bac0a2aeb24bdde98003e24777688b02e1912dd6b0428c65dcbfbf024a9df05,DS1__sad_SAD_TEST(10),28.1948,676,23.976,0,DS1__sad_SAD_TEST(10)-8-of-9,0,676,28.1948
DS1__sad_TEST_SAD(34)-5-of-9,/Users/rafiabhista/Documents/code/apple/c1_audio/emomv_2/aria/media/minhdanh/5e31d1e3-0187-4837-8530-60bbac61578f1/home/minhdanh/Documents/EmoMV/Dataset1/DS1_VAL_MATCH/sad_TEST_SAD(34)-5-of-9.mp4,sad,3,DS1,match,0d7a94b794c5dd35ad6545073ba37830e64b86243bad8011b77246c133023c3a,DS1__sad_TEST_SAD(34),29.6546,711,23.976,0,DS1__sad_TEST_SAD(34)-5-of-9,0,711,29.6546
DS1__sad_ORG_SAD(191),/Users/rafiabhista/Documents/code/apple/c1_audio/emomv_2/aria/media/minhdanh/5e31d1e3-0187-4837-8530-60bbac61578f1/home/minhdanh/Documents/EmoMV/Dataset1/DS1_VAL_MATCH/sad_ORG_SAD(191).mp4,sad,3,DS1,match,351f3fd1e2ba0521ee959501db334a204cd26110857a975fc700b2003aab1060,DS1__sad_ORG_SAD(191),30.6667,920,30.0,0,DS1__sad_ORG_SAD(191),0,920,30.6667
DS1__sad_TEST_SAD(23)-7-of-8,/Users/rafiabhista/Documents/code/apple/c1_audio/emomv_2/aria/media/minhdanh/5e31d1e3-0187-4837-8530-60bbac61578f1/home/minhdanh/Documents/EmoMV/Dataset1/DS1_VAL_MATCH/sad_TEST_SAD(23)-7-of-8.mp4,sad,3,DS1,match,77f6bf7051fb9bff5ae722276b9118c2fb5dcb4fbe217df4512ef4f2a0146638,DS1__sad_TEST_SAD(23),29.8215,715,23.976,0,DS1__sad_TEST_SAD(23)-7-of-8,0,715,29.8215
DS1__sad_FINAL_DL_Sad(70),/Users/rafiabhista/Documents/code/apple/c1_audio/emomv_2/aria/media/minhdanh/5e31d1e3-0187-4837-8530-60bbac61578f1/home/minhdanh/Documents/EmoMV/Dataset1/DS1_VAL_MATCH/sad_FINAL_DL_Sad(70).mp4,sad,3,DS1,match,a8bd5aaa4aa4432ee32b492c8a1ec26e54c6e9bae4ff5fe95355f77e7821d4ee,DS1__sad_FINAL_DL_Sad(70),25.7667,773,30.0,0,DS1__sad_FINAL_DL_Sad(70),0,773,25.7667
DS1__sad_ORG_SAD(43),/Users/rafiabhista/Documents/code/apple/c1_audio/emomv_2/aria/media/minhdanh/5e31d1e3-0187-4837-8530-60bbac61578f1/home/minhdanh/Documents/EmoMV/Dataset1/DS1_VAL_MATCH/sad_ORG_SAD(43).mp4,sad,3,DS1,match,27e8d098446a2b06d22d4105522a9260778daa63f30be52fc56755894335ca24,DS1__sad_ORG_SAD(43),28.9667,869,30.0,0,DS1__sad_ORG_SAD(43),0,869,28.9667
DS1__sad_SAD_TEST(8)-7-of-8,/Users/rafiabhista/Documents/code/apple/c1_audio/emomv_2/aria/media/minhdanh/5e31d1e3-0187-4837-8530-60bbac61578f1/home/minhdanh/Documents/EmoMV/Dataset1/DS1_VAL_MATCH/sad_SAD_TEST(8)-7-of-8.mp4,sad,3,DS1,match,e72d7366db91528ada5f51529df2c20b3b91a7a21e6b6afc05a33c646566ef38,DS1__sad_SAD_TEST(8),28.5285,684,23.976,0,DS1__sad_SAD_TEST(8)-7-of-8,0,684,28.5285
DS1__sad_ORG_SAD(80),/Users/rafiabhista/Documents/code/apple/c1_audio/emomv_2/aria/media/minhdanh/5e31d1e3-0187-4837-8530-60bbac61578f1/home/minhdanh/Documents/EmoMV/Dataset1/DS1_VAL_MATCH/sad_ORG_SAD(80).mp4,sad,3,DS1,match,cff17e8bb25dfa5e65b4f43948d7878d35f149d477fdaef49bd0031e6b177eea,DS1__sad_ORG_SAD(80),29.88,747,25.0,0,DS1__sad_ORG_SAD(80),0,747,29.88
DS1__sad_Sad_FINAL_DL(60),/Users/rafiabhista/Documents/code/apple/c1_audio/emomv_2/aria/media/minhdanh/5e31d1e3-0187-4837-8530-60bbac61578f1/home/minhdanh/Documents/EmoMV/Dataset1/DS1_VAL_MATCH/sad_Sad_FINAL_DL(60).mp4,sad,3,DS1,match,5db446d7c12441544085f0a9281077affe118e79d78feaa970b1414ad907ed5a,DS1__sad_Sad_FINAL_DL(60),28.9623,868,29.97,0,DS1__sad_Sad_FINAL_DL(60),0,868,28.9623
DS1__sad_ORG_SAD(121),/Users/rafiabhista/Documents/code/apple/c1_audio/emomv_2/aria/media/minhdanh/5e31d1e3-0187-4837-8530-60bbac61578f1/home/minhdanh/Documents/EmoMV/Dataset1/DS1_VAL_MATCH/sad_ORG_SAD(121).mp4,sad,3,DS1,match,1b273d528333274fa662dcf2f3f10e0f762194d87a461119f1568149b3748cad,DS1__sad_ORG_SAD(121),30.1379,874,29.0,0,DS1__sad_ORG_SAD(121),0,874,30.1379
DS1__sad_REVIEW_SAD (14),/Users/rafiabhista/Documents/code/apple/c1_audio/emomv_2/aria/media/minhdanh/5e31d1e3-0187-4837-8530-60bbac61578f1/home/minhdanh/Documents/EmoMV/Dataset1/DS1_VAL_MATCH/sad_REVIEW_SAD (14).mp4,sad,3,DS1,match,9d31d6e40b3d196a8198b9e6b92931f275323687a604f024b5369801df678f14,DS1__sad_REVIEW_SAD (14),29.04,726,25.0,0,DS1__sad_REVIEW_SAD (14),0,726,29.04
DS1__sad_SAD_LLT(11),/Users/rafiabhista/Documents/code/apple/c1_audio/emomv_2/aria/media/minhdanh/5e31d1e3-0187-4837-8530-60bbac61578f1/home/minhdanh/Documents/EmoMV/Dataset1/DS1_VAL_MATCH/sad_SAD_LLT(11).mp4,sad,3,DS1,match,ec70e66c082307e9abe90815f380a0abde5d334d6c766575288ed06e1dd7c5b8,DS1__sad_SAD_LLT(11),25.3667,761,30.0,0,DS1__sad_SAD_LLT(11),0,761,25.3667
DS1__sad_TEST_SAD(1)-4-of-8,/Users/rafiabhista/Documents/code/apple/c1_audio/emomv_2/aria/media/minhdanh/5e31d1e3-0187-4837-8530-60bbac61578f1/home/minhdanh/Documents/EmoMV/Dataset1/DS1_VAL_MATCH/sad_TEST_SAD(1)-4-of-8.mp4,sad,3,DS1,match,33a94e410326a41a53febbf44680b820b0078d446a54f58efa0fd42d2494dc99,DS1__sad_TEST_SAD(1),29.36,734,25.0,0,DS1__sad_TEST_SAD(1)-4-of-8,0,734,29.36
DS1__sad_SAD_LLT(31)-73-of-228,/Users/rafiabhista/Documents/code/apple/c1_audio/emomv_2/aria/media/minhdanh/5e31d1e3-0187-4837-8530-60bbac61578f1/home/minhdanh/Documents/EmoMV/Dataset1/DS1_VAL_MATCH/sad_SAD_LLT(31)-73-of-228.mp4,sad,3,DS1,match,4db4c22409f749269031cd190bbe7b9713077366d0bd1607e000397015048f13,DS1__sad_SAD_LLT(31),28.08,702,25.0,0,DS1__sad_SAD_LLT(31)-73-of-228,0,702,28.08
DS1__sad_TEST_SAD(15)-3-of-13,/Users/rafiabhista/Documents/code/apple/c1_audio/emomv_2/aria/media/minhdanh/5e31d1e3-0187-4837-8530-60bbac61578f1/home/minhdanh/Documents/EmoMV/Dataset1/DS1_VAL_MATCH/sad_TEST_SAD(15)-3-of-13.mp4,sad,3,DS1,match,04321301ec2afecc218787166122114daa2ef7bbec1c3dcf180e8154dc86b06c,DS1__sad_TEST_SAD(15),28.88,722,25.0,0,DS1__sad_TEST_SAD(15)-3-of-13,0,722,28.88
DS1__sad_SAD_TEST(11)-2-of-8,/Users/rafiabhista/Documents/code/apple/c1_audio/emomv_2/aria/media/minhdanh/5e31d1e3-0187-4837-8530-60bbac61578f1/home/minhdanh/Documents/EmoMV/Dataset1/DS1_VAL_MATCH/sad_SAD_TEST(11)-2-of-8.mp4,sad,3,DS1,match,11ea3fe629c9d0d4f723411b0dcb03103b380d5fbad1ee240455ad2175cd2c28,DS1__sad_SAD_TEST(11),29.36,734,25.0,0,DS1__sad_SAD_TEST(11)-2-of-8,0,734,29.36
DS1__sad_DEAP_DB_SSAD(10),/Users/rafiabhista/Documents/code/apple/c1_audio/emomv_2/aria/media/minhdanh/5e31d1e3-0187-4837-8530-60bbac61578f1/home/minhdanh/Documents/EmoMV/Dataset1/DS1_VAL_MATCH/sad_DEAP_DB_SSAD(10).mp4,sad,3,DS1,match,2fbfda9fcb20bceda8f5c99242233cb3a8c4a4b5fe0975f495c1594542d29bba,DS1__sad_DEAP_DB_SSAD(10),28.8,864,30.0,0,DS1__sad_DEAP_DB_SSAD(10),0,864,28.8
DS1__sad_TEST_SAD(0)-5-of-9,/Users/rafiabhista/Documents/code/apple/c1_audio/emomv_2/aria/media/minhdanh/5e31d1e3-0187-4837-8530-60bbac61578f1/home/minhdanh/Documents/EmoMV/Dataset1/DS1_VAL_MATCH/sad_TEST_SAD(0)-5-of-9.mp4,sad,3,DS1,match,04f8678b1090b73bef2b4bb6794aae422653ab911d72882f956bc636faac6562,DS1__sad_TEST_SAD(0),27.84,696,25.0,0,DS1__sad_TEST_SAD(0)-5-of-9,0,696,27.84
DS1__sad_FINAL_DL_Sad(61),/Users/rafiabhista/Documents/code/apple/c1_audio/emomv_2/aria/media/minhdanh/5e31d1e3-0187-4837-8530-60bbac61578f1/home/minhdanh/Documents/EmoMV/Dataset1/DS1_VAL_MATCH/sad_FINAL_DL_Sad(61).mp4,sad,3,DS1,match,94bccaaa2322ab86fe68d9cb3fb4244ee30b1266d9cd0f8e6cc297b7fa507e95,DS1__sad_FINAL_DL_Sad(61),29.1667,875,30.0,0,DS1__sad_FINAL_DL_Sad(61),0,875,29.1667
DS1__sad_TEST_SAD(26)-7-of-8,/Users/rafiabhista/Documents/code/apple/c1_audio/emomv_2/aria/media/minhdanh/5e31d1e3-0187-4837-8530-60bbac61578f1/home/minhdanh/Documents/EmoMV/Dataset1/DS1_VAL_MATCH/sad_TEST_SAD(26)-7-of-8.mp4,sad,3,DS1,match,c0c4d6a0db786ebb2d22943a12bddce1cc21b074c8018e7c27787beff09c0441,DS1__sad_TEST_SAD(26),28.9456,694,23.976,0,DS1__sad_TEST_SAD(26)-7-of-8,0,694,28.9456
DS1__sad_ORG_SAD(93),/Users/rafiabhista/Documents/code/apple/c1_audio/emomv_2/aria/media/minhdanh/5e31d1e3-0187-4837-8530-60bbac61578f1/home/minhdanh/Documents/EmoMV/Dataset1/DS1_VAL_MATCH/sad_ORG_SAD(93).mp4,sad,3,DS1,match,482774870f2d1f5a573335d66f53654720dc124406840f8663c5ddd743c253ff,DS1__sad_ORG_SAD(93),33.3334,999,29.97,0,DS1__sad_ORG_SAD(93),0,999,33.3334
DS1__sad_ORG_SAD(77),/Users/rafiabhista/Documents/code/apple/c1_audio/emomv_2/aria/media/minhdanh/5e31d1e3-0187-4837-8530-60bbac61578f1/home/minhdanh/Documents/EmoMV/Dataset1/DS1_VAL_MATCH/sad_ORG_SAD(77).mp4,sad,3,DS1,match,e80d63bb5c57cf6dd51ce65e61f6be02337e385e677d5a008fd5f79ab893341b,DS1__sad_ORG_SAD(77),29.3627,704,23.976,0,DS1__sad_ORG_SAD(77),0,704,29.3627
DS1__sad_MIX_TEST(7)-2-of-10,/Users/rafiabhista/Documents/code/apple/c1_audio/emomv_2/aria/media/minhdanh/5e31d1e3-0187-4837-8530-60bbac61578f1/home/minhdanh/Documents/EmoMV/Dataset1/DS1_VAL_MATCH/sad_MIX_TEST(7)-2-of-10.mp4,sad,3,DS1,match,7e31348f2df2517522b18c68d14b9345438c3784d7d23722b07e01795ab9db0e,DS1__sad_MIX_TEST(7),26.0417,625,24.0,0,DS1__sad_MIX_TEST(7)-2-of-10,0,625,26.0417
DS1__sad_ORG_SAD(225),/Users/rafiabhista/Documents/code/apple/c1_audio/emomv_2/aria/media/minhdanh/5e31d1e3-0187-4837-8530-60bbac61578f1/home/minhdanh/Documents/EmoMV/Dataset1/DS1_VAL_MATCH/sad_ORG_SAD(225).mp4,sad,3,DS1,match,d7fa3aa618e4d9b7906760dfdda5764b28f96c483584ba55feebb9f32b3f7842,DS1__sad_ORG_SAD(225),29.4,735,25.0,0,DS1__sad_ORG_SAD(225),0,735,29.4
DS1__sad_SAD_LLT(31)-211-of-228,/Users/rafiabhista/Documents/code/apple/c1_audio/emomv_2/aria/media/minhdanh/5e31d1e3-0187-4837-8530-60bbac61578f1/home/minhdanh/Documents/EmoMV/Dataset1/DS1_VAL_MATCH/sad_SAD_LLT(31)-211-of-228.mp4,sad,3,DS1,match,19cd3cf085e2b17959f52bbb4e119a582cac1c1689e6ce06a08011a371281e57,DS1__sad_SAD_LLT(31),29.72,743,25.0,0,DS1__sad_SAD_LLT(31)-211-of-228,0,743,29.72
DS1__sad_SAD_TEST(2)-5-of-6,/Users/rafiabhista/Documents/code/apple/c1_audio/emomv_2/aria/media/minhdanh/5e31d1e3-0187-4837-8530-60bbac61578f1/home/minhdanh/Documents/EmoMV/Dataset1/DS1_VAL_MATCH/sad_SAD_TEST(2)-5-of-6.mp4,sad,3,DS1,match,fafa39eaf67ff77dfc0dd836b3e5bf5a8ac39032ccbed928b48308554dff179a,DS1__sad_SAD_TEST(2),25.0667,752,30.0,0,DS1__sad_SAD_TEST(2)-5-of-6,0,752,25.0667
DS1__sad_TEST_SAD(20)-4-of-7,/Users/rafiabhista/Documents/code/apple/c1_audio/emomv_2/aria/media/minhdanh/5e31d1e3-0187-4837-8530-60bbac61578f1/home/minhdanh/Documents/EmoMV/Dataset1/DS1_VAL_MATCH/sad_TEST_SAD(20)-4-of-7.mp4,sad,3,DS1,match,5f2891d18fa197c35751c57e15072c4e3c0b8f3bfd75a833ec7496dbc1e54c79,DS1__sad_TEST_SAD(20),29.5712,709,23.976,0,DS1__sad_TEST_SAD(20)-4-of-7,0,709,29.5712
DS1__sad_TEST_SAD(14)-5-of-14,/Users/rafiabhista/Documents/code/apple/c1_audio/emomv_2/aria/media/minhdanh/5e31d1e3-0187-4837-8530-60bbac61578f1/home/minhdanh/Documents/EmoMV/Dataset1/DS1_VAL_MATCH/sad_TEST_SAD(14)-5-of-14.mp4,sad,3,DS1,match,1c89664177a04420f8056ad3a34d00884a1a2512aaf0707605fd2c62f83a0964,DS1__sad_TEST_SAD(14),29.9049,717,23.976,0,DS1__sad_TEST_SAD(14)-5-of-14,0,717,29.9049
DS1__sad_ORG_SAD(39),/Users/rafiabhista/Documents/code/apple/c1_audio/emomv_2/aria/media/minhdanh/5e31d1e3-0187-4837-8530-60bbac61578f1/home/minhdanh/Documents/EmoMV/Dataset1/DS1_VAL_MATCH/sad_ORG_SAD(39).mp4,sad,3,DS1,match,d8da7a44b8a36c6f66b6d7013a6a4236ba94512463e10ef36b33f75e1f12a6fc,DS1__sad_ORG_SAD(39),29.64,741,25.0,0,DS1__sad_ORG_SAD(39),0,741,29.64
DS1__sad_SAD_LLT(15)-5-of-7,/Users/rafiabhista/Documents/code/apple/c1_audio/emomv_2/aria/media/minhdanh/5e31d1e3-0187-4837-8530-60bbac61578f1/home/minhdanh/Documents/EmoMV/Dataset1/DS1_VAL_MATCH/sad_SAD_LLT(15)-5-of-7.mp4,sad,3,DS1,match,4ab1129becb9c5e3a727541ce5c85fc06b7079031bbe6a0a2f162ea1a56dfcb2,DS1__sad_SAD_LLT(15),27.48,687,25.0,0,DS1__sad_SAD_LLT(15)-5-of-7,0,687,27.48
DS1__sad_TEST_SAD(33)-2-of-8,/Users/rafiabhista/Documents/code/apple/c1_audio/emomv_2/aria/media/minhdanh/5e31d1e3-0187-4837-8530-60bbac61578f1/home/minhdanh/Documents/EmoMV/Dataset1/DS1_VAL_MATCH/sad_TEST_SAD(33)-2-of-8.mp4,sad,3,DS1,match,553dee14be33f5b11003178cfb7f0985bcb5c69d4a573c5e9de5bf3af1c48c45,DS1__sad_TEST_SAD(33),28.6119,686,23.976,0,DS1__sad_TEST_SAD(33)-2-of-8,0,686,28.6119
DS1__sad_ORG_SAD(148),/Users/rafiabhista/Documents/code/apple/c1_audio/emomv_2/aria/media/minhdanh/5e31d1e3-0187-4837-8530-60bbac61578f1/home/minhdanh/Documents/EmoMV/Dataset1/DS1_VAL_MATCH/sad_ORG_SAD(148).mp4,sad,3,DS1,match,263b6f961aa32f081d455163dac334d8db6414c21e028248ad14adbe7e936513,DS1__sad_ORG_SAD(148),28.8288,864,29.97,0,DS1__sad_ORG_SAD(148),0,864,28.8288
DS1__sad_ORG_SAD(292),/Users/rafiabhista/Documents/code/apple/c1_audio/emomv_2/aria/media/minhdanh/5e31d1e3-0187-4837-8530-60bbac61578f1/home/minhdanh/Documents/EmoMV/Dataset1/DS1_VAL_MATCH/sad_ORG_SAD(292).mp4,sad,3,DS1,match,a4d654d71189a4b74b76d091cec1682933375cf7aaad017910ef07bb61feb8e4,DS1__sad_ORG_SAD(292),30.1,903,30.0,0,DS1__sad_ORG_SAD(292),0,903,30.1
DS1__sad_SAD_TEST(6)-2-of-9,/Users/rafiabhista/Documents/code/apple/c1_audio/emomv_2/aria/media/minhdanh/5e31d1e3-0187-4837-8530-60bbac61578f1/home/minhdanh/Documents/EmoMV/Dataset1/DS1_VAL_MATCH/sad_SAD_TEST(6)-2-of-9.mp4,sad,3,DS1,match,6f37327bfb652c25f659a841552df50a75c22821395dc21d64155b063f11b094,DS1__sad_SAD_TEST(6),28.4583,683,24.0,0,DS1__sad_SAD_TEST(6)-2-of-9,0,683,28.4583
DS1__sad_FINAL_DL_Sad(9),/Users/rafiabhista/Documents/code/apple/c1_audio/emomv_2/aria/media/minhdanh/5e31d1e3-0187-4837-8530-60bbac61578f1/home/minhdanh/Documents/EmoMV/Dataset1/DS1_VAL_MATCH/sad_FINAL_DL_Sad(9).mp4,sad,3,DS1,match,950205a1e3b9ba04a86db03d3c68a74dc197a9bebf9ac51a27cd44a39cceddf8,DS1__sad_FINAL_DL_Sad(9),29.48,737,25.0,0,DS1__sad_FINAL_DL_Sad(9),0,737,29.48
DS1__sad_SAD_LLT(13)-2-of-10,/Users/rafiabhista/Documents/code/apple/c1_audio/emomv_2/aria/media/minhdanh/5e31d1e3-0187-4837-8530-60bbac61578f1/home/minhdanh/Documents/EmoMV/Dataset1/DS1_VAL_MATCH/sad_SAD_LLT(13)-2-of-10.mp4,sad,3,DS1,match,a12c05c3d77dbe8f2827e288381690a312d05ba06dd857ef240d6838ed32e4a0,DS1__sad_SAD_LLT(13),28.5952,857,29.97,0,DS1__sad_SAD_LLT(13)-2-of-10,0,857,28.5952
DS1__sad_TEST_SAD(6)-2-of-9,/Users/rafiabhista/Documents/code/apple/c1_audio/emomv_2/aria/media/minhdanh/5e31d1e3-0187-4837-8530-60bbac61578f1/home/minhdanh/Documents/EmoMV/Dataset1/DS1_VAL_MATCH/sad_TEST_SAD(6)-2-of-9.mp4,sad,3,DS1,match,ddafe7e771253c9d5fd40c607bd55369fa251af37f4259381f3b04a21591b680,DS1__sad_TEST_SAD(6),30.0,750,25.0,0,DS1__sad_TEST_SAD(6)-2-of-9,0,750,30.0
DS1__sad_SAD_TEST(1)-3-of-8,/Users/rafiabhista/Documents/code/apple/c1_audio/emomv_2/aria/media/minhdanh/5e31d1e3-0187-4837-8530-60bbac61578f1/home/minhdanh/Documents/EmoMV/Dataset1/DS1_VAL_MATCH/sad_SAD_TEST(1)-3-of-8.mp4,sad,3,DS1,match,57564a092c6701d84c3ba50f0a8fceb2021c46a11791d41af9aa390d37d10adb,DS1__sad_SAD_TEST(1),29.6963,712,23.976,0,DS1__sad_SAD_TEST(1)-3-of-8,0,712,29.6963
DS1__sad_FINAL_DL_Sad(15),/Users/rafiabhista/Documents/code/apple/c1_audio/emomv_2/aria/media/minhdanh/5e31d1e3-0187-4837-8530-60bbac61578f1/home/minhdanh/Documents/EmoMV/Dataset1/DS1_VAL_MATCH/sad_FINAL_DL_Sad(15).mp4,sad,3,DS1,match,486003ca5f8556c7f6cb29f8d52981dd9311ddaa8c007a54d006d6f68988bd32,DS1__sad_FINAL_DL_Sad(15),28.92,723,25.0,0,DS1__sad_FINAL_DL_Sad(15),0,723,28.92
DS1__sad_ORG_SAD(140),/Users/rafiabhista/Documents/code/apple/c1_audio/emomv_2/aria/media/minhdanh/5e31d1e3-0187-4837-8530-60bbac61578f1/home/minhdanh/Documents/EmoMV/Dataset1/DS1_VAL_MATCH/sad_ORG_SAD(140).mp4,sad,3,DS1,match,d91ae829edb43cecff54a6aa7dd3c7b43413019c4bf01e527c58084511be1231,DS1__sad_ORG_SAD(140),29.9049,717,23.976,0,DS1__sad_ORG_SAD(140),0,717,29.9049
DS1__sad_ORG_SAD(99),/Users/rafiabhista/Documents/code/apple/c1_audio/emomv_2/aria/media/minhdanh/5e31d1e3-0187-4837-8530-60bbac61578f1/home/minhdanh/Documents/EmoMV/Dataset1/DS1_VAL_MATCH/sad_ORG_SAD(99).mp4,sad,3,DS1,match,9c2852bfc0dcfedc3a8c3a0ff81d8a9feedd2615bfd70eb9893b91bed9b500a0,DS1__sad_ORG_SAD(99),14.04,351,25.0,0,DS1__sad_ORG_SAD(99),0,351,14.04
DS1__sad_SAD_LLT(0),/Users/rafiabhista/Documents/code/apple/c1_audio/emomv_2/aria/media/minhdanh/5e31d1e3-0187-4837-8530-60bbac61578f1/home/minhdanh/Documents/EmoMV/Dataset1/DS1_VAL_MATCH/sad_SAD_LLT(0).mp4,sad,3,DS1,match,a6321b2b36856aa75f0873a9581f01eeccaf53d9e05239550b0590e1ae64e908,DS1__sad_SAD_LLT(0),30.0,900,30.0,0,DS1__sad_SAD_LLT(0),0,900,30.0
DS1__relax_TEST_RELX(3)-5-of-6,/Users/rafiabhista/Documents/code/apple/c1_audio/emomv_2/aria/media/minhdanh/5e31d1e3-0187-4837-8530-60bbac61578f1/home/minhdanh/Documents/EmoMV/Dataset1/DS1_VAL_MATCH/relax_TEST_RELX(3)-5-of-6.mp4,relax,4,DS1,match,89d78c84bcc5d5d1523a1103dd49af7d058ee3acd0c2c2399f4c00df099ba6ae,DS1__relax_TEST_RELX(3),29.8965,896,29.97,0,DS1__relax_TEST_RELX(3)-5-of-6,0,896,29.8965
DS1__relax_REVIEW_RLX(30),/Users/rafiabhista/Documents/code/apple/c1_audio/emomv_2/aria/media/minhdanh/5e31d1e3-0187-4837-8530-60bbac61578f1/home/minhdanh/Documents/EmoMV/Dataset1/DS1_VAL_MATCH/relax_REVIEW_RLX(30).mp4,relax,4,DS1,match,a4f75386e07f16ba77be97727a9a95148c31e09f7b49723041199ed2c966389a,DS1__relax_REVIEW_RLX(30),30.0,900,30.0,0,DS1__relax_REVIEW_RLX(30),0,900,30.0
DS1__relax_ORG_RLX(309),/Users/rafiabhista/Documents/code/apple/c1_audio/emomv_2/aria/media/minhdanh/5e31d1e3-0187-4837-8530-60bbac61578f1/home/minhdanh/Documents/EmoMV/Dataset1/DS1_VAL_MATCH/relax_ORG_RLX(309).mp4,relax,4,DS1,match,6c0e97f3daae1a880a4ec0f663ebcbb8f5ef66b453b009c07857f3907108d842,DS1__relax_ORG_RLX(309),29.88,747,25.0,0,DS1__relax_ORG_RLX(309),0,747,29.88
DS1__relax_TEST_RELX(9)-15-of-17,/Users/rafiabhista/Documents/code/apple/c1_audio/emomv_2/aria/media/minhdanh/5e31d1e3-0187-4837-8530-60bbac61578f1/home/minhdanh/Documents/EmoMV/Dataset1/DS1_VAL_MATCH/relax_TEST_RELX(9)-15-of-17.mp4,relax,4,DS1,match,957f606c177afc14060ee22cb7a067b3ac8952b3673e05b311042c6e4027086a,DS1__relax_TEST_RELX(9),29.68,742,25.0,0,DS1__relax_TEST_RELX(9)-15-of-17,0,742,29.68
DS1__relax_LLT_COLLT_RLX(6),/Users/rafiabhista/Documents/code/apple/c1_audio/emomv_2/aria/media/minhdanh/5e31d1e3-0187-4837-8530-60bbac61578f1/home/minhdanh/Documents/EmoMV/Dataset1/DS1_VAL_MATCH/relax_LLT_COLLT_RLX(6).mp4,relax,4,DS1,match,86caf861de0b9017abc674ec2e656b08472f4f95c73ec94b43e37b7625347395,DS1__relax_LLT_COLLT_RLX(6),29.72,743,25.0,0,DS1__relax_LLT_COLLT_RLX(6),0,743,29.72
DS1__relax_TEST_RELX(45)-3-of-8,/Users/rafiabhista/Documents/code/apple/c1_audio/emomv_2/aria/media/minhdanh/5e31d1e3-0187-4837-8530-60bbac61578f1/home/minhdanh/Documents/EmoMV/Dataset1/DS1_VAL_MATCH/relax_TEST_RELX(45)-3-of-8.mp4,relax,4,DS1,match,32a234c734a8c9017979803f6b7bf691d4dc8d5b9536dafd22af4325ad6cba7d,DS1__relax_TEST_RELX(45),28.84,721,25.0,0,DS1__relax_TEST_RELX(45)-3-of-8,0,721,28.84
DS1__relax_ORG_RLX(291),/Users/rafiabhista/Documents/code/apple/c1_audio/emomv_2/aria/media/minhdanh/5e31d1e3-0187-4837-8530-60bbac61578f1/home/minhdanh/Documents/EmoMV/Dataset1/DS1_VAL_MATCH/relax_ORG_RLX(291).mp4,relax,4,DS1,match,e224b1495bfb7d48b4f659536c61f48bb8e6bbf9426cc4cd1bb5e41f480a0039,DS1__relax_ORG_RLX(291),30.0,450,15.0,0,DS1__relax_ORG_RLX(291),0,450,30.0
DS1__relax_FINAL_Relx_DL_Relx(15),/Users/rafiabhista/Documents/code/apple/c1_audio/emomv_2/aria/media/minhdanh/5e31d1e3-0187-4837-8530-60bbac61578f1/home/minhdanh/Documents/EmoMV/Dataset1/DS1_VAL_MATCH/relax_FINAL_Relx_DL_Relx(15).mp4,relax,4,DS1,match,43d4048ec795c810a1329faf3b29982218979e6e7a15ee12f2fa4d8a4c422769,DS1__relax_FINAL_Relx_DL_Relx(15),29.7964,893,29.97,0,DS1__relax_FINAL_Relx_DL_Relx(15),0,893,29.7964
DS1__relax_DEAP_DBW_RELX(6),/Users/rafiabhista/Documents/code/apple/c1_audio/emomv_2/aria/media/minhdanh/5e31d1e3-0187-4837-8530-60bbac61578f1/home/minhdanh/Documents/EmoMV/Dataset1/DS1_VAL_MATCH/relax_DEAP_DBW_RELX(6).mp4,relax,4,DS1,match,fb81fefee56912b08366f96f03c7bc4ed05b1c455a5b5b45187837c28b0c066b,DS1__relax_DEAP_DBW_RELX(6),30.0,900,30.0,0,DS1__relax_DEAP_DBW_RELX(6),0,900,30.0
DS1__relax_TEST_RELX(37)-8-of-11,/Users/rafiabhista/Documents/code/apple/c1_audio/emomv_2/aria/media/minhdanh/5e31d1e3-0187-4837-8530-60bbac61578f1/home/minhdanh/Documents/EmoMV/Dataset1/DS1_VAL_MATCH/relax_TEST_RELX(37)-8-of-11.mp4,relax,4,DS1,match,dceebfb381e870606cf0a4e86a419b5c73b3c5aacdfa954aa53432200db7a405,DS1__relax_TEST_RELX(37),29.7964,893,29.97,0,DS1__relax_TEST_RELX(37)-8-of-11,0,893,29.7964
DS1__relax_124,/Users/rafiabhista/Documents/code/apple/c1_audio/emomv_2/aria/media/minhdanh/5e31d1e3-0187-4837-8530-60bbac61578f1/home/minhdanh/Documents/EmoMV/Dataset1/DS1_VAL_MATCH/relax_124.mp4,relax,4,DS1,match,bd658e0dddc86997bbf214be0ff86a6d222603e2b122b425ce9a4d0e400413ef,DS1__relax_124,30.03,900,29.97,0,DS1__relax_124,0,900,30.03
DS1__relax_TEST_RELX(18)-7-of-8,/Users/rafiabhista/Documents/code/apple/c1_audio/emomv_2/aria/media/minhdanh/5e31d1e3-0187-4837-8530-60bbac61578f1/home/minhdanh/Documents/EmoMV/Dataset1/DS1_VAL_MATCH/relax_TEST_RELX(18)-7-of-8.mp4,relax,4,DS1,match,79d98b6270faa0b96af680c2f82398f3985449ebc1c49d180da8c1aa9086c2e4,DS1__relax_TEST_RELX(18),28.4,710,25.0,0,DS1__relax_TEST_RELX(18)-7-of-8,0,710,28.4
DS1__relax_FINAL_DL_Relx(118),/Users/rafiabhista/Documents/code/apple/c1_audio/emomv_2/aria/media/minhdanh/5e31d1e3-0187-4837-8530-60bbac61578f1/home/minhdanh/Documents/EmoMV/Dataset1/DS1_VAL_MATCH/relax_FINAL_DL_Relx(118).mp4,relax,4,DS1,match,9d98a747fbf680b646c4a757c9fc93a6263b883c58674c72e890907f7e47e8ee,DS1__relax_FINAL_DL_Relx(118),26.8268,804,29.97,0,DS1__relax_FINAL_DL_Relx(118),0,804,26.8268
DS1__relax_Relx_FINAL_DL(45),/Users/rafiabhista/Documents/code/apple/c1_audio/emomv_2/aria/media/minhdanh/5e31d1e3-0187-4837-8530-60bbac61578f1/home/minhdanh/Documents/EmoMV/Dataset1/DS1_VAL_MATCH/relax_Relx_FINAL_DL(45).mp4,relax,4,DS1,match,5573fa01eac4c01c9a7f5a24d72bc33767e85dcda8a17b637251da7bf350a710,DS1__relax_Relx_FINAL_DL(45),28.4951,854,29.97,0,DS1__relax_Relx_FINAL_DL(45),0,854,28.4951
DS1__relax_ORG_RLX(138),/Users/rafiabhista/Documents/code/apple/c1_audio/emomv_2/aria/media/minhdanh/5e31d1e3-0187-4837-8530-60bbac61578f1/home/minhdanh/Documents/EmoMV/Dataset1/DS1_VAL_MATCH/relax_ORG_RLX(138).mp4,relax,4,DS1,match,bc2f1f459ab48dab1c0d380949bf4011d993defe119f74a760ca567091f2bae3,DS1__relax_ORG_RLX(138),30.6974,920,29.97,0,DS1__relax_ORG_RLX(138),0,920,30.6974
DS1__relax_ORG_RLX(323),/Users/rafiabhista/Documents/code/apple/c1_audio/emomv_2/aria/media/minhdanh/5e31d1e3-0187-4837-8530-60bbac61578f1/home/minhdanh/Documents/EmoMV/Dataset1/DS1_VAL_MATCH/relax_ORG_RLX(323).mp4,relax,4,DS1,match,0e8bee56bf2bf14cee5822dc143b724dfbf81d097be955fb5bc3b222b5c50b1a,DS1__relax_ORG_RLX(323),29.76,744,25.0,0,DS1__relax_ORG_RLX(323),0,744,29.76
DS1__relax_Relx_FINAL_DL(96),/Users/rafiabhista/Documents/code/apple/c1_audio/emomv_2/aria/media/minhdanh/5e31d1e3-0187-4837-8530-60bbac61578f1/home/minhdanh/Documents/EmoMV/Dataset1/DS1_VAL_MATCH/relax_Relx_FINAL_DL(96).mp4,relax,4,DS1,match,054408c46e2be6ce564ca99b8070a3adbcdc441aeda2145d874eede38d737fe1,DS1__relax_Relx_FINAL_DL(96),29.4961,884,29.97,0,DS1__relax_Relx_FINAL_DL(96),0,884,29.4961
DS1__relax_TEST_RELX(36)-6-of-7,/Users/rafiabhista/Documents/code/apple/c1_audio/emomv_2/aria/media/minhdanh/5e31d1e3-0187-4837-8530-60bbac61578f1/home/minhdanh/Documents/EmoMV/Dataset1/DS1_VAL_MATCH/relax_TEST_RELX(36)-6-of-7.mp4,relax,4,DS1,match,1be5a947244bf45d079cad44c5e6bb626531725fe8ac3ab56a514123aa9d1ede,DS1__relax_TEST_RELX(36),29.8632,895,29.97,0,DS1__relax_TEST_RELX(36)-6-of-7,0,895,29.8632
DS1__relax_TEST_RELX(4)-7-of-8,/Users/rafiabhista/Documents/code/apple/c1_audio/emomv_2/aria/media/minhdanh/5e31d1e3-0187-4837-8530-60bbac61578f1/home/minhdanh/Documents/EmoMV/Dataset1/DS1_VAL_MATCH/relax_TEST_RELX(4)-7-of-8.mp4,relax,4,DS1,match,5a6018392b8d9ae173fbc3b8dbaf2c2497434a89aab1a28d5c5fc0b32dff402f,DS1__relax_TEST_RELX(4),25.8571,181,7.0,0,DS1__relax_TEST_RELX(4)-7-of-8,0,181,25.8571
DS1__relax_ORG_RLX(163),/Users/rafiabhista/Documents/code/apple/c1_audio/emomv_2/aria/media/minhdanh/5e31d1e3-0187-4837-8530-60bbac61578f1/home/minhdanh/Documents/EmoMV/Dataset1/DS1_VAL_MATCH/relax_ORG_RLX(163).mp4,relax,4,DS1,match,05a0db68c377ddc11d7cc77fb80f414d928103a85f15eb711dcf3973665c4d6c,DS1__relax_ORG_RLX(163),28.92,723,25.0,0,DS1__relax_ORG_RLX(163),0,723,28.92
DS1__relax_TEST_RELX(41)-10-of-12,/Users/rafiabhista/Documents/code/apple/c1_audio/emomv_2/aria/media/minhdanh/5e31d1e3-0187-4837-8530-60bbac61578f1/home/minhdanh/Documents/EmoMV/Dataset1/DS1_VAL_MATCH/relax_TEST_RELX(41)-10-of-12.mp4,relax,4,DS1,match,b3f7e7e646d9d99e64059631d269a873f9b30f15e5722c2b8af9e0fd63aa040f,DS1__relax_TEST_RELX(41),28.16,704,25.0,0,DS1__relax_TEST_RELX(41)-10-of-12,0,704,28.16
DS1__relax_ORG_RLX(34),/Users/rafiabhista/Documents/code/apple/c1_audio/emomv_2/aria/media/minhdanh/5e31d1e3-0187-4837-8530-60bbac61578f1/home/minhdanh/Documents/EmoMV/Dataset1/DS1_VAL_MATCH/relax_ORG_RLX(34).mp4,relax,4,DS1,match,5e6551b05786c488245afc95ed9d6970218004d521298ee6ccbc526f56049d20,DS1__relax_ORG_RLX(34),29.7297,891,29.9701,0,DS1__relax_ORG_RLX(34),0,891,29.7297
DS1__relax_87,/Users/rafiabhista/Documents/code/apple/c1_audio/emomv_2/aria/media/minhdanh/5e31d1e3-0187-4837-8530-60bbac61578f1/home/minhdanh/Documents/EmoMV/Dataset1/DS1_VAL_MATCH/relax_87.mp4,relax,4,DS1,match,4b183167b545b82dbdd326bf443adce8d0ae31e5ab557d9d01a544ff969a2fd5,DS1__relax_87,30.03,900,29.97,0,DS1__relax_87,0,900,30.03
DS1__relax_ORG_RLX(205),/Users/rafiabhista/Documents/code/apple/c1_audio/emomv_2/aria/media/minhdanh/5e31d1e3-0187-4837-8530-60bbac61578f1/home/minhdanh/Documents/EmoMV/Dataset1/DS1_VAL_MATCH/relax_ORG_RLX(205).mp4,relax,4,DS1,match,4ba7c95c7d98c70b1b380cf7f9718340fa92c3322de702c90091086ef546a4f8,DS1__relax_ORG_RLX(205),29.36,734,25.0,0,DS1__relax_ORG_RLX(205),0,734,29.36
DS1__relax_TEST_RELX(34)-5-of-6,/Users/rafiabhista/Documents/code/apple/c1_audio/emomv_2/aria/media/minhdanh/5e31d1e3-0187-4837-8530-60bbac61578f1/home/minhdanh/Documents/EmoMV/Dataset1/DS1_VAL_MATCH/relax_TEST_RELX(34)-5-of-6.mp4,relax,4,DS1,match,bbe9623b5b94307a3397c95e6f02ece9286c9e0403c008b602caf01147418d9e,DS1__relax_TEST_RELX(34),30.0,746,24.8667,0,DS1__relax_TEST_RELX(34)-5-of-6,0,746,30.0
DS1__relax_FINAL_Relx_DL_Relx(59),/Users/rafiabhista/Documents/code/apple/c1_audio/emomv_2/aria/media/minhdanh/5e31d1e3-0187-4837-8530-60bbac61578f1/home/minhdanh/Documents/EmoMV/Dataset1/DS1_VAL_MATCH/relax_FINAL_Relx_DL_Relx(59).mp4,relax,4,DS1,match,0d60dd8da84a7c0624ac65954a816a2725aa0db6d36600bd4b6c5c6cacba1014,DS1__relax_FINAL_Relx_DL_Relx(59),30.0,750,25.0,0,DS1__relax_FINAL_Relx_DL_Relx(59),0,750,30.0
DS1__relax_ORG_RLX(188),/Users/rafiabhista/Documents/code/apple/c1_audio/emomv_2/aria/media/minhdanh/5e31d1e3-0187-4837-8530-60bbac61578f1/home/minhdanh/Documents/EmoMV/Dataset1/DS1_VAL_MATCH/relax_ORG_RLX(188).mp4,relax,4,DS1,match,924be7a91c79a8092f142da35e0dc237ac36608abbf188d1fa3fd7966da6bc63,DS1__relax_ORG_RLX(188),28.8667,866,30.0,0,DS1__relax_ORG_RLX(188),0,866,28.8667
DS1__relax_FINAL_Relx_DL_Relx(0),/Users/rafiabhista/Documents/code/apple/c1_audio/emomv_2/aria/media/minhdanh/5e31d1e3-0187-4837-8530-60bbac61578f1/home/minhdanh/Documents/EmoMV/Dataset1/DS1_VAL_MATCH/relax_FINAL_Relx_DL_Relx(0).mp4,relax,4,DS1,match,874c34a93da8136f4a92bbfc8c13c6f26ef5a1d38763da2af1cfdca60e7f35bb,DS1__relax_FINAL_Relx_DL_Relx(0),28.028,672,23.976,0,DS1__relax_FINAL_Relx_DL_Relx(0),0,672,28.028
DS1__relax_TEST_RELX(35)-70-of-80,/Users/rafiabhista/Documents/code/apple/c1_audio/emomv_2/aria/media/minhdanh/5e31d1e3-0187-4837-8530-60bbac61578f1/home/minhdanh/Documents/EmoMV/Dataset1/DS1_VAL_MATCH/relax_TEST_RELX(35)-70-of-80.mp4,relax,4,DS1,match,450ec33c1a0f114e72f139ea7092d80febc1497b866d3f681e67714d579c53ab,DS1__relax_TEST_RELX(35),29.4294,882,29.97,0,DS1__relax_TEST_RELX(35)-70-of-80,0,882,29.4294
DS1__relax_TEST_RELX(25)-9-of-18,/Users/rafiabhista/Documents/code/apple/c1_audio/emomv_2/aria/media/minhdanh/5e31d1e3-0187-4837-8530-60bbac61578f1/home/minhdanh/Documents/EmoMV/Dataset1/DS1_VAL_MATCH/relax_TEST_RELX(25)-9-of-18.mp4,relax,4,DS1,match,41be8dc0f54f66019600c89bc71c72a25771dfe4f7013dd00822a5d95f874e98,DS1__relax_TEST_RELX(25),29.7631,892,29.97,0,DS1__relax_TEST_RELX(25)-9-of-18,0,892,29.7631
DS1__relax_Rellx_FINAL_DL(193),/Users/rafiabhista/Documents/code/apple/c1_audio/emomv_2/aria/media/minhdanh/5e31d1e3-0187-4837-8530-60bbac61578f1/home/minhdanh/Documents/EmoMV/Dataset1/DS1_VAL_MATCH/relax_Rellx_FINAL_DL(193).mp4,relax,4,DS1,match,52041ab84818db38aeadd19053c90df2637c82437133a633a2175096a69e38c3,DS1__relax_Rellx_FINAL_DL(193),28.4618,853,29.97,0,DS1__relax_Rellx_FINAL_DL(193),0,853,28.4618
DS1__relax_Rellx_FINAL_DL(61),/Users/rafiabhista/Documents/code/apple/c1_audio/emomv_2/aria/media/minhdanh/5e31d1e3-0187-4837-8530-60bbac61578f1/home/minhdanh/Documents/EmoMV/Dataset1/DS1_VAL_MATCH/relax_Rellx_FINAL_DL(61).mp4,relax,4,DS1,match,d5292f1e7f24a14d6b50711c6cbe3811184504fb4c6c9d92c5a2f8d9232da77e,DS1__relax_Rellx_FINAL_DL(61),28.08,702,25.0,0,DS1__relax_Rellx_FINAL_DL(61),0,702,28.08
DS1__relax_REVIEW_RLX(46),/Users/rafiabhista/Documents/code/apple/c1_audio/emomv_2/aria/media/minhdanh/5e31d1e3-0187-4837-8530-60bbac61578f1/home/minhdanh/Documents/EmoMV/Dataset1/DS1_VAL_MATCH/relax_REVIEW_RLX(46).mp4,relax,4,DS1,match,5bce770e29599a18c4a9c0b808ccf2240221fed8b6ad185e37cb5be5d0a0a620,DS1__relax_REVIEW_RLX(46),29.9967,899,29.97,0,DS1__relax_REVIEW_RLX(46),0,899,29.9967
DS1__relax_TEST_RELX(39)-8-of-14,/Users/rafiabhista/Documents/code/apple/c1_audio/emomv_2/aria/media/minhdanh/5e31d1e3-0187-4837-8530-60bbac61578f1/home/minhdanh/Documents/EmoMV/Dataset1/DS1_VAL_MATCH/relax_TEST_RELX(39)-8-of-14.mp4,relax,4,DS1,match,da04d44fa687b31575a7e7c036297fbe10558bcf58ef8d372f5e92671b8ce76d,DS1__relax_TEST_RELX(39),27.68,692,25.0,0,DS1__relax_TEST_RELX(39)-8-of-14,0,692,27.68
DS1__relax_TEST_RELX(5)-9-of-11,/Users/rafiabhista/Documents/code/apple/c1_audio/emomv_2/aria/media/minhdanh/5e31d1e3-0187-4837-8530-60bbac61578f1/home/minhdanh/Documents/EmoMV/Dataset1/DS1_VAL_MATCH/relax_TEST_RELX(5)-9-of-11.mp4,relax,4,DS1,match,448658f447bb450677fa0000c209a30c0ae4c19011c6b115fb7596f22ab6bd4d,DS1__relax_TEST_RELX(5),28.2949,848,29.97,0,DS1__relax_TEST_RELX(5)-9-of-11,0,848,28.2949
DS1__relax_TEST_RELX(33)-9-of-11,/Users/rafiabhista/Documents/code/apple/c1_audio/emomv_2/aria/media/minhdanh/5e31d1e3-0187-4837-8530-60bbac61578f1/home/minhdanh/Documents/EmoMV/Dataset1/DS1_VAL_MATCH/relax_TEST_RELX(33)-9-of-11.mp4,relax,4,DS1,match,284169ff2ea79f4652309498b7417a676ace107da1efca9a7b9f740b9b3ed0c4,DS1__relax_TEST_RELX(33),29.68,742,25.0,0,DS1__relax_TEST_RELX(33)-9-of-11,0,742,29.68
DS1__relax_TEST_RELX(35)-29-of-80,/Users/rafiabhista/Documents/code/apple/c1_audio/emomv_2/aria/media/minhdanh/5e31d1e3-0187-4837-8530-60bbac61578f1/home/minhdanh/Documents/EmoMV/Dataset1/DS1_VAL_MATCH/relax_TEST_RELX(35)-29-of-80.mp4,relax,4,DS1,match,4e9bba473ab41012658236f227b835a5820fde0ad003bb171dc733ac456b4b13,DS1__relax_TEST_RELX(35),28.3617,850,29.97,0,DS1__relax_TEST_RELX(35)-29-of-80,0,850,28.3617
DS1__relax_FINAL_Relx_DL_Relx(37),/Users/rafiabhista/Documents/code/apple/c1_audio/emomv_2/aria/media/minhdanh/5e31d1e3-0187-4837-8530-60bbac61578f1/home/minhdanh/Documents/EmoMV/Dataset1/DS1_VAL_MATCH/relax_FINAL_Relx_DL_Relx(37).mp4,relax,4,DS1,match,d3434cbafe4ddbc7330707be14f81e6e2d32f98ce30701a9a93f7f27d329781d,DS1__relax_FINAL_Relx_DL_Relx(37),28.9623,868,29.97,0,DS1__relax_FINAL_Relx_DL_Relx(37),0,868,28.9623
DS1__relax_14,/Users/rafiabhista/Documents/code/apple/c1_audio/emomv_2/aria/media/minhdanh/5e31d1e3-0187-4837-8530-60bbac61578f1/home/minhdanh/Documents/EmoMV/Dataset1/DS1_VAL_MATCH/relax_14.mp4,relax,4,DS1,match,21c4d9588154d744ae58c361f9c549bf062262fc5d3107784ecb214f182288cb,DS1__relax_14,30.0,750,25.0,0,DS1__relax_14,0,750,30.0
DS1__relax_ORG_NEUTRAL(96),/Users/rafiabhista/Documents/code/apple/c1_audio/emomv_2/aria/media/minhdanh/5e31d1e3-0187-4837-8530-60bbac61578f1/home/minhdanh/Documents/EmoMV/Dataset1/DS1_VAL_MATCH/relax_ORG_NEUTRAL(96).mp4,relax,4,DS1,match,bf350e816ee7e518cb565bf22b6d516c90501cd14077841568f7f1525f47812e,DS1__relax_ORG_NEUTRAL(96),30.1301,903,29.97,0,DS1__relax_ORG_NEUTRAL(96),0,903,30.1301
DS1__relax_FINAL_Relx_DL_Relx(32),/Users/rafiabhista/Documents/code/apple/c1_audio/emomv_2/aria/media/minhdanh/5e31d1e3-0187-4837-8530-60bbac61578f1/home/minhdanh/Documents/EmoMV/Dataset1/DS1_VAL_MATCH/relax_FINAL_Relx_DL_Relx(32).mp4,relax,4,DS1,match,e92200e767a23bcb7db842d5b041d34f480bf272015e3a3fe914f08e2af34ba4,DS1__relax_FINAL_Relx_DL_Relx(32),28.8,720,25.0,0,DS1__relax_FINAL_Relx_DL_Relx(32),0,720,28.8
DS1__relax_FINAL_Relx_DL_Relx(56),/Users/rafiabhista/Documents/code/apple/c1_audio/emomv_2/aria/media/minhdanh/5e31d1e3-0187-4837-8530-60bbac61578f1/home/minhdanh/Documents/EmoMV/Dataset1/DS1_VAL_MATCH/relax_FINAL_Relx_DL_Relx(56).mp4,relax,4,DS1,match,e706a9d2947521b7db258d84a077dfc4d19e63702790c9ae5185fa66b5640a38,DS1__relax_FINAL_Relx_DL_Relx(56),27.8,695,25.0,0,DS1__relax_FINAL_Relx_DL_Relx(56),0,695,27.8
DS1__relax_RELX_MEA(16)-2-of-9,/Users/rafiabhista/Documents/code/apple/c1_audio/emomv_2/aria/media/minhdanh/5e31d1e3-0187-4837-8530-60bbac61578f1/home/minhdanh/Documents/EmoMV/Dataset1/DS1_VAL_MATCH/relax_RELX_MEA(16)-2-of-9.mp4,relax,4,DS1,match,6fa53e7229136520d1b940025940fa1b7a4d87318d541f9d6f06e40e52ab421b,DS1__relax_RELX_MEA(16),29.9966,899,29.97,0,DS1__relax_RELX_MEA(16)-2-of-9,0,899,29.9966
DS1__relax_TEST_RELX(23)-13-of-22,/Users/rafiabhista/Documents/code/apple/c1_audio/emomv_2/aria/media/minhdanh/5e31d1e3-0187-4837-8530-60bbac61578f1/home/minhdanh/Documents/EmoMV/Dataset1/DS1_VAL_MATCH/relax_TEST_RELX(23)-13-of-22.mp4,relax,4,DS1,match,c1df5b2a035d8fa76263ab2c5037b4b97bc4e6cc8b3102110162bcc5965fb613,DS1__relax_TEST_RELX(23),28.2949,848,29.97,0,DS1__relax_TEST_RELX(23)-13-of-22,0,848,28.2949
DS1__relax_ORG_RLX(164),/Users/rafiabhista/Documents/code/apple/c1_audio/emomv_2/aria/media/minhdanh/5e31d1e3-0187-4837-8530-60bbac61578f1/home/minhdanh/Documents/EmoMV/Dataset1/DS1_VAL_MATCH/relax_ORG_RLX(164).mp4,relax,4,DS1,match,d69f3600b4caf703301e0eb87eb2dd93fc04014da37697024385c3fcff354ecf,DS1__relax_ORG_RLX(164),29.0,725,25.0,0,DS1__relax_ORG_RLX(164),0,725,29.0
DS1__relax_TEST_RELX(24)-9-of-11,/Users/rafiabhista/Documents/code/apple/c1_audio/emomv_2/aria/media/minhdanh/5e31d1e3-0187-4837-8530-60bbac61578f1/home/minhdanh/Documents/EmoMV/Dataset1/DS1_VAL_MATCH/relax_TEST_RELX(24)-9-of-11.mp4,relax,4,DS1,match,540fedb5d41e257d7ac2b4131329978447a526220f488290b1c77b4eaa69064e,DS1__relax_TEST_RELX(24),28.4618,853,29.97,0,DS1__relax_TEST_RELX(24)-9-of-11,0,853,28.4618
DS1__relax_TEST_RELX(42)-15-of-17,/Users/rafiabhista/Documents/code/apple/c1_audio/emomv_2/aria/media/minhdanh/5e31d1e3-0187-4837-8530-60bbac61578f1/home/minhdanh/Documents/EmoMV/Dataset1/DS1_VAL_MATCH/relax_TEST_RELX(42)-15-of-17.mp4,relax,4,DS1,match,f4f8419c0778c71e9cb1b3b7fca4f7a12c948f9daf5881ceb69e020c64616e56,DS1__relax_TEST_RELX(42),28.1615,844,29.97,0,DS1__relax_TEST_RELX(42)-15-of-17,0,844,28.1615
DS1__relax_TEST_RELX(43)-27-of-34,/Users/rafiabhista/Documents/code/apple/c1_audio/emomv_2/aria/media/minhdanh/5e31d1e3-0187-4837-8530-60bbac61578f1/home/minhdanh/Documents/EmoMV/Dataset1/DS1_VAL_MATCH/relax_TEST_RELX(43)-27-of-34.mp4,relax,4,DS1,match,51d4637b6750bdb1dd2380bb0a0f5cf7efc6e2096a68b75e3204207ce6e549d6,DS1__relax_TEST_RELX(43),25.2586,757,29.97,0,DS1__relax_TEST_RELX(43)-27-of-34,0,757,25.2586
DS1__relax_REVIEW_RLX_LLT(22),/Users/rafiabhista/Documents/code/apple/c1_audio/emomv_2/aria/media/minhdanh/5e31d1e3-0187-4837-8530-60bbac61578f1/home/minhdanh/Documents/EmoMV/Dataset1/DS1_VAL_MATCH/relax_REVIEW_RLX_LLT(22).mp4,relax,4,DS1,match,bd25353647d8554330becfe4305054870ffa89f8a95b366736dc6ce716e2d904,DS1__relax_REVIEW_RLX_LLT(22),29.28,732,25.0,0,DS1__relax_REVIEW_RLX_LLT(22),0,732,29.28
DS1__relax_ORG_RLX(216),/Users/rafiabhista/Documents/code/apple/c1_audio/emomv_2/aria/media/minhdanh/5e31d1e3-0187-4837-8530-60bbac61578f1/home/minhdanh/Documents/EmoMV/Dataset1/DS1_VAL_MATCH/relax_ORG_RLX(216).mp4,relax,4,DS1,match,e92dd71c6a1ff69c89c3f6b326ec2f6611455a9a292622267ec3000fabb3e86c,DS1__relax_ORG_RLX(216),29.72,743,25.0,0,DS1__relax_ORG_RLX(216),0,743,29.72
DS1__relax_Rellx_FINAL_DL(72),/Users/rafiabhista/Documents/code/apple/c1_audio/emomv_2/aria/media/minhdanh/5e31d1e3-0187-4837-8530-60bbac61578f1/home/minhdanh/Documents/EmoMV/Dataset1/DS1_VAL_MATCH/relax_Rellx_FINAL_DL(72).mp4,relax,4,DS1,match,9ed7e597e006adce03d9300691585553164b6abc1d2567d3270dbab786de8262,DS1__relax_Rellx_FINAL_DL(72),27.68,692,25.0,0,DS1__relax_Rellx_FINAL_DL(72),0,692,27.68
DS1__relax_FINAL_Relx_DL_Relx(52),/Users/rafiabhista/Documents/code/apple/c1_audio/emomv_2/aria/media/minhdanh/5e31d1e3-0187-4837-8530-60bbac61578f1/home/minhdanh/Documents/EmoMV/Dataset1/DS1_VAL_MATCH/relax_FINAL_Relx_DL_Relx(52).mp4,relax,4,DS1,match,30ea2a233959f65af9f857d84b8da2636c051af0ba0c4e952ad8fed7f5608b3d,DS1__relax_FINAL_Relx_DL_Relx(52),28.32,708,25.0,0,DS1__relax_FINAL_Relx_DL_Relx(52),0,708,28.32
DS1__relax_DEAP_DB_REL(25),/Users/rafiabhista/Documents/code/apple/c1_audio/emomv_2/aria/media/minhdanh/5e31d1e3-0187-4837-8530-60bbac61578f1/home/minhdanh/Documents/EmoMV/Dataset1/DS1_VAL_MATCH/relax_DEAP_DB_REL(25).mp4,relax,4,DS1,match,19d17c285e0005fc22a275cb748b170aaebd9c8c8bab7da3b56df6eef426b68d,DS1__relax_DEAP_DB_REL(25),29.9299,897,29.97,0,DS1__relax_DEAP_DB_REL(25),0,897,29.9299
DS1__relax_ORG_RLX(211),/Users/rafiabhista/Documents/code/apple/c1_audio/emomv_2/aria/media/minhdanh/5e31d1e3-0187-4837-8530-60bbac61578f1/home/minhdanh/Documents/EmoMV/Dataset1/DS1_VAL_MATCH/relax_ORG_RLX(211).mp4,relax,4,DS1,match,65229243c8b1b39dbc42fc34e4f9107042d209219404893bc01e79fcd6f8abc3,DS1__relax_ORG_RLX(211),29.12,728,25.0,0,DS1__relax_ORG_RLX(211),0,728,29.12
DS1__relax_TEST_MV(29)-77-of-124,/Users/rafiabhista/Documents/code/apple/c1_audio/emomv_2/aria/media/minhdanh/5e31d1e3-0187-4837-8530-60bbac61578f1/home/minhdanh/Documents/EmoMV/Dataset1/DS1_VAL_MATCH/relax_TEST_MV(29)-77-of-124.mp4,relax,4,DS1,match,6aceefeb5f15d73e909b66c3bdab23270d54e8795b3c13c516451578877f2502,DS1__relax_TEST_MV(29),25.0917,752,29.97,0,DS1__relax_TEST_MV(29)-77-of-124,0,752,25.0917
DS1__relax_ORG_RLX(68),/Users/rafiabhista/Documents/code/apple/c1_audio/emomv_2/aria/media/minhdanh/5e31d1e3-0187-4837-8530-60bbac61578f1/home/minhdanh/Documents/EmoMV/Dataset1/DS1_VAL_MATCH/relax_ORG_RLX(68).mp4,relax,4,DS1,match,965b66189bd11746ea7650abf441eddba4068323a01e34c0ca5dadaa4c527d87,DS1__relax_ORG_RLX(68),31.36,784,25.0,0,DS1__relax_ORG_RLX(68),0,784,31.36
DS1__relax_TEST_RELX(12)-10-of-12,/Users/rafiabhista/Documents/code/apple/c1_audio/emomv_2/aria/media/minhdanh/5e31d1e3-0187-4837-8530-60bbac61578f1/home/minhdanh/Documents/EmoMV/Dataset1/DS1_VAL_MATCH/relax_TEST_RELX(12)-10-of-12.mp4,relax,4,DS1,match,9f23daf5f1831ac9ad4164065f6caefbd9754f585d5d36b5abd0748fb9e6c8f7,DS1__relax_TEST_RELX(12),30.0,750,25.0,0,DS1__relax_TEST_RELX(12)-10-of-12,0,750,30.0
DS1__relax_Rellx_FINAL_DL(140),/Users/rafiabhista/Documents/code/apple/c1_audio/emomv_2/aria/media/minhdanh/5e31d1e3-0187-4837-8530-60bbac61578f1/home/minhdanh/Documents/EmoMV/Dataset1/DS1_VAL_MATCH/relax_Rellx_FINAL_DL(140).mp4,relax,4,DS1,match,f1481c8ec0e8b73d6208e384cb3e1f7793016e8b92cf0e4b5488a384a332d77c,DS1__relax_Rellx_FINAL_DL(140),27.36,684,25.0,0,DS1__relax_Rellx_FINAL_DL(140),0,684,27.36
DS1__relax_Rellx_FINAL_DL(51),/Users/rafiabhista/Documents/code/apple/c1_audio/emomv_2/aria/media/minhdanh/5e31d1e3-0187-4837-8530-60bbac61578f1/home/minhdanh/Documents/EmoMV/Dataset1/DS1_VAL_MATCH/relax_Rellx_FINAL_DL(51).mp4,relax,4,DS1,match,c2dd358205339a20241314eca3e310cc67796ac1d5f20a6a56e780f0d3226a01,DS1__relax_Rellx_FINAL_DL(51),28.04,701,25.0,0,DS1__relax_Rellx_FINAL_DL(51),0,701,28.04
DS1__relax_Rellx_FINAL_DL(147),/Users/rafiabhista/Documents/code/apple/c1_audio/emomv_2/aria/media/minhdanh/5e31d1e3-0187-4837-8530-60bbac61578f1/home/minhdanh/Documents/EmoMV/Dataset1/DS1_VAL_MATCH/relax_Rellx_FINAL_DL(147).mp4,relax,4,DS1,match,c38ee5a7fd16ab95805243b62b930a9cbe0f53b65c96420a3af3f01fcadbe276,DS1__relax_Rellx_FINAL_DL(147),29.28,732,25.0,0,DS1__relax_Rellx_FINAL_DL(147),0,732,29.28
DS1__relax_ORG_RLX(172),/Users/rafiabhista/Documents/code/apple/c1_audio/emomv_2/aria/media/minhdanh/5e31d1e3-0187-4837-8530-60bbac61578f1/home/minhdanh/Documents/EmoMV/Dataset1/DS1_VAL_MATCH/relax_ORG_RLX(172).mp4,relax,4,DS1,match,e1551a7dea5ac2112d42995716d8c24aa19f83ca32381574a17128b7d5843432,DS1__relax_ORG_RLX(172),29.96,749,25.0,0,DS1__relax_ORG_RLX(172),0,749,29.96
DS1__relax_ORG_RLX(0),/Users/rafiabhista/Documents/code/apple/c1_audio/emomv_2/aria/media/minhdanh/5e31d1e3-0187-4837-8530-60bbac61578f1/home/minhdanh/Documents/EmoMV/Dataset1/DS1_VAL_MATCH/relax_ORG_RLX(0).mp4,relax,4,DS1,match,bb0c1583d37a09d206807735091ac315343bfd4a91c6ad69ae74d9af31e716a5,DS1__relax_ORG_RLX(0),30.16,754,25.0,0,DS1__relax_ORG_RLX(0),0,754,30.16
DS1__relax_TEST_MV(29)-25-of-124,/Users/rafiabhista/Documents/code/apple/c1_audio/emomv_2/aria/media/minhdanh/5e31d1e3-0187-4837-8530-60bbac61578f1/home/minhdanh/Documents/EmoMV/Dataset1/DS1_VAL_MATCH/relax_TEST_MV(29)-25-of-124.mp4,relax,4,DS1,match,6c017554acd8bbf475ce6ce6a3865c92335a96e1ad420e2a2bd755a1af84a214,DS1__relax_TEST_MV(29),29.5629,886,29.97,0,DS1__relax_TEST_MV(29)-25-of-124,0,886,29.5629
DS1__relax_Relx_FINAL_DL(78),/Users/rafiabhista/Documents/code/apple/c1_audio/emomv_2/aria/media/minhdanh/5e31d1e3-0187-4837-8530-60bbac61578f1/home/minhdanh/Documents/EmoMV/Dataset1/DS1_VAL_MATCH/relax_Relx_FINAL_DL(78).mp4,relax,4,DS1,match,5f531d3abdfce707d59c4690f27294f6b0dac63e9f5f8f0f20a9824aed0a83ca,DS1__relax_Relx_FINAL_DL(78),27.84,696,25.0,0,DS1__relax_Relx_FINAL_DL(78),0,696,27.84
DS1__relax_DEAP_DB_REL(58),/Users/rafiabhista/Documents/code/apple/c1_audio/emomv_2/aria/media/minhdanh/5e31d1e3-0187-4837-8530-60bbac61578f1/home/minhdanh/Documents/EmoMV/Dataset1/DS1_VAL_MATCH/relax_DEAP_DB_REL(58).mp4,relax,4,DS1,match,160bd5ca3ec1b3d57d6ab10c44aebb764c9c07dc25cc7d1a1ab9ab805b80aaaa,DS1__relax_DEAP_DB_REL(58),30.0,750,25.0,0,DS1__relax_DEAP_DB_REL(58),0,750,30.0
DS1__relax_ORG_RLX(269),/Users/rafiabhista/Documents/code/apple/c1_audio/emomv_2/aria/media/minhdanh/5e31d1e3-0187-4837-8530-60bbac61578f1/home/minhdanh/Documents/EmoMV/Dataset1/DS1_VAL_MATCH/relax_ORG_RLX(269).mp4,relax,4,DS1,match,4aa9b07b886d48e6c82c9bba3eee5e5167ddc2bb1c515fb0acaab5af715bb577,DS1__relax_ORG_RLX(269),29.6296,888,29.97,0,DS1__relax_ORG_RLX(269),0,888,29.6296
DS1__exciting_TEST_EXT(17)-2-of-10,/Users/rafiabhista/Documents/code/apple/c1_audio/emomv_2/aria/media/minhdanh/5e31d1e3-0187-4837-8530-60bbac61578f1/home/minhdanh/Documents/EmoMV/Dataset1/DS1_TEST_MATCH/exciting_TEST_EXT(17)-2-of-10.mp4,exciting,0,DS1,match,3bb3dba4f5ad9c7e26654fd96b020571112fbdb17d545a6cd77a0787a36cd299,DS1__exciting_TEST_EXT(17),29.9883,719,23.976,0,DS1__exciting_TEST_EXT(17)-2-of-10,0,719,29.9883
DS1__exciting_TEST_EXT(9)-45-of-95,/Users/rafiabhista/Documents/code/apple/c1_audio/emomv_2/aria/media/minhdanh/5e31d1e3-0187-4837-8530-60bbac61578f1/home/minhdanh/Documents/EmoMV/Dataset1/DS1_TEST_MATCH/exciting_TEST_EXT(9)-45-of-95.mp4,exciting,0,DS1,match,163c1b434cba684a79ee7de45928778c70ecb8b9930dadafe7ad08cf018ac554,DS1__exciting_TEST_EXT(9),29.88,747,25.0,0,DS1__exciting_TEST_EXT(9)-45-of-95,0,747,29.88
DS1__exciting_TEST_EXT(23)-2-of-8,/Users/rafiabhista/Documents/code/apple/c1_audio/emomv_2/aria/media/minhdanh/5e31d1e3-0187-4837-8530-60bbac61578f1/home/minhdanh/Documents/EmoMV/Dataset1/DS1_TEST_MATCH/exciting_TEST_EXT(23)-2-of-8.mp4,exciting,0,DS1,match,a7bb8619063c9e9ffbf1e5a3daea0265fc7217c939595fe0f1a58f919e025c86,DS1__exciting_TEST_EXT(23),29.4,735,25.0,0,DS1__exciting_TEST_EXT(23)-2-of-8,0,735,29.4
DS1__exciting_TEST_EXT(9)-15-of-95,/Users/rafiabhista/Documents/code/apple/c1_audio/emomv_2/aria/media/minhdanh/5e31d1e3-0187-4837-8530-60bbac61578f1/home/minhdanh/Documents/EmoMV/Dataset1/DS1_TEST_MATCH/exciting_TEST_EXT(9)-15-of-95.mp4,exciting,0,DS1,match,213e63c903ccce6e1e953f9fe4e08789c6d147e067dbc76d7f8fbb0afe542458,DS1__exciting_TEST_EXT(9),29.6,740,25.0,0,DS1__exciting_TEST_EXT(9)-15-of-95,0,740,29.6
DS1__exciting_EXT_TEST(0)-2-of-6,/Users/rafiabhista/Documents/code/apple/c1_audio/emomv_2/aria/media/minhdanh/5e31d1e3-0187-4837-8530-60bbac61578f1/home/minhdanh/Documents/EmoMV/Dataset1/DS1_TEST_MATCH/exciting_EXT_TEST(0)-2-of-6.mp4,exciting,0,DS1,match,fc84c451b355da2c1ab33ce7c0f3bfa94fe57452be7eeea043cd33329378e574,DS1__exciting_EXT_TEST(0),28.8205,691,23.976,0,DS1__exciting_EXT_TEST(0)-2-of-6,0,691,28.8205
DS1__exciting_TEST_EXT(11)-2-of-56,/Users/rafiabhista/Documents/code/apple/c1_audio/emomv_2/aria/media/minhdanh/5e31d1e3-0187-4837-8530-60bbac61578f1/home/minhdanh/Documents/EmoMV/Dataset1/DS1_TEST_MATCH/exciting_TEST_EXT(11)-2-of-56.mp4,exciting,0,DS1,match,182c5b1a6e5bccdca71ffd1138190602774fbee5f2898917286a057c0ba2d460,DS1__exciting_TEST_EXT(11),29.1667,700,24.0,0,DS1__exciting_TEST_EXT(11)-2-of-56,0,700,29.1667
DS1__exciting_MIX_TEST(0)-2-of-8,/Users/rafiabhista/Documents/code/apple/c1_audio/emomv_2/aria/media/minhdanh/5e31d1e3-0187-4837-8530-60bbac61578f1/home/minhdanh/Documents/EmoMV/Dataset1/DS1_TEST_MATCH/exciting_MIX_TEST(0)-2-of-8.mp4,exciting,0,DS1,match,6aa1ecd9a6d63743c589dc0c93f280808192d4b66dfbffb4470a352a7c44b126,DS1__exciting_MIX_TEST(0),28.8,720,25.0,0,DS1__exciting_MIX_TEST(0)-2-of-8,0,720,28.8
DS1__exciting_MIX_TEST(1)-4-of-6,/Users/rafiabhista/Documents/code/apple/c1_audio/emomv_2/aria/media/minhdanh/5e31d1e3-0187-4837-8530-60bbac61578f1/home/minhdanh/Documents/EmoMV/Dataset1/DS1_TEST_MATCH/exciting_MIX_TEST(1)-4-of-6.mp4,exciting,0,DS1,match,fe0c1fd21b9ebf916c56630021bc5ddc4ebcc55e30021be5050b06504e2ff46b,DS1__exciting_MIX_TEST(1),28.6119,686,23.976,0,DS1__exciting_MIX_TEST(1)-4-of-6,0,686,28.6119
DS1__exciting_FINAL_DL-Ext(0),/Users/rafiabhista/Documents/code/apple/c1_audio/emomv_2/aria/media/minhdanh/5e31d1e3-0187-4837-8530-60bbac61578f1/home/minhdanh/Documents/EmoMV/Dataset1/DS1_TEST_MATCH/exciting_FINAL_DL-Ext(0).mp4,exciting,0,DS1,match,f004f6cb7e79d3115787b044fccb67c6ed3cd1c3abe690fd6b607fb99c716a5b,DS1__exciting_FINAL_DL-Ext(0),29.84,746,25.0,0,DS1__exciting_FINAL_DL-Ext(0),0,746,29.84
DS1__exciting_TEST_EXT(15)-34-of-153,/Users/rafiabhista/Documents/code/apple/c1_audio/emomv_2/aria/media/minhdanh/5e31d1e3-0187-4837-8530-60bbac61578f1/home/minhdanh/Documents/EmoMV/Dataset1/DS1_TEST_MATCH/exciting_TEST_EXT(15)-34-of-153.mp4,exciting,0,DS1,match,0eddf89d502edcf489e3ffaa74261104090ae227ba831b1bf6862dc9fb81e60d,DS1__exciting_TEST_EXT(15),28.08,702,25.0,0,DS1__exciting_TEST_EXT(15)-34-of-153,0,702,28.08
DS1__exciting_ORG_EXT(52),/Users/rafiabhista/Documents/code/apple/c1_audio/emomv_2/aria/media/minhdanh/5e31d1e3-0187-4837-8530-60bbac61578f1/home/minhdanh/Documents/EmoMV/Dataset1/DS1_TEST_MATCH/exciting_ORG_EXT(52).mp4,exciting,0,DS1,match,5bcc7493ff380cf33f5e7f1ff0e9a6a720ccc283978e3a53551f5585be8d052c,DS1__exciting_ORG_EXT(52),31.3313,939,29.97,0,DS1__exciting_ORG_EXT(52),0,939,31.3313
DS1__exciting_TEST_EXT(20)-4-of-8,/Users/rafiabhista/Documents/code/apple/c1_audio/emomv_2/aria/media/minhdanh/5e31d1e3-0187-4837-8530-60bbac61578f1/home/minhdanh/Documents/EmoMV/Dataset1/DS1_TEST_MATCH/exciting_TEST_EXT(20)-4-of-8.mp4,exciting,0,DS1,match,9799a59493382eb3ee155ebf75cf2b695c423da7e570de29ebf8614825c78007,DS1__exciting_TEST_EXT(20),29.32,733,25.0,0,DS1__exciting_TEST_EXT(20)-4-of-8,0,733,29.32
DS1__exciting_TEST_EXT(12)-2-of-7,/Users/rafiabhista/Documents/code/apple/c1_audio/emomv_2/aria/media/minhdanh/5e31d1e3-0187-4837-8530-60bbac61578f1/home/minhdanh/Documents/EmoMV/Dataset1/DS1_TEST_MATCH/exciting_TEST_EXT(12)-2-of-7.mp4,exciting,0,DS1,match,3b50b9fb584a484b70b244df83e12e00fa78ef6b14be907885a1f3c98ce80e7f,DS1__exciting_TEST_EXT(12),29.7917,715,24.0,0,DS1__exciting_TEST_EXT(12)-2-of-7,0,715,29.7917
DS1__exciting_TEST_EXT(9)-89-of-95,/Users/rafiabhista/Documents/code/apple/c1_audio/emomv_2/aria/media/minhdanh/5e31d1e3-0187-4837-8530-60bbac61578f1/home/minhdanh/Documents/EmoMV/Dataset1/DS1_TEST_MATCH/exciting_TEST_EXT(9)-89-of-95.mp4,exciting,0,DS1,match,bc9cb21a58119fedd0cc7147ba63c439ef4bd412fe2417a7ba3782ed6cad829a,DS1__exciting_TEST_EXT(9),29.2,730,25.0,0,DS1__exciting_TEST_EXT(9)-89-of-95,0,730,29.2
DS1__exciting_TEST_EXT(9)-3-of-95,/Users/rafiabhista/Documents/code/apple/c1_audio/emomv_2/aria/media/minhdanh/5e31d1e3-0187-4837-8530-60bbac61578f1/home/minhdanh/Documents/EmoMV/Dataset1/DS1_TEST_MATCH/exciting_TEST_EXT(9)-3-of-95.mp4,exciting,0,DS1,match,44d727a9d0e66f33e5876c30911b76470e385428a276823af0ad337dca1974fa,DS1__exciting_TEST_EXT(9),29.72,743,25.0,0,DS1__exciting_TEST_EXT(9)-3-of-95,0,743,29.72
DS1__exciting_TEST_EXT(10)-46-of-98,/Users/rafiabhista/Documents/code/apple/c1_audio/emomv_2/aria/media/minhdanh/5e31d1e3-0187-4837-8530-60bbac61578f1/home/minhdanh/Documents/EmoMV/Dataset1/DS1_TEST_MATCH/exciting_TEST_EXT(10)-46-of-98.mp4,exciting,0,DS1,match,9a833eafca6ebad9e028100d1eee110e8738dd2240186fa00fd79da380056d60,DS1__exciting_TEST_EXT(10),28.7917,691,24.0,0,DS1__exciting_TEST_EXT(10)-46-of-98,0,691,28.7917
DS1__exciting_MIX_TEST(6)-3-of-8,/Users/rafiabhista/Documents/code/apple/c1_audio/emomv_2/aria/media/minhdanh/5e31d1e3-0187-4837-8530-60bbac61578f1/home/minhdanh/Documents/EmoMV/Dataset1/DS1_TEST_MATCH/exciting_MIX_TEST(6)-3-of-8.mp4,exciting,0,DS1,match,a98ad799da617d82c0730eb857cad4a16eb995810c7b3f230080c4f18a4f6748,DS1__exciting_MIX_TEST(6),28.32,708,25.0,0,DS1__exciting_MIX_TEST(6)-3-of-8,0,708,28.32
DS1__exciting_ORG_EXT(248),/Users/rafiabhista/Documents/code/apple/c1_audio/emomv_2/aria/media/minhdanh/5e31d1e3-0187-4837-8530-60bbac61578f1/home/minhdanh/Documents/EmoMV/Dataset1/DS1_TEST_MATCH/exciting_ORG_EXT(248).mp4,exciting,0,DS1,match,8b83f6a029616cf5aa9efbd986f467b9b8d419bce4344e1a892e84f10535c187,DS1__exciting_ORG_EXT(248),30.3637,728,23.976,0,DS1__exciting_ORG_EXT(248),0,728,30.3637
DS1__exciting_TEST_EXT(10)-32-of-98,/Users/rafiabhista/Documents/code/apple/c1_audio/emomv_2/aria/media/minhdanh/5e31d1e3-0187-4837-8530-60bbac61578f1/home/minhdanh/Documents/EmoMV/Dataset1/DS1_TEST_MATCH/exciting_TEST_EXT(10)-32-of-98.mp4,exciting,0,DS1,match,188acd937b56cf264a18917bfecec298ce79a5e153e7273e9708874af0cbb53f,DS1__exciting_TEST_EXT(10),28.625,687,24.0,0,DS1__exciting_TEST_EXT(10)-32-of-98,0,687,28.625
DS1__exciting_TEST_EXT(9)-25-of-95,/Users/rafiabhista/Documents/code/apple/c1_audio/emomv_2/aria/media/minhdanh/5e31d1e3-0187-4837-8530-60bbac61578f1/home/minhdanh/Documents/EmoMV/Dataset1/DS1_TEST_MATCH/exciting_TEST_EXT(9)-25-of-95.mp4,exciting,0,DS1,match,d0193bcda64710fa6ea687abe0dd71d2e00e6f5fc7d0304eaf3913421a790e3f,DS1__exciting_TEST_EXT(9),28.4,710,25.0,0,DS1__exciting_TEST_EXT(9)-25-of-95,0,710,28.4
DS1__exciting_EXT_TEST(1)-5-of-6,/Users/rafiabhista/Documents/code/apple/c1_audio/emomv_2/aria/media/minhdanh/5e31d1e3-0187-4837-8530-60bbac61578f1/home/minhdanh/Documents/EmoMV/Dataset1/DS1_TEST_MATCH/exciting_EXT_TEST(1)-5-of-6.mp4,exciting,0,DS1,match,478f81d71dcd112a8e080076cbad8704126e54a10d72f1a22747b36d5007bc79,DS1__exciting_EXT_TEST(1),28.6953,688,23.976,0,DS1__exciting_EXT_TEST(1)-5-of-6,0,688,28.6953
DS1__fear_ORG_FEAR(294),/Users/rafiabhista/Documents/code/apple/c1_audio/emomv_2/aria/media/minhdanh/5e31d1e3-0187-4837-8530-60bbac61578f1/home/minhdanh/Documents/EmoMV/Dataset1/DS1_TEST_MATCH/fear_ORG_FEAR(294).mp4,fear,1,DS1,match,bb58a6fafdd3d8a5652256f7003ce3118a68842612b9f5eb577c6b89bbd6b21a,DS1__fear_ORG_FEAR(294),28.5702,685,23.976,0,DS1__fear_ORG_FEAR(294),0,685,28.5702
DS1__fear_ORG_FEAR(139),/Users/rafiabhista/Documents/code/apple/c1_audio/emomv_2/aria/media/minhdanh/5e31d1e3-0187-4837-8530-60bbac61578f1/home/minhdanh/Documents/EmoMV/Dataset1/DS1_TEST_MATCH/fear_ORG_FEAR(139).mp4,fear,1,DS1,match,09585b9ffa6dffb4a6a7ad28e69b13b60fe9efe74eba30ba154affdb9892d88f,DS1__fear_ORG_FEAR(139),30.8976,926,29.97,0,DS1__fear_ORG_FEAR(139),0,926,30.8976
DS1__fear_TEST_EXT(22)-7-of-9,/Users/rafiabhista/Documents/code/apple/c1_audio/emomv_2/aria/media/minhdanh/5e31d1e3-0187-4837-8530-60bbac61578f1/home/minhdanh/Documents/EmoMV/Dataset1/DS1_TEST_MATCH/fear_TEST_EXT(22)-7-of-9.mp4,fear,1,DS1,match,7a5344d19e78aa706c78c475ca006e51dbee968f00ab5bc2fcf50d4ff37776bd,DS1__fear_TEST_EXT(22),28.4451,682,23.976,0,DS1__fear_TEST_EXT(22)-7-of-9,0,682,28.4451
DS1__fear_FEAR_TEST(4)-6-of-7,/Users/rafiabhista/Documents/code/apple/c1_audio/emomv_2/aria/media/minhdanh/5e31d1e3-0187-4837-8530-60bbac61578f1/home/minhdanh/Documents/EmoMV/Dataset1/DS1_TEST_MATCH/fear_FEAR_TEST(4)-6-of-7.mp4,fear,1,DS1,match,fbebf116cdd21b2c9d09be08630aae6cb33be531972c52318ec4ecc5ae940378,DS1__fear_FEAR_TEST(4),29.9466,718,23.976,0,DS1__fear_FEAR_TEST(4)-6-of-7,0,718,29.9466
DS1__fear_DEAP_DB_HR(49),/Users/rafiabhista/Documents/code/apple/c1_audio/emomv_2/aria/media/minhdanh/5e31d1e3-0187-4837-8530-60bbac61578f1/home/minhdanh/Documents/EmoMV/Dataset1/DS1_TEST_MATCH/fear_DEAP_DB_HR(49).mp4,fear,1,DS1,match,346fdc4d75873ed70ed0b1ef99dccac44dc0bbd722bd16cadbaca903121fbef6,DS1__fear_DEAP_DB_HR(49),27.16,679,25.0,0,DS1__fear_DEAP_DB_HR(49),0,679,27.16
DS1__fear_FEAR_TEST(0)-13-of-15,/Users/rafiabhista/Documents/code/apple/c1_audio/emomv_2/aria/media/minhdanh/5e31d1e3-0187-4837-8530-60bbac61578f1/home/minhdanh/Documents/EmoMV/Dataset1/DS1_TEST_MATCH/fear_FEAR_TEST(0)-13-of-15.mp4,fear,1,DS1,match,0e876c3c26048106871ffa1f02e7d90df022b0a8244a4ba5ec81991907944a1f,DS1__fear_FEAR_TEST(0),29.76,744,25.0,0,DS1__fear_FEAR_TEST(0)-13-of-15,0,744,29.76
DS1__fear_LLT_HRR(33),/Users/rafiabhista/Documents/code/apple/c1_audio/emomv_2/aria/media/minhdanh/5e31d1e3-0187-4837-8530-60bbac61578f1/home/minhdanh/Documents/EmoMV/Dataset1/DS1_TEST_MATCH/fear_LLT_HRR(33).mp4,fear,1,DS1,match,a4d5e2648be84dee1ca6a8713b66d96aa7a64a8ef11af3957b5233f5b98a2a39,DS1__fear_LLT_HRR(33),29.8632,716,23.976,0,DS1__fear_LLT_HRR(33),0,716,29.8632
DS1__fear_TEST_FEAR(7)-7-of-8,/Users/rafiabhista/Documents/code/apple/c1_audio/emomv_2/aria/media/minhdanh/5e31d1e3-0187-4837-8530-60bbac61578f1/home/minhdanh/Documents/EmoMV/Dataset1/DS1_TEST_MATCH/fear_TEST_FEAR(7)-7-of-8.mp4,fear,1,DS1,match,5c1035c353c62b3e13aa6d473ea07e21b07a9b96f7838d1c2a9aa88572a56d4c,DS1__fear_TEST_FEAR(7),29.9049,717,23.976,0,DS1__fear_TEST_FEAR(7)-7-of-8,0,717,29.9049
DS1__fear_FINAL_DL_Fear(77),/Users/rafiabhista/Documents/code/apple/c1_audio/emomv_2/aria/media/minhdanh/5e31d1e3-0187-4837-8530-60bbac61578f1/home/minhdanh/Documents/EmoMV/Dataset1/DS1_TEST_MATCH/fear_FINAL_DL_Fear(77).mp4,fear,1,DS1,match,a944bbe61effe2bc584dd11138311eed7ac581e4d8924528e7268652d6dc0a1f,DS1__fear_FINAL_DL_Fear(77),29.2375,701,23.976,0,DS1__fear_FINAL_DL_Fear(77),0,701,29.2375
DS1__fear_TEST_FEAR(1)-6-of-8,/Users/rafiabhista/Documents/code/apple/c1_audio/emomv_2/aria/media/minhdanh/5e31d1e3-0187-4837-8530-60bbac61578f1/home/minhdanh/Documents/EmoMV/Dataset1/DS1_TEST_MATCH/fear_TEST_FEAR(1)-6-of-8.mp4,fear,1,DS1,match,f47916012647ca90ee13a8f41657004ba69b2c14f418869b9fc93378f7394b02,DS1__fear_TEST_FEAR(1),29.2792,702,23.976,0,DS1__fear_TEST_FEAR(1)-6-of-8,0,702,29.2792
DS1__fear_FEAR_TEST(13)-2-of-8,/Users/rafiabhista/Documents/code/apple/c1_audio/emomv_2/aria/media/minhdanh/5e31d1e3-0187-4837-8530-60bbac61578f1/home/minhdanh/Documents/EmoMV/Dataset1/DS1_TEST_MATCH/fear_FEAR_TEST(13)-2-of-8.mp4,fear,1,DS1,match,e72a3796aa0b024308cfc5139db640567f927b1e1872f6c415e84243ca9b3a74,DS1__fear_FEAR_TEST(13),29.6129,710,23.976,0,DS1__fear_FEAR_TEST(13)-2-of-8,0,710,29.6129
DS1__fear_FEAR_TEST(14)-3-of-9,/Users/rafiabhista/Documents/code/apple/c1_audio/emomv_2/aria/media/minhdanh/5e31d1e3-0187-4837-8530-60bbac61578f1/home/minhdanh/Documents/EmoMV/Dataset1/DS1_TEST_MATCH/fear_FEAR_TEST(14)-3-of-9.mp4,fear,1,DS1,match,e3d54a3411bc406c4c00a9fb54d36b32472a2d20787bdcc19354df56c77ccbb5,DS1__fear_FEAR_TEST(14),29.8,745,25.0,0,DS1__fear_FEAR_TEST(14)-3-of-9,0,745,29.8
DS1__fear_ORG_FEAR(206),/Users/rafiabhista/Documents/code/apple/c1_audio/emomv_2/aria/media/minhdanh/5e31d1e3-0187-4837-8530-60bbac61578f1/home/minhdanh/Documents/EmoMV/Dataset1/DS1_TEST_MATCH/fear_ORG_FEAR(206).mp4,fear,1,DS1,match,678ecfefe2cdc5d360c6b7f817f2ea6b66741436d83339e90dfa3c85e152725a,DS1__fear_ORG_FEAR(206),29.1959,700,23.976,0,DS1__fear_ORG_FEAR(206),0,700,29.1959
DS1__fear_TEST_FEAR(5)-6-of-9,/Users/rafiabhista/Documents/code/apple/c1_audio/emomv_2/aria/media/minhdanh/5e31d1e3-0187-4837-8530-60bbac61578f1/home/minhdanh/Documents/EmoMV/Dataset1/DS1_TEST_MATCH/fear_TEST_FEAR(5)-6-of-9.mp4,fear,1,DS1,match,ae7aa60e063712e7b0b11a27cab58b861a87c0476072818e26e9fb372499972d,DS1__fear_TEST_FEAR(5),29.2959,878,29.97,0,DS1__fear_TEST_FEAR(5)-6-of-9,0,878,29.2959
DS1__fear_ORG_FEAR(76),/Users/rafiabhista/Documents/code/apple/c1_audio/emomv_2/aria/media/minhdanh/5e31d1e3-0187-4837-8530-60bbac61578f1/home/minhdanh/Documents/EmoMV/Dataset1/DS1_TEST_MATCH/fear_ORG_FEAR(76).mp4,fear,1,DS1,match,8035f1c39d997b4082bb57dddee8697f893d75110b3a3478f720523e218cf0d7,DS1__fear_ORG_FEAR(76),28.9456,694,23.976,0,DS1__fear_ORG_FEAR(76),0,694,28.9456
DS1__fear_LLT_HRR(43),/Users/rafiabhista/Documents/code/apple/c1_audio/emomv_2/aria/media/minhdanh/5e31d1e3-0187-4837-8530-60bbac61578f1/home/minhdanh/Documents/EmoMV/Dataset1/DS1_TEST_MATCH/fear_LLT_HRR(43).mp4,fear,1,DS1,match,7c7992446b51a1586d757b3b08cd5c6f5f63efc58df89149d3a44ea451131ff8,DS1__fear_LLT_HRR(43),29.2667,878,30.0,0,DS1__fear_LLT_HRR(43),0,878,29.2667
DS1__fear_TEST_FEAR(9)-7-of-8,/Users/rafiabhista/Documents/code/apple/c1_audio/emomv_2/aria/media/minhdanh/5e31d1e3-0187-4837-8530-60bbac61578f1/home/minhdanh/Documents/EmoMV/Dataset1/DS1_TEST_MATCH/fear_TEST_FEAR(9)-7-of-8.mp4,fear,1,DS1,match,deca155e028df429d3e7b026d7185c1df0e145b8857aa5dd5b6245129ec9bc3e,DS1__fear_TEST_FEAR(9),29.625,711,24.0,0,DS1__fear_TEST_FEAR(9)-7-of-8,0,711,29.625
DS1__fear_ORG_FEAR(262),/Users/rafiabhista/Documents/code/apple/c1_audio/emomv_2/aria/media/minhdanh/5e31d1e3-0187-4837-8530-60bbac61578f1/home/minhdanh/Documents/EmoMV/Dataset1/DS1_TEST_MATCH/fear_ORG_FEAR(262).mp4,fear,1,DS1,match,f8d52841c931888a90b038fd0783b8547aed9e00e678a6d917d7caa1dc6ba75a,DS1__fear_ORG_FEAR(262),30.1,903,30.0,0,DS1__fear_ORG_FEAR(262),0,903,30.1
DS1__fear_TEST_MV(70)-4-of-9,/Users/rafiabhista/Documents/code/apple/c1_audio/emomv_2/aria/media/minhdanh/5e31d1e3-0187-4837-8530-60bbac61578f1/home/minhdanh/Documents/EmoMV/Dataset1/DS1_TEST_MATCH/fear_TEST_MV(70)-4-of-9.mp4,fear,1,DS1,match,208bedd87e8a6c1fc0289c28a5b095eb406f1d11756bd1bf7ad7d6781c14e437,DS1__fear_TEST_MV(70),29.4961,884,29.97,0,DS1__fear_TEST_MV(70)-4-of-9,0,884,29.4961
DS1__fear_FEAR_TEST(9)-8-of-9,/Users/rafiabhista/Documents/code/apple/c1_audio/emomv_2/aria/media/minhdanh/5e31d1e3-0187-4837-8530-60bbac61578f1/home/minhdanh/Documents/EmoMV/Dataset1/DS1_TEST_MATCH/fear_FEAR_TEST(9)-8-of-9.mp4,fear,1,DS1,match,4dc95d19072ed02b67a0bb7195ef19d0703f243d8cbdb4478b8ddfd334f6d320,DS1__fear_FEAR_TEST(9),30.03,720,23.976,0,DS1__fear_FEAR_TEST(9)-8-of-9,0,720,30.03
DS1__fear_DEAP_DP_TENSxx(4),/Users/rafiabhista/Documents/code/apple/c1_audio/emomv_2/aria/media/minhdanh/5e31d1e3-0187-4837-8530-60bbac61578f1/home/minhdanh/Documents/EmoMV/Dataset1/DS1_TEST_MATCH/fear_DEAP_DP_TENSxx(4).mp4,fear,1,DS1,match,3f94a71aa885a71e369adf230f8ef016873a00d222f5e0490b8d1bf98376b942,DS1__fear_DEAP_DP_TENSxx(4),30.0,750,25.0,0,DS1__fear_DEAP_DP_TENSxx(4),0,750,30.0
DS1__tense_TENS_LLT(48)),/Users/rafiabhista/Documents/code/apple/c1_audio/emomv_2/aria/media/minhdanh/5e31d1e3-0187-4837-8530-60bbac61578f1/home/minhdanh/Documents/EmoMV/Dataset1/DS1_TEST_MATCH/tense_TENS_LLT(48)).mp4,tense,2,DS1,match,67b6ca93458a8a687f80dc97a5ec3a1b0a415103a3ae4ea8eaf51b6ef65ba896,DS1__tense_TENS_LLT(48)),29.28,732,25.0,0,DS1__tense_TENS_LLT(48)),0,732,29.28
DS1__tense_TENS_MM(3)-4-of-9,/Users/rafiabhista/Documents/code/apple/c1_audio/emomv_2/aria/media/minhdanh/5e31d1e3-0187-4837-8530-60bbac61578f1/home/minhdanh/Documents/EmoMV/Dataset1/DS1_TEST_MATCH/tense_TENS_MM(3)-4-of-9.mp4,tense,2,DS1,match,5dbba97dd592ec551781cbb0acba8addf60f3549af00cf6be9f5f630beee304c,DS1__tense_TENS_MM(3),29.2792,702,23.976,0,DS1__tense_TENS_MM(3)-4-of-9,0,702,29.2792
DS1__tense_LLT_TENS(11)-8-of-10,/Users/rafiabhista/Documents/code/apple/c1_audio/emomv_2/aria/media/minhdanh/5e31d1e3-0187-4837-8530-60bbac61578f1/home/minhdanh/Documents/EmoMV/Dataset1/DS1_TEST_MATCH/tense_LLT_TENS(11)-8-of-10.mp4,tense,2,DS1,match,77209fbf6c5ca553db1373c0d5c53585a8cade38210efa86b7fb8b5f75417855,DS1__tense_LLT_TENS(11),29.8215,715,23.976,0,DS1__tense_LLT_TENS(11)-8-of-10,0,715,29.8215
DS1__tense_TEST_MV(39)-6-of-10,/Users/rafiabhista/Documents/code/apple/c1_audio/emomv_2/aria/media/minhdanh/5e31d1e3-0187-4837-8530-60bbac61578f1/home/minhdanh/Documents/EmoMV/Dataset1/DS1_TEST_MATCH/tense_TEST_MV(39)-6-of-10.mp4,tense,2,DS1,match,c1f5dd6db1e47944796f5cf72b2161ad26fc5880f0ffda0583432b6fc928ce33,DS1__tense_TEST_MV(39),29.3667,881,30.0,0,DS1__tense_TEST_MV(39)-6-of-10,0,881,29.3667
DS1__tense_LLT_TENS(0),/Users/rafiabhista/Documents/code/apple/c1_audio/emomv_2/aria/media/minhdanh/5e31d1e3-0187-4837-8530-60bbac61578f1/home/minhdanh/Documents/EmoMV/Dataset1/DS1_TEST_MATCH/tense_LLT_TENS(0).mp4,tense,2,DS1,match,29b4e714adcb55ab75db411d2f8eed554f165cd8914d9699624a8b0bca3ed45d,DS1__tense_LLT_TENS(0),29.8,745,25.0,0,DS1__tense_LLT_TENS(0),0,745,29.8
DS1__tense_TEST_MV(0)-5-of-8,/Users/rafiabhista/Documents/code/apple/c1_audio/emomv_2/aria/media/minhdanh/5e31d1e3-0187-4837-8530-60bbac61578f1/home/minhdanh/Documents/EmoMV/Dataset1/DS1_TEST_MATCH/tense_TEST_MV(0)-5-of-8.mp4,tense,2,DS1,match,88c739d81ee86179198efbff4ccf8f51d5f60063a9bc0e48b6377ec8535dff3b,DS1__tense_TEST_MV(0),28.9039,693,23.976,0,DS1__tense_TEST_MV(0)-5-of-8,0,693,28.9039
DS1__tense_TENS_LLT(60)),/Users/rafiabhista/Documents/code/apple/c1_audio/emomv_2/aria/media/minhdanh/5e31d1e3-0187-4837-8530-60bbac61578f1/home/minhdanh/Documents/EmoMV/Dataset1/DS1_TEST_MATCH/tense_TENS_LLT(60)).mp4,tense,2,DS1,match,ef3e65fdc4b9c9bdeca5843f8c5a9fad579ad7984743388c28feda33a323720d,DS1__tense_TENS_LLT(60)),29.2847,732,24.996,0,DS1__tense_TENS_LLT(60)),0,732,29.2847
DS1__tense_TENS_MM(17)-3-of-12,/Users/rafiabhista/Documents/code/apple/c1_audio/emomv_2/aria/media/minhdanh/5e31d1e3-0187-4837-8530-60bbac61578f1/home/minhdanh/Documents/EmoMV/Dataset1/DS1_TEST_MATCH/tense_TENS_MM(17)-3-of-12.mp4,tense,2,DS1,match,b4aca8e58b192d4eac90b5a527db9c94176ef12d658e1df3eb0957f976547af4,DS1__tense_TENS_MM(17),28.4451,682,23.976,0,DS1__tense_TENS_MM(17)-3-of-12,0,682,28.4451
DS1__tense_TENS_MM(7)-4-of-7,/Users/rafiabhista/Documents/code/apple/c1_audio/emomv_2/aria/media/minhdanh/5e31d1e3-0187-4837-8530-60bbac61578f1/home/minhdanh/Documents/EmoMV/Dataset1/DS1_TEST_MATCH/tense_TENS_MM(7)-4-of-7.mp4,tense,2,DS1,match,2593c6ac31e8b42908f82241e54ec6ad907de59a9cef2b7661dfeb6b8e036d85,DS1__tense_TENS_MM(7),27.5692,661,23.976,0,DS1__tense_TENS_MM(7)-4-of-7,0,661,27.5692
DS1__tense_TEST_TENS(32)-7-of-9,/Users/rafiabhista/Documents/code/apple/c1_audio/emomv_2/aria/media/minhdanh/5e31d1e3-0187-4837-8530-60bbac61578f1/home/minhdanh/Documents/EmoMV/Dataset1/DS1_TEST_MATCH/tense_TEST_TENS(32)-7-of-9.mp4,tense,2,DS1,match,229c2d3c903a262a0c20ee364a1c2e3be40f2115724d644c5b5733744f7cf3c3,DS1__tense_TEST_TENS(32),28.4618,853,29.97,0,DS1__tense_TEST_TENS(32)-7-of-9,0,853,28.4618
DS1__tense_TEST_TENS_NN(5)-2-of-5,/Users/rafiabhista/Documents/code/apple/c1_audio/emomv_2/aria/media/minhdanh/5e31d1e3-0187-4837-8530-60bbac61578f1/home/minhdanh/Documents/EmoMV/Dataset1/DS1_TEST_MATCH/tense_TEST_TENS_NN(5)-2-of-5.mp4,tense,2,DS1,match,0779d1f086dce9e301f27ad7dfe8ff33f437cb220eb8880911ef1ce414457783,DS1__tense_TEST_TENS_NN(5),22.6893,544,23.976,0,DS1__tense_TEST_TENS_NN(5)-2-of-5,0,544,22.6893
DS1__tense_LLT_TENS(8)-3-of-5,/Users/rafiabhista/Documents/code/apple/c1_audio/emomv_2/aria/media/minhdanh/5e31d1e3-0187-4837-8530-60bbac61578f1/home/minhdanh/Documents/EmoMV/Dataset1/DS1_TEST_MATCH/tense_LLT_TENS(8)-3-of-5.mp4,tense,2,DS1,match,b12c935b803909fc1e901da3de93f3483ec1271cc9c84ebdad3e5c6e43c49c27,DS1__tense_LLT_TENS(8),28.5952,857,29.97,0,DS1__tense_LLT_TENS(8)-3-of-5,0,857,28.5952
DS1__tense_TEST_MV(86)-5-of-8,/Users/rafiabhista/Documents/code/apple/c1_audio/emomv_2/aria/media/minhdanh/5e31d1e3-0187-4837-8530-60bbac61578f1/home/minhdanh/Documents/EmoMV/Dataset1/DS1_TEST_MATCH/tense_TEST_MV(86)-5-of-8.mp4,tense,2,DS1,match,293962e4569c08a80a67428c7a708c80943f2baf282362cf56a2e65092543405,DS1__tense_TEST_MV(86),28.16,704,25.0,0,DS1__tense_TEST_MV(86)-5-of-8,0,704,28.16
DS1__tense_TEST_TENS(23)-11-of-13,/Users/rafiabhista/Documents/code/apple/c1_audio/emomv_2/aria/media/minhdanh/5e31d1e3-0187-4837-8530-60bbac61578f1/home/minhdanh/Documents/EmoMV/Dataset1/DS1_TEST_MATCH/tense_TEST_TENS(23)-11-of-13.mp4,tense,2,DS1,match,d8732d898a63226621e8d5c4a6837ebcb944f53320216bb85783ac9fd9590088,DS1__tense_TEST_TENS(23),25.56,639,25.0,0,DS1__tense_TEST_TENS(23)-11-of-13,0,639,25.56
DS1__tense_LLT_TENS(6)-7-of-9,/Users/rafiabhista/Documents/code/apple/c1_audio/emomv_2/aria/media/minhdanh/5e31d1e3-0187-4837-8530-60bbac61578f1/home/minhdanh/Documents/EmoMV/Dataset1/DS1_TEST_MATCH/tense_LLT_TENS(6)-7-of-9.mp4,tense,2,DS1,match,c0fd1f05f27c7a065f26f4e82a68b0a2adea977aef732ece50b8793a55d34157,DS1__tense_LLT_TENS(6),27.9446,670,23.976,0,DS1__tense_LLT_TENS(6)-7-of-9,0,670,27.9446
DS1__tense_TEST_TENS(15)-2-of-8,/Users/rafiabhista/Documents/code/apple/c1_audio/emomv_2/aria/media/minhdanh/5e31d1e3-0187-4837-8530-60bbac61578f1/home/minhdanh/Documents/EmoMV/Dataset1/DS1_TEST_MATCH/tense_TEST_TENS(15)-2-of-8.mp4,tense,2,DS1,match,98bd06785aa48b9f33b5a72f4af18602e82be4abeb29071ac2153e26421a29b1,DS1__tense_TEST_TENS(15),29.1958,875,29.9701,0,DS1__tense_TEST_TENS(15)-2-of-8,0,875,29.1958
DS1__tense_LLT_TENS(10)-5-of-9,/Users/rafiabhista/Documents/code/apple/c1_audio/emomv_2/aria/media/minhdanh/5e31d1e3-0187-4837-8530-60bbac61578f1/home/minhdanh/Documents/EmoMV/Dataset1/DS1_TEST_MATCH/tense_LLT_TENS(10)-5-of-9.mp4,tense,2,DS1,match,8c36e05293804e48aef04f80a7be71c250621ae5592e206ba753ade080a53c40,DS1__tense_LLT_TENS(10),28.2365,677,23.976,0,DS1__tense_LLT_TENS(10)-5-of-9,0,677,28.2365
DS1__tense_TEST_TENS(30)-8-of-9,/Users/rafiabhista/Documents/code/apple/c1_audio/emomv_2/aria/media/minhdanh/5e31d1e3-0187-4837-8530-60bbac61578f1/home/minhdanh/Documents/EmoMV/Dataset1/DS1_TEST_MATCH/tense_TEST_TENS(30)-8-of-9.mp4,tense,2,DS1,match,998fd272cf8417de48ef2f3987fe69e5d4fc1edbca76ed491b3fd1c6a67c8a0b,DS1__tense_TEST_TENS(30),30.03,720,23.976,0,DS1__tense_TEST_TENS(30)-8-of-9,0,720,30.03
DS1__tense_TEST_TENS(6)-7-of-8,/Users/rafiabhista/Documents/code/apple/c1_audio/emomv_2/aria/media/minhdanh/5e31d1e3-0187-4837-8530-60bbac61578f1/home/minhdanh/Documents/EmoMV/Dataset1/DS1_TEST_MATCH/tense_TEST_TENS(6)-7-of-8.mp4,tense,2,DS1,match,9d7f3ae01ed5a91c82495721278fc9c83e1bb69971719b7e97319a76df16727b,DS1__tense_TEST_TENS(6),29.8215,715,23.976,0,DS1__tense_TEST_TENS(6)-7-of-8,0,715,29.8215
DS1__tense_LLT_TENS(5)-7-of-10,/Users/rafiabhista/Documents/code/apple/c1_audio/emomv_2/aria/media/minhdanh/5e31d1e3-0187-4837-8530-60bbac61578f1/home/minhdanh/Documents/EmoMV/Dataset1/DS1_TEST_MATCH/tense_LLT_TENS(5)-7-of-10.mp4,tense,2,DS1,match,ef1cac1aa70e84babf31ab9895a1a9cd5390ca24589765b6e2cd7c8f3c8c4511,DS1__tense_LLT_TENS(5),29.8,745,25.0,0,DS1__tense_LLT_TENS(5)-7-of-10,0,745,29.8
DS1__sad_SAD_TEST(2)-2-of-6,/Users/rafiabhista/Documents/code/apple/c1_audio/emomv_2/aria/media/minhdanh/5e31d1e3-0187-4837-8530-60bbac61578f1/home/minhdanh/Documents/EmoMV/Dataset1/DS1_TEST_MATCH/sad_SAD_TEST(2)-2-of-6.mp4,sad,3,DS1,match,d98c1e83c1339371cda766c83cb86fd75d3012ada2aec507a570b922e57655af,DS1__sad_SAD_TEST(2),26.7333,802,30.0,0,DS1__sad_SAD_TEST(2)-2-of-6,0,802,26.7333
DS1__sad_TEST_SAD(28)-3-of-10,/Users/rafiabhista/Documents/code/apple/c1_audio/emomv_2/aria/media/minhdanh/5e31d1e3-0187-4837-8530-60bbac61578f1/home/minhdanh/Documents/EmoMV/Dataset1/DS1_TEST_MATCH/sad_TEST_SAD(28)-3-of-10.mp4,sad,3,DS1,match,a81c87f46aa877f00de5aa43bdd747e6888424eb757ff2b6f7bb796f7f148841,DS1__sad_TEST_SAD(28),29.2959,878,29.97,0,DS1__sad_TEST_SAD(28)-3-of-10,0,878,29.2959
DS1__sad_SAD_TEST(9)-9-of-10,/Users/rafiabhista/Documents/code/apple/c1_audio/emomv_2/aria/media/minhdanh/5e31d1e3-0187-4837-8530-60bbac61578f1/home/minhdanh/Documents/EmoMV/Dataset1/DS1_TEST_MATCH/sad_SAD_TEST(9)-9-of-10.mp4,sad,3,DS1,match,f96c1a4b2e51a136aa0e1e17e0b544edd414601aae76510c7470d7212870e11a,DS1__sad_SAD_TEST(9),25.2333,757,30.0,0,DS1__sad_SAD_TEST(9)-9-of-10,0,757,25.2333
DS1__sad_FEAR_TEST(16)-8-of-9,/Users/rafiabhista/Documents/code/apple/c1_audio/emomv_2/aria/media/minhdanh/5e31d1e3-0187-4837-8530-60bbac61578f1/home/minhdanh/Documents/EmoMV/Dataset1/DS1_TEST_MATCH/sad_FEAR_TEST(16)-8-of-9.mp4,sad,3,DS1,match,bea913cced8490fb69e9d5b339b9bdd73122bf8746d87756ef3ab068fa954d4d,DS1__sad_FEAR_TEST(16),26.026,624,23.976,0,DS1__sad_FEAR_TEST(16)-8-of-9,0,624,26.026
DS1__sad_FINAL_DL_Sad(23),/Users/rafiabhista/Documents/code/apple/c1_audio/emomv_2/aria/media/minhdanh/5e31d1e3-0187-4837-8530-60bbac61578f1/home/minhdanh/Documents/EmoMV/Dataset1/DS1_TEST_MATCH/sad_FINAL_DL_Sad(23).mp4,sad,3,DS1,match,801fc4fae7bdf955158ffb6a9c3188eeead2404e06757ba29104b44fb8758d39,DS1__sad_FINAL_DL_Sad(23),28.52,713,25.0,0,DS1__sad_FINAL_DL_Sad(23),0,713,28.52
DS1__sad_ORG_SAD(95)__win0,/Users/rafiabhista/Documents/code/apple/c1_audio/emomv_2/aria/media/minhdanh/5e31d1e3-0187-4837-8530-60bbac61578f1/home/minhdanh/Documents/EmoMV/Dataset1/DS1_TEST_MATCH/sad_ORG_SAD(95).mp4,sad,3,DS1,match,f30874bce15075ea859cfdc5b0b2e98061efbd0d33972ab07d8400b04d913cef,DS1__sad_ORG_SAD(95),35.9583,863,24.0,0,DS1__sad_ORG_SAD(95),0,720,30.0
DS1__sad_ORG_SAD(95)__win1,/Users/rafiabhista/Documents/code/apple/c1_audio/emomv_2/aria/media/minhdanh/5e31d1e3-0187-4837-8530-60bbac61578f1/home/minhdanh/Documents/EmoMV/Dataset1/DS1_TEST_MATCH/sad_ORG_SAD(95).mp4,sad,3,DS1,match,f30874bce15075ea859cfdc5b0b2e98061efbd0d33972ab07d8400b04d913cef,DS1__sad_ORG_SAD(95),35.9583,863,24.0,1,DS1__sad_ORG_SAD(95),720,863,5.9583
DS1__sad_TEST_SAD(33)-5-of-8,/Users/rafiabhista/Documents/code/apple/c1_audio/emomv_2/aria/media/minhdanh/5e31d1e3-0187-4837-8530-60bbac61578f1/home/minhdanh/Documents/EmoMV/Dataset1/DS1_TEST_MATCH/sad_TEST_SAD(33)-5-of-8.mp4,sad,3,DS1,match,758422ace9328f33eb26ee69f3efcd0e3c9e25b91ad35b520b6a2404fbe393d6,DS1__sad_TEST_SAD(33),28.2365,677,23.976,0,DS1__sad_TEST_SAD(33)-5-of-8,0,677,28.2365
DS1__sad_FINAL_DL_Sad(31),/Users/rafiabhista/Documents/code/apple/c1_audio/emomv_2/aria/media/minhdanh/5e31d1e3-0187-4837-8530-60bbac61578f1/home/minhdanh/Documents/EmoMV/Dataset1/DS1_TEST_MATCH/sad_FINAL_DL_Sad(31).mp4,sad,3,DS1,match,3e9d54b115ee9ca75957582742aa4312cc4d7528faeb2945cc12e33e3f539eee,DS1__sad_FINAL_DL_Sad(31),29.25,702,24.0,0,DS1__sad_FINAL_DL_Sad(31),0,702,29.25
DS1__sad_SAD_TEST(5)-8-of-9,/Users/rafiabhista/Documents/code/apple/c1_audio/emomv_2/aria/media/minhdanh/5e31d1e3-0187-4837-8530-60bbac61578f1/home/minhdanh/Documents/EmoMV/Dataset1/DS1_TEST_MATCH/sad_SAD_TEST(5)-8-of-9.mp4,sad,3,DS1,match,d6516836d985e0bd0064ef7a30d0f39264ddd049f50a772e3b02efeac83d888d,DS1__sad_SAD_TEST(5),29.1124,698,23.976,0,DS1__sad_SAD_TEST(5)-8-of-9,0,698,29.1124
DS1__sad_MIX_TEST(2)-2-of-9,/Users/rafiabhista/Documents/code/apple/c1_audio/emomv_2/aria/media/minhdanh/5e31d1e3-0187-4837-8530-60bbac61578f1/home/minhdanh/Documents/EmoMV/Dataset1/DS1_TEST_MATCH/sad_MIX_TEST(2)-2-of-9.mp4,sad,3,DS1,match,c5dd6c7c565100a27a9da943c51a5bd0bebaaf26d778fd4d66ac37e38ca0d2be,DS1__sad_MIX_TEST(2),28.68,717,25.0,0,DS1__sad_MIX_TEST(2)-2-of-9,0,717,28.68
DS1__sad_TEST_SAD(0)-2-of-9,/Users/rafiabhista/Documents/code/apple/c1_audio/emomv_2/aria/media/minhdanh/5e31d1e3-0187-4837-8530-60bbac61578f1/home/minhdanh/Documents/EmoMV/Dataset1/DS1_TEST_MATCH/sad_TEST_SAD(0)-2-of-9.mp4,sad,3,DS1,match,f59c71e85ee7278aa2d57262ff027829e09576ad4d7a95595b13b77bed712d6d,DS1__sad_TEST_SAD(0),29.92,748,25.0,0,DS1__sad_TEST_SAD(0)-2-of-9,0,748,29.92
DS1__sad_ORG_SAD(5),/Users/rafiabhista/Documents/code/apple/c1_audio/emomv_2/aria/media/minhdanh/5e31d1e3-0187-4837-8530-60bbac61578f1/home/minhdanh/Documents/EmoMV/Dataset1/DS1_TEST_MATCH/sad_ORG_SAD(5).mp4,sad,3,DS1,match,9a1db7a3c20ffefe618478388fc1fe823798feaa020cfca0abdc5c2157d85b13,DS1__sad_ORG_SAD(5),30.875,741,24.0,0,DS1__sad_ORG_SAD(5),0,741,30.875
DS1__sad_FINAL_DL(62)-4-of-10,/Users/rafiabhista/Documents/code/apple/c1_audio/emomv_2/aria/media/minhdanh/5e31d1e3-0187-4837-8530-60bbac61578f1/home/minhdanh/Documents/EmoMV/Dataset1/DS1_TEST_MATCH/sad_FINAL_DL(62)-4-of-10.mp4,sad,3,DS1,match,89bbbe37c092c656e585d08041c3e474bc9369650b18fec6d51b5fff693eb6e2,DS1__sad_FINAL_DL(62),29.2,730,25.0,0,DS1__sad_FINAL_DL(62)-4-of-10,0,730,29.2
DS1__sad_FINAL_DL(90)__win0,/Users/rafiabhista/Documents/code/apple/c1_audio/emomv_2/aria/media/minhdanh/5e31d1e3-0187-4837-8530-60bbac61578f1/home/minhdanh/Documents/EmoMV/Dataset1/DS1_TEST_MATCH/sad_FINAL_DL(90).mp4,sad,3,DS1,match,91a5dbc5f66d7ca037bc85178eae15515ea9605035987840d4b13138753d74d6,DS1__sad_FINAL_DL(90),392.3667,11771,30.0,0,DS1__sad_FINAL_DL(90),0,900,30.0
DS1__sad_FINAL_DL(90)__win1,/Users/rafiabhista/Documents/code/apple/c1_audio/emomv_2/aria/media/minhdanh/5e31d1e3-0187-4837-8530-60bbac61578f1/home/minhdanh/Documents/EmoMV/Dataset1/DS1_TEST_MATCH/sad_FINAL_DL(90).mp4,sad,3,DS1,match,91a5dbc5f66d7ca037bc85178eae15515ea9605035987840d4b13138753d74d6,DS1__sad_FINAL_DL(90),392.3667,11771,30.0,1,DS1__sad_FINAL_DL(90),900,1800,30.0
DS1__sad_FINAL_DL(90)__win2,/Users/rafiabhista/Documents/code/apple/c1_audio/emomv_2/aria/media/minhdanh/5e31d1e3-0187-4837-8530-60bbac61578f1/home/minhdanh/Documents/EmoMV/Dataset1/DS1_TEST_MATCH/sad_FINAL_DL(90).mp4,sad,3,DS1,match,91a5dbc5f66d7ca037bc85178eae15515ea9605035987840d4b13138753d74d6,DS1__sad_FINAL_DL(90),392.3667,11771,30.0,2,DS1__sad_FINAL_DL(90),1800,2700,30.0
DS1__sad_FINAL_DL(90)__win3,/Users/rafiabhista/Documents/code/apple/c1_audio/emomv_2/aria/media/minhdanh/5e31d1e3-0187-4837-8530-60bbac61578f1/home/minhdanh/Documents/EmoMV/Dataset1/DS1_TEST_MATCH/sad_FINAL_DL(90).mp4,sad,3,DS1,match,91a5dbc5f66d7ca037bc85178eae15515ea9605035987840d4b13138753d74d6,DS1__sad_FINAL_DL(90),392.3667,11771,30.0,3,DS1__sad_FINAL_DL(90),2700,3600,30.0
DS1__sad_FINAL_DL(90)__win4,/Users/rafiabhista/Documents/code/apple/c1_audio/emomv_2/aria/media/minhdanh/5e31d1e3-0187-4837-8530-60bbac61578f1/home/minhdanh/Documents/EmoMV/Dataset1/DS1_TEST_MATCH/sad_FINAL_DL(90).mp4,sad,3,DS1,match,91a5dbc5f66d7ca037bc85178eae15515ea9605035987840d4b13138753d74d6,DS1__sad_FINAL_DL(90),392.3667,11771,30.0,4,DS1__sad_FINAL_DL(90),3600,4500,30.0
DS1__sad_FINAL_DL(90)__win5,/Users/rafiabhista/Documents/code/apple/c1_audio/emomv_2/aria/media/minhdanh/5e31d1e3-0187-4837-8530-60bbac61578f1/home/minhdanh/Documents/EmoMV/Dataset1/DS1_TEST_MATCH/sad_FINAL_DL(90).mp4,sad,3,DS1,match,91a5dbc5f66d7ca037bc85178eae15515ea9605035987840d4b13138753d74d6,DS1__sad_FINAL_DL(90),392.3667,11771,30.0,5,DS1__sad_FINAL_DL(90),4500,5400,30.0
DS1__sad_FINAL_DL(90)__win6,/Users/rafiabhista/Documents/code/apple/c1_audio/emomv_2/aria/media/minhdanh/5e31d1e3-0187-4837-8530-60bbac61578f1/home/minhdanh/Documents/EmoMV/Dataset1/DS1_TEST_MATCH/sad_FINAL_DL(90).mp4,sad,3,DS1,match,91a5dbc5f66d7ca037bc85178eae15515ea9605035987840d4b13138753d74d6,DS1__sad_FINAL_DL(90),392.3667,11771,30.0,6,DS1__sad_FINAL_DL(90),5400,6300,30.0
DS1__sad_FINAL_DL(90)__win7,/Users/rafiabhista/Documents/code/apple/c1_audio/emomv_2/aria/media/minhdanh/5e31d1e3-0187-4837-8530-60bbac61578f1/home/minhdanh/Documents/EmoMV/Dataset1/DS1_TEST_MATCH/sad_FINAL_DL(90).mp4,sad,3,DS1,match,91a5dbc5f66d7ca037bc85178eae15515ea9605035987840d4b13138753d74d6,DS1__sad_FINAL_DL(90),392.3667,11771,30.0,7,DS1__sad_FINAL_DL(90),6300,7200,30.0
DS1__sad_FINAL_DL(90)__win8,/Users/rafiabhista/Documents/code/apple/c1_audio/emomv_2/aria/media/minhdanh/5e31d1e3-0187-4837-8530-60bbac61578f1/home/minhdanh/Documents/EmoMV/Dataset1/DS1_TEST_MATCH/sad_FINAL_DL(90).mp4,sad,3,DS1,match,91a5dbc5f66d7ca037bc85178eae15515ea9605035987840d4b13138753d74d6,DS1__sad_FINAL_DL(90),392.3667,11771,30.0,8,DS1__sad_FINAL_DL(90),7200,8100,30.0
DS1__sad_FINAL_DL(90)__win9,/Users/rafiabhista/Documents/code/apple/c1_audio/emomv_2/aria/media/minhdanh/5e31d1e3-0187-4837-8530-60bbac61578f1/home/minhdanh/Documents/EmoMV/Dataset1/DS1_TEST_MATCH/sad_FINAL_DL(90).mp4,sad,3,DS1,match,91a5dbc5f66d7ca037bc85178eae15515ea9605035987840d4b13138753d74d6,DS1__sad_FINAL_DL(90),392.3667,11771,30.0,9,DS1__sad_FINAL_DL(90),8100,9000,30.0
DS1__sad_FINAL_DL(90)__win10,/Users/rafiabhista/Documents/code/apple/c1_audio/emomv_2/aria/media/minhdanh/5e31d1e3-0187-4837-8530-60bbac61578f1/home/minhdanh/Documents/EmoMV/Dataset1/DS1_TEST_MATCH/sad_FINAL_DL(90).mp4,sad,3,DS1,match,91a5dbc5f66d7ca037bc85178eae15515ea9605035987840d4b13138753d74d6,DS1__sad_FINAL_DL(90),392.3667,11771,30.0,10,DS1__sad_FINAL_DL(90),9000,9900,30.0
DS1__sad_FINAL_DL(90)__win11,/Users/rafiabhista/Documents/code/apple/c1_audio/emomv_2/aria/media/minhdanh/5e31d1e3-0187-4837-8530-60bbac61578f1/home/minhdanh/Documents/EmoMV/Dataset1/DS1_TEST_MATCH/sad_FINAL_DL(90).mp4,sad,3,DS1,match,91a5dbc5f66d7ca037bc85178eae15515ea9605035987840d4b13138753d74d6,DS1__sad_FINAL_DL(90),392.3667,11771,30.0,11,DS1__sad_FINAL_DL(90),9900,10800,30.0
DS1__sad_FINAL_DL(90)__win12,/Users/rafiabhista/Documents/code/apple/c1_audio/emomv_2/aria/media/minhdanh/5e31d1e3-0187-4837-8530-60bbac61578f1/home/minhdanh/Documents/EmoMV/Dataset1/DS1_TEST_MATCH/sad_FINAL_DL(90).mp4,sad,3,DS1,match,91a5dbc5f66d7ca037bc85178eae15515ea9605035987840d4b13138753d74d6,DS1__sad_FINAL_DL(90),392.3667,11771,30.0,12,DS1__sad_FINAL_DL(90),10800,11700,30.0
DS1__sad_TEST_TENS_NN(12)-8-of-9,/Users/rafiabhista/Documents/code/apple/c1_audio/emomv_2/aria/media/minhdanh/5e31d1e3-0187-4837-8530-60bbac61578f1/home/minhdanh/Documents/EmoMV/Dataset1/DS1_TEST_MATCH/sad_TEST_TENS_NN(12)-8-of-9.mp4,sad,3,DS1,match,cd9a84c923601c763bbfc5c0883aec50984bdf8c7e22f0aa39d89622c3c6a25d,DS1__sad_TEST_TENS_NN(12),26.0677,625,23.976,0,DS1__sad_TEST_TENS_NN(12)-8-of-9,0,625,26.0677
DS1__relax_ORG_RLX(133),/Users/rafiabhista/Documents/code/apple/c1_audio/emomv_2/aria/media/minhdanh/5e31d1e3-0187-4837-8530-60bbac61578f1/home/minhdanh/Documents/EmoMV/Dataset1/DS1_TEST_MATCH/relax_ORG_RLX(133).mp4,relax,4,DS1,match,3b00e19f2122d3ed9d19f3a7d0b93ce7f76fa4ae05298e702413f6a4ab84877a,DS1__relax_ORG_RLX(133),29.296,878,29.97,0,DS1__relax_ORG_RLX(133),0,878,29.296
DS1__relax_TEST_RELX(36)-2-of-7,/Users/rafiabhista/Documents/code/apple/c1_audio/emomv_2/aria/media/minhdanh/5e31d1e3-0187-4837-8530-60bbac61578f1/home/minhdanh/Documents/EmoMV/Dataset1/DS1_TEST_MATCH/relax_TEST_RELX(36)-2-of-7.mp4,relax,4,DS1,match,14322ccda46bc18ee5c1444a68d472fec308f62ff6050a630d22038cbde16441,DS1__relax_TEST_RELX(36),29.9966,899,29.97,0,DS1__relax_TEST_RELX(36)-2-of-7,0,899,29.9966
DS1__relax_TEST_RELX(42)-2-of-17,/Users/rafiabhista/Documents/code/apple/c1_audio/emomv_2/aria/media/minhdanh/5e31d1e3-0187-4837-8530-60bbac61578f1/home/minhdanh/Documents/EmoMV/Dataset1/DS1_TEST_MATCH/relax_TEST_RELX(42)-2-of-17.mp4,relax,4,DS1,match,0b7b5dedda30805f4123004961ff4f4bce43e6f1e4d3993d1f8a38ef5e8d42fa,DS1__relax_TEST_RELX(42),29.9966,899,29.97,0,DS1__relax_TEST_RELX(42)-2-of-17,0,899,29.9966
DS1__relax_TEST_RELX(16)-2-of-6,/Users/rafiabhista/Documents/code/apple/c1_audio/emomv_2/aria/media/minhdanh/5e31d1e3-0187-4837-8530-60bbac61578f1/home/minhdanh/Documents/EmoMV/Dataset1/DS1_TEST_MATCH/relax_TEST_RELX(16)-2-of-6.mp4,relax,4,DS1,match,1d939f77a232ddb1033b9cbd8686dfc572abc6ee6fc5b832e4f3f4a93110b5f8,DS1__relax_TEST_RELX(16),29.32,733,25.0,0,DS1__relax_TEST_RELX(16)-2-of-6,0,733,29.32
DS1__relax_TEST_RELX(25)-16-of-18,/Users/rafiabhista/Documents/code/apple/c1_audio/emomv_2/aria/media/minhdanh/5e31d1e3-0187-4837-8530-60bbac61578f1/home/minhdanh/Documents/EmoMV/Dataset1/DS1_TEST_MATCH/relax_TEST_RELX(25)-16-of-18.mp4,relax,4,DS1,match,6f6dfe2a2667b7896541109f96be5d0100025339878e42c8639c615cfc646b76,DS1__relax_TEST_RELX(25),29.5629,886,29.97,0,DS1__relax_TEST_RELX(25)-16-of-18,0,886,29.5629
DS1__relax_TEST_RELX(38)-9-of-10,/Users/rafiabhista/Documents/code/apple/c1_audio/emomv_2/aria/media/minhdanh/5e31d1e3-0187-4837-8530-60bbac61578f1/home/minhdanh/Documents/EmoMV/Dataset1/DS1_TEST_MATCH/relax_TEST_RELX(38)-9-of-10.mp4,relax,4,DS1,match,480dfeda35cd054f2efd3aa2f27877075509d1353b05b7f838aed06cd9e95a03,DS1__relax_TEST_RELX(38),29.9466,718,23.976,0,DS1__relax_TEST_RELX(38)-9-of-10,0,718,29.9466
DS1__relax_TT(2),/Users/rafiabhista/Documents/code/apple/c1_audio/emomv_2/aria/media/minhdanh/5e31d1e3-0187-4837-8530-60bbac61578f1/home/minhdanh/Documents/EmoMV/Dataset1/DS1_TEST_MATCH/relax_TT(2).mp4,relax,4,DS1,match,a19a3f684388eaf452cc7c4445a401b9e561f84315eae36586f000329f9ee33e,DS1__relax_TT(2),29.8,745,25.0,0,DS1__relax_TT(2),0,745,29.8
DS1__relax_TEST_RELX(17)-3-of-16,/Users/rafiabhista/Documents/code/apple/c1_audio/emomv_2/aria/media/minhdanh/5e31d1e3-0187-4837-8530-60bbac61578f1/home/minhdanh/Documents/EmoMV/Dataset1/DS1_TEST_MATCH/relax_TEST_RELX(17)-3-of-16.mp4,relax,4,DS1,match,9549fa9c243e3f9aa196a3645f29e9538175f039f77e7d1d0fb029993565a199,DS1__relax_TEST_RELX(17),29.64,741,25.0,0,DS1__relax_TEST_RELX(17)-3-of-16,0,741,29.64
DS1__relax_TEST_RELX(6)-13-of-15,/Users/rafiabhista/Documents/code/apple/c1_audio/emomv_2/aria/media/minhdanh/5e31d1e3-0187-4837-8530-60bbac61578f1/home/minhdanh/Documents/EmoMV/Dataset1/DS1_TEST_MATCH/relax_TEST_RELX(6)-13-of-15.mp4,relax,4,DS1,match,7d81ccaf1bace8e22123c8555b49a2fe5ea7c88b2dfa03096ef15f40553a83be,DS1__relax_TEST_RELX(6),26.3597,632,23.976,0,DS1__relax_TEST_RELX(6)-13-of-15,0,632,26.3597
DS1__relax_TEST_RELX(24)-2-of-11,/Users/rafiabhista/Documents/code/apple/c1_audio/emomv_2/aria/media/minhdanh/5e31d1e3-0187-4837-8530-60bbac61578f1/home/minhdanh/Documents/EmoMV/Dataset1/DS1_TEST_MATCH/relax_TEST_RELX(24)-2-of-11.mp4,relax,4,DS1,match,37cb9562d6ba7bbe8aeeffa41d34a82236011d66c55adf782e81f8fd235d1b74,DS1__relax_TEST_RELX(24),29.2626,877,29.97,0,DS1__relax_TEST_RELX(24)-2-of-11,0,877,29.2626
DS1__relax_TEST_RELX(22)-2-of-7,/Users/rafiabhista/Documents/code/apple/c1_audio/emomv_2/aria/media/minhdanh/5e31d1e3-0187-4837-8530-60bbac61578f1/home/minhdanh/Documents/EmoMV/Dataset1/DS1_TEST_MATCH/relax_TEST_RELX(22)-2-of-7.mp4,relax,4,DS1,match,ffb005881610f34429a2a690b66e12de4c68c8ef8e30474824cdf5264309e77b,DS1__relax_TEST_RELX(22),28.028,672,23.976,0,DS1__relax_TEST_RELX(22)-2-of-7,0,672,28.028
DS1__relax_LLT_DL(16)-2-of-5,/Users/rafiabhista/Documents/code/apple/c1_audio/emomv_2/aria/media/minhdanh/5e31d1e3-0187-4837-8530-60bbac61578f1/home/minhdanh/Documents/EmoMV/Dataset1/DS1_TEST_MATCH/relax_LLT_DL(16)-2-of-5.mp4,relax,4,DS1,match,b4ece093c7b4770f57c5d90752e2789afa16a4d3bc03f017b45123590db9d165,DS1__relax_LLT_DL(16),29.36,734,25.0,0,DS1__relax_LLT_DL(16)-2-of-5,0,734,29.36
DS1__relax_ORG_NEUTRAL(31),/Users/rafiabhista/Documents/code/apple/c1_audio/emomv_2/aria/media/minhdanh/5e31d1e3-0187-4837-8530-60bbac61578f1/home/minhdanh/Documents/EmoMV/Dataset1/DS1_TEST_MATCH/relax_ORG_NEUTRAL(31).mp4,relax,4,DS1,match,1d60d4b828f6cf980f99622f3b592313c5dea0aacedf10daf5d8a76f5de06df6,DS1__relax_ORG_NEUTRAL(31),29.2626,877,29.97,0,DS1__relax_ORG_NEUTRAL(31),0,877,29.2626
DS1__relax_TEST_RELX(9)-2-of-17,/Users/rafiabhista/Documents/code/apple/c1_audio/emomv_2/aria/media/minhdanh/5e31d1e3-0187-4837-8530-60bbac61578f1/home/minhdanh/Documents/EmoMV/Dataset1/DS1_TEST_MATCH/relax_TEST_RELX(9)-2-of-17.mp4,relax,4,DS1,match,032bfc9d5d69e9f9ab3bb1bd4154ee66e6ffc1a433fd194dbd76c1a426927ebd,DS1__relax_TEST_RELX(9),28.68,717,25.0,0,DS1__relax_TEST_RELX(9)-2-of-17,0,717,28.68
DS1__relax_TEST_RELX(45)-7-of-8,/Users/rafiabhista/Documents/code/apple/c1_audio/emomv_2/aria/media/minhdanh/5e31d1e3-0187-4837-8530-60bbac61578f1/home/minhdanh/Documents/EmoMV/Dataset1/DS1_TEST_MATCH/relax_TEST_RELX(45)-7-of-8.mp4,relax,4,DS1,match,08044468e6d13d864c980b5ddb343f6b2c837b2b88bc9b36eb38ed396504d594,DS1__relax_TEST_RELX(45),29.56,739,25.0,0,DS1__relax_TEST_RELX(45)-7-of-8,0,739,29.56
DS1__relax_Rellx_FINAL_DL(20),/Users/rafiabhista/Documents/code/apple/c1_audio/emomv_2/aria/media/minhdanh/5e31d1e3-0187-4837-8530-60bbac61578f1/home/minhdanh/Documents/EmoMV/Dataset1/DS1_TEST_MATCH/relax_Rellx_FINAL_DL(20).mp4,relax,4,DS1,match,94f1f4754d1a727629722079542401247166a2772840d912b3376922c418bd6b,DS1__relax_Rellx_FINAL_DL(20),29.68,742,25.0,0,DS1__relax_Rellx_FINAL_DL(20),0,742,29.68
DS1__relax_TEST_RELX(43)-16-of-34,/Users/rafiabhista/Documents/code/apple/c1_audio/emomv_2/aria/media/minhdanh/5e31d1e3-0187-4837-8530-60bbac61578f1/home/minhdanh/Documents/EmoMV/Dataset1/DS1_TEST_MATCH/relax_TEST_RELX(43)-16-of-34.mp4,relax,4,DS1,match,31a3667d869e5d358a5fdc964a33a1817a4b6305bb39c86e64c03a20bb21aecd,DS1__relax_TEST_RELX(43),26.2596,787,29.97,0,DS1__relax_TEST_RELX(43)-16-of-34,0,787,26.2596
DS1__relax_TEST_RELX(30)-3-of-11,/Users/rafiabhista/Documents/code/apple/c1_audio/emomv_2/aria/media/minhdanh/5e31d1e3-0187-4837-8530-60bbac61578f1/home/minhdanh/Documents/EmoMV/Dataset1/DS1_TEST_MATCH/relax_TEST_RELX(30)-3-of-11.mp4,relax,4,DS1,match,4e6b18215be8053238facced5b9f5e5a486413dd88248df477d3489862a10bd4,DS1__relax_TEST_RELX(30),30.0,540,18.0,0,DS1__relax_TEST_RELX(30)-3-of-11,0,540,30.0
DS1__relax_TEST_MIX(5)-2-of-40,/Users/rafiabhista/Documents/code/apple/c1_audio/emomv_2/aria/media/minhdanh/5e31d1e3-0187-4837-8530-60bbac61578f1/home/minhdanh/Documents/EmoMV/Dataset1/DS1_TEST_MATCH/relax_TEST_MIX(5)-2-of-40.mp4,relax,4,DS1,match,6e9355b7a0c261b69708a106ee6cb7fbed91fcbaec2fea678f1a3c7b8f9e6a1e,DS1__relax_TEST_MIX(5),25.5255,765,29.97,0,DS1__relax_TEST_MIX(5)-2-of-40,0,765,25.5255
DS1__relax_TEST_RELX(4)-2-of-8,/Users/rafiabhista/Documents/code/apple/c1_audio/emomv_2/aria/media/minhdanh/5e31d1e3-0187-4837-8530-60bbac61578f1/home/minhdanh/Documents/EmoMV/Dataset1/DS1_TEST_MATCH/relax_TEST_RELX(4)-2-of-8.mp4,relax,4,DS1,match,7d19c8b3ccd40e63edd547cf5bd21434689699d253673008bf32b0fdc85457a8,DS1__relax_TEST_RELX(4),29.5714,207,7.0,0,DS1__relax_TEST_RELX(4)-2-of-8,0,207,29.5714
DS1__relax_TEST_RELX(35)-4-of-80,/Users/rafiabhista/Documents/code/apple/c1_audio/emomv_2/aria/media/minhdanh/5e31d1e3-0187-4837-8530-60bbac61578f1/home/minhdanh/Documents/EmoMV/Dataset1/DS1_TEST_MATCH/relax_TEST_RELX(35)-4-of-80.mp4,relax,4,DS1,match,288b688807d2e3eb8acb3f0880a51d7b25fafda3a8a0ce2eb86d076d49cff913,DS1__relax_TEST_RELX(35),29.5295,885,29.97,0,DS1__relax_TEST_RELX(35)-4-of-80,0,885,29.5295
DS1__relax_TEST_RELX(12)-3-of-12,/Users/rafiabhista/Documents/code/apple/c1_audio/emomv_2/aria/media/minhdanh/5e31d1e3-0187-4837-8530-60bbac61578f1/home/minhdanh/Documents/EmoMV/Dataset1/DS1_TEST_MATCH/relax_TEST_RELX(12)-3-of-12.mp4,relax,4,DS1,match,b4bdfbf005c54c5dcd71616c3813ea0cb23578978955b7c95a229773747144f3,DS1__relax_TEST_RELX(12),27.96,699,25.0,0,DS1__relax_TEST_RELX(12)-3-of-12,0,699,27.96
DS1__relax_TEST_RELX(33)-2-of-11,/Users/rafiabhista/Documents/code/apple/c1_audio/emomv_2/aria/media/minhdanh/5e31d1e3-0187-4837-8530-60bbac61578f1/home/minhdanh/Documents/EmoMV/Dataset1/DS1_TEST_MATCH/relax_TEST_RELX(33)-2-of-11.mp4,relax,4,DS1,match,53a043695369ccc2921082381351e35aaa877c8bf2dbc3dadc2bbad5af9a9b45,DS1__relax_TEST_RELX(33),29.6,740,25.0,0,DS1__relax_TEST_RELX(33)-2-of-11,0,740,29.6
DS2__X6EJSyv4W6w,/Users/rafiabhista/Documents/code/apple/c1_audio/emomv_2/aria/media/minhdanh/5e31d1e3-0187-4837-8530-60bbac61578f1/home/minhdanh/Documents/EmoMV/Dataset2/DS2_train_match/X6EJSyv4W6w.mp4,exciting,0,DS2,match,5991444a2ea013c7084c0ce2ffb61f5ca20e9c2c98bed8c64dc1e743def73d7b,DS2__X6EJSyv4W6w,10.0,300,30.0,0,DS2__X6EJSyv4W6w,0,300,10.0
DS2__pRocSOAAp14,/Users/rafiabhista/Documents/code/apple/c1_audio/emomv_2/aria/media/minhdanh/5e31d1e3-0187-4837-8530-60bbac61578f1/home/minhdanh/Documents/EmoMV/Dataset2/DS2_train_match/pRocSOAAp14.mp4,exciting,0,DS2,match,8ffbc163bbbd1146dfbfb4866d086373ab53668528c87ac2af1baf0964d43fac,DS2__pRocSOAAp14,10.01,300,29.97,0,DS2__pRocSOAAp14,0,300,10.01
DS2__kglG0iHm7W4,/Users/rafiabhista/Documents/code/apple/c1_audio/emomv_2/aria/media/minhdanh/5e31d1e3-0187-4837-8530-60bbac61578f1/home/minhdanh/Documents/EmoMV/Dataset2/DS2_train_match/kglG0iHm7W4.mp4,exciting,0,DS2,match,8cfe446c6b3fb1e942718a23276085206b4fee6f0df4d85096b89fdc9897344f,DS2__kglG0iHm7W4,10.0,250,25.0,0,DS2__kglG0iHm7W4,0,250,10.0
DS2__tNJ3Y2XthIU,/Users/rafiabhista/Documents/code/apple/c1_audio/emomv_2/aria/media/minhdanh/5e31d1e3-0187-4837-8530-60bbac61578f1/home/minhdanh/Documents/EmoMV/Dataset2/DS2_train_match/tNJ3Y2XthIU.mp4,exciting,0,DS2,match,fbc1d1e39ab108c032a651ddf489a4c88e7f6b7a68e0ca8bf2d0d67c735542a8,DS2__tNJ3Y2XthIU,10.0,250,25.0,0,DS2__tNJ3Y2XthIU,0,250,10.0
DS2__qkyGM_g4S0E,/Users/rafiabhista/Documents/code/apple/c1_audio/emomv_2/aria/media/minhdanh/5e31d1e3-0187-4837-8530-60bbac61578f1/home/minhdanh/Documents/EmoMV/Dataset2/DS2_train_match/qkyGM_g4S0E.mp4,exciting,0,DS2,match,786b13dbc216b4983210f2ea7382a6a913b205d90e04c4d83c7eaf97d643e395,DS2__qkyGM_g4S0E,10.01,300,29.97,0,DS2__qkyGM_g4S0E,0,300,10.01
DS2__Q2qYaGqeNCg,/Users/rafiabhista/Documents/code/apple/c1_audio/emomv_2/aria/media/minhdanh/5e31d1e3-0187-4837-8530-60bbac61578f1/home/minhdanh/Documents/EmoMV/Dataset2/DS2_train_match/Q2qYaGqeNCg.mp4,exciting,0,DS2,match,0cf3846b08f39a68b3530f2932f63d996d75d95b99127e6353867a8b2095907e,DS2__Q2qYaGqeNCg,10.01,240,23.976,0,DS2__Q2qYaGqeNCg,0,240,10.01
DS2__R0xhkrjggys,/Users/rafiabhista/Documents/code/apple/c1_audio/emomv_2/aria/media/minhdanh/5e31d1e3-0187-4837-8530-60bbac61578f1/home/minhdanh/Documents/EmoMV/Dataset2/DS2_train_match/R0xhkrjggys.mp4,exciting,0,DS2,match,aa66c4772cb9a5a0a67469a9a64cfcda8eb294eeaa7d3729cf335168c70fe789,DS2__R0xhkrjggys,10.0277,300,29.917,0,DS2__R0xhkrjggys,0,300,10.0277
DS2__SRYABOc7J-c,/Users/rafiabhista/Documents/code/apple/c1_audio/emomv_2/aria/media/minhdanh/5e31d1e3-0187-4837-8530-60bbac61578f1/home/minhdanh/Documents/EmoMV/Dataset2/DS2_train_match/SRYABOc7J-c.mp4,exciting,0,DS2,match,63c1345b30622abafc4153be9e73336cdb12264ed5f20d92120d9e6a229d6666,DS2__SRYABOc7J-c,10.01,300,29.97,0,DS2__SRYABOc7J-c,0,300,10.01
DS2__oHuciHU6QRs,/Users/rafiabhista/Documents/code/apple/c1_audio/emomv_2/aria/media/minhdanh/5e31d1e3-0187-4837-8530-60bbac61578f1/home/minhdanh/Documents/EmoMV/Dataset2/DS2_train_match/oHuciHU6QRs.mp4,exciting,0,DS2,match,cfc665090a7662a75ac2613b6c3f75dc7f64c91a2eea7178cf0077d0d3fafa38,DS2__oHuciHU6QRs,10.01,240,23.976,0,DS2__oHuciHU6QRs,0,240,10.01
DS2__hkBenoERptI,/Users/rafiabhista/Documents/code/apple/c1_audio/emomv_2/aria/media/minhdanh/5e31d1e3-0187-4837-8530-60bbac61578f1/home/minhdanh/Documents/EmoMV/Dataset2/DS2_train_match/hkBenoERptI.mp4,exciting,0,DS2,match,01fa3d2087945109d5aa72ce6ee0fbd45567898d44e9bfa89736a9373a8979aa,DS2__hkBenoERptI,10.01,300,29.97,0,DS2__hkBenoERptI,0,300,10.01
DS2__wbi_yjDTJIo,/Users/rafiabhista/Documents/code/apple/c1_audio/emomv_2/aria/media/minhdanh/5e31d1e3-0187-4837-8530-60bbac61578f1/home/minhdanh/Documents/EmoMV/Dataset2/DS2_train_match/wbi_yjDTJIo.mp4,exciting,0,DS2,match,9749c355a1fb9492e5b63ca36927efae464f2e331dd4dddea2ea37448cfd0955,DS2__wbi_yjDTJIo,10.01,300,29.97,0,DS2__wbi_yjDTJIo,0,300,10.01
DS2__5dawje7LnjY,/Users/rafiabhista/Documents/code/apple/c1_audio/emomv_2/aria/media/minhdanh/5e31d1e3-0187-4837-8530-60bbac61578f1/home/minhdanh/Documents/EmoMV/Dataset2/DS2_train_match/5dawje7LnjY.mp4,exciting,0,DS2,match,5c9ffe1801bcc7af2061fe386815563a1c5b7cc9b5bc517a1502274e1ce9a1a2,DS2__5dawje7LnjY,10.01,300,29.97,0,DS2__5dawje7LnjY,0,300,10.01
DS2__s-U-JnL6TUI,/Users/rafiabhista/Documents/code/apple/c1_audio/emomv_2/aria/media/minhdanh/5e31d1e3-0187-4837-8530-60bbac61578f1/home/minhdanh/Documents/EmoMV/Dataset2/DS2_train_match/s-U-JnL6TUI.mp4,exciting,0,DS2,match,8377faec552bb5809d54ff04c9118085ce33c2dda74dd8bd39bc7039408e6d7b,DS2__s-U-JnL6TUI,10.01,240,23.976,0,DS2__s-U-JnL6TUI,0,240,10.01
DS2__0yWCgmuED6M,/Users/rafiabhista/Documents/code/apple/c1_audio/emomv_2/aria/media/minhdanh/5e31d1e3-0187-4837-8530-60bbac61578f1/home/minhdanh/Documents/EmoMV/Dataset2/DS2_train_match/0yWCgmuED6M.mp4,exciting,0,DS2,match,089b12a3518824a2fc17b39d26695b88d2d82866a5b66a1ff49dedf764e65fbf,DS2__0yWCgmuED6M,10.0279,300,29.9167,0,DS2__0yWCgmuED6M,0,300,10.0279
DS2__aMqAqAS4VXg,/Users/rafiabhista/Documents/code/apple/c1_audio/emomv_2/aria/media/minhdanh/5e31d1e3-0187-4837-8530-60bbac61578f1/home/minhdanh/Documents/EmoMV/Dataset2/DS2_train_match/aMqAqAS4VXg.mp4,exciting,0,DS2,match,4e74ba660f72be42effda35e9f9b34f4af64505dae1822a9bf49662611b2056f,DS2__aMqAqAS4VXg,10.01,300,29.97,0,DS2__aMqAqAS4VXg,0,300,10.01
DS2__I2Mul_wfuow,/Users/rafiabhista/Documents/code/apple/c1_audio/emomv_2/aria/media/minhdanh/5e31d1e3-0187-4837-8530-60bbac61578f1/home/minhdanh/Documents/EmoMV/Dataset2/DS2_train_match/I2Mul_wfuow.mp4,exciting,0,DS2,match,3f3aaaeaa82eeddaae84d1dfb31322f8ab144b07a41fab4f3adede145e529562,DS2__I2Mul_wfuow,10.0,180,18.0,0,DS2__I2Mul_wfuow,0,180,10.0
DS2__MbP_wrPJ1WQ,/Users/rafiabhista/Documents/code/apple/c1_audio/emomv_2/aria/media/minhdanh/5e31d1e3-0187-4837-8530-60bbac61578f1/home/minhdanh/Documents/EmoMV/Dataset2/DS2_train_match/MbP_wrPJ1WQ.mp4,exciting,0,DS2,match,c509ef31b045aef219226dde0b58c8ca9769f0cace4dd6353b80fe7ebcc48a59,DS2__MbP_wrPJ1WQ,10.01,300,29.97,0,DS2__MbP_wrPJ1WQ,0,300,10.01
DS2__-JhTvQgauL4,/Users/rafiabhista/Documents/code/apple/c1_audio/emomv_2/aria/media/minhdanh/5e31d1e3-0187-4837-8530-60bbac61578f1/home/minhdanh/Documents/EmoMV/Dataset2/DS2_train_match/-JhTvQgauL4.mp4,exciting,0,DS2,match,faa7239003badb46fac14e172b31a80b55b09498ea128e6f501673854575f0e9,DS2__-JhTvQgauL4,10.01,300,29.97,0,DS2__-JhTvQgauL4,0,300,10.01
DS2__Iz_eHQw37mY,/Users/rafiabhista/Documents/code/apple/c1_audio/emomv_2/aria/media/minhdanh/5e31d1e3-0187-4837-8530-60bbac61578f1/home/minhdanh/Documents/EmoMV/Dataset2/DS2_train_match/Iz_eHQw37mY.mp4,exciting,0,DS2,match,527f766386c5044e8f97d1eaf55ef03649e546f6a63a8c4a2f924407615a2142,DS2__Iz_eHQw37mY,10.01,300,29.97,0,DS2__Iz_eHQw37mY,0,300,10.01
DS2__u-6LgkVJnt4,/Users/rafiabhista/Documents/code/apple/c1_audio/emomv_2/aria/media/minhdanh/5e31d1e3-0187-4837-8530-60bbac61578f1/home/minhdanh/Documents/EmoMV/Dataset2/DS2_train_match/u-6LgkVJnt4.mp4,exciting,0,DS2,match,0b56935702555baee8fbbdfa70768be89524c7ca7407faceac03834b0931ee38,DS2__u-6LgkVJnt4,10.01,300,29.97,0,DS2__u-6LgkVJnt4,0,300,10.01
DS2__2R3fOkJGfvQ,/Users/rafiabhista/Documents/code/apple/c1_audio/emomv_2/aria/media/minhdanh/5e31d1e3-0187-4837-8530-60bbac61578f1/home/minhdanh/Documents/EmoMV/Dataset2/DS2_train_match/2R3fOkJGfvQ.mp4,exciting,0,DS2,match,085a728163c0fa8d983f9dcdb7c44fdf84caf3bf0d3169888c5bc998acd23e52,DS2__2R3fOkJGfvQ,10.0,250,25.0,0,DS2__2R3fOkJGfvQ,0,250,10.0
DS2__MXXa9zgh89c,/Users/rafiabhista/Documents/code/apple/c1_audio/emomv_2/aria/media/minhdanh/5e31d1e3-0187-4837-8530-60bbac61578f1/home/minhdanh/Documents/EmoMV/Dataset2/DS2_train_match/MXXa9zgh89c.mp4,exciting,0,DS2,match,7cdc64866ff2b8c4dbabd5270c3ed37fe53f13f0ba2662aad091b0cc87a0f792,DS2__MXXa9zgh89c,9.9333,149,15.0,0,DS2__MXXa9zgh89c,0,149,9.9333
DS2__-XOINU-l1_o,/Users/rafiabhista/Documents/code/apple/c1_audio/emomv_2/aria/media/minhdanh/5e31d1e3-0187-4837-8530-60bbac61578f1/home/minhdanh/Documents/EmoMV/Dataset2/DS2_train_match/-XOINU-l1_o.mp4,exciting,0,DS2,match,261ec5e4d6c4c8f88662b4d51d9225116c03ec46aa0c1bd5df20a5835be1d16c,DS2__-XOINU-l1_o,10.0,250,25.0,0,DS2__-XOINU-l1_o,0,250,10.0
DS2__gWezIvUoU64,/Users/rafiabhista/Documents/code/apple/c1_audio/emomv_2/aria/media/minhdanh/5e31d1e3-0187-4837-8530-60bbac61578f1/home/minhdanh/Documents/EmoMV/Dataset2/DS2_train_match/gWezIvUoU64.mp4,exciting,0,DS2,match,db969e70d75d29487b8ab08a6909a2d0a22708c4889b9fa992d2ad29e10c1276,DS2__gWezIvUoU64,10.01,300,29.97,0,DS2__gWezIvUoU64,0,300,10.01
DS2__0bb7zvK4qnM,/Users/rafiabhista/Documents/code/apple/c1_audio/emomv_2/aria/media/minhdanh/5e31d1e3-0187-4837-8530-60bbac61578f1/home/minhdanh/Documents/EmoMV/Dataset2/DS2_train_match/0bb7zvK4qnM.mp4,exciting,0,DS2,match,3ccc6c58da5d65f46ca59fa3108f7070fa0263c9ffb0f9e2caf6328c8e413b63,DS2__0bb7zvK4qnM,10.0,250,25.0,0,DS2__0bb7zvK4qnM,0,250,10.0
DS2__0a9VVw7mEz0,/Users/rafiabhista/Documents/code/apple/c1_audio/emomv_2/aria/media/minhdanh/5e31d1e3-0187-4837-8530-60bbac61578f1/home/minhdanh/Documents/EmoMV/Dataset2/DS2_train_match/0a9VVw7mEz0.mp4,exciting,0,DS2,match,2bf6020a22dac52bfcda63cfe0384341a9939a3b7a3d03ea01b0369253bdba06,DS2__0a9VVw7mEz0,10.01,300,29.97,0,DS2__0a9VVw7mEz0,0,300,10.01
DS2__oSoP9Is0UH4,/Users/rafiabhista/Documents/code/apple/c1_audio/emomv_2/aria/media/minhdanh/5e31d1e3-0187-4837-8530-60bbac61578f1/home/minhdanh/Documents/EmoMV/Dataset2/DS2_train_match/oSoP9Is0UH4.mp4,exciting,0,DS2,match,74aa31599dad9cbbb35067ed3c1c4908a3a2269db273d26e43b10397042acb0d,DS2__oSoP9Is0UH4,10.0,250,25.0,0,DS2__oSoP9Is0UH4,0,250,10.0
DS2__21AAVL6RYyM,/Users/rafiabhista/Documents/code/apple/c1_audio/emomv_2/aria/media/minhdanh/5e31d1e3-0187-4837-8530-60bbac61578f1/home/minhdanh/Documents/EmoMV/Dataset2/DS2_train_match/21AAVL6RYyM.mp4,exciting,0,DS2,match,1e5051f059c369724991a1f484130c93d6aabb90dfdb4b18f0a67258ab766ed0,DS2__21AAVL6RYyM,10.01,240,23.976,0,DS2__21AAVL6RYyM,0,240,10.01
DS2__0WVBYp7hmmg,/Users/rafiabhista/Documents/code/apple/c1_audio/emomv_2/aria/media/minhdanh/5e31d1e3-0187-4837-8530-60bbac61578f1/home/minhdanh/Documents/EmoMV/Dataset2/DS2_train_match/0WVBYp7hmmg.mp4,exciting,0,DS2,match,889003219d587bae36221944ab4e1cc808677bfd533bdf51a7fe42006d1e2c44,DS2__0WVBYp7hmmg,10.0,250,25.0,0,DS2__0WVBYp7hmmg,0,250,10.0
DS2__NVrdAqrW2XE,/Users/rafiabhista/Documents/code/apple/c1_audio/emomv_2/aria/media/minhdanh/5e31d1e3-0187-4837-8530-60bbac61578f1/home/minhdanh/Documents/EmoMV/Dataset2/DS2_train_match/NVrdAqrW2XE.mp4,exciting,0,DS2,match,433f2ad76ae1e79bcec21424c9d00cb34d33334640513b0b2dfe58cc6ed6d682,DS2__NVrdAqrW2XE,10.01,300,29.97,0,DS2__NVrdAqrW2XE,0,300,10.01
DS2__wQHDyYTorAU,/Users/rafiabhista/Documents/code/apple/c1_audio/emomv_2/aria/media/minhdanh/5e31d1e3-0187-4837-8530-60bbac61578f1/home/minhdanh/Documents/EmoMV/Dataset2/DS2_train_match/wQHDyYTorAU.mp4,exciting,0,DS2,match,937dcf07dc390ceb52084db237fd9b585c6f18febb802f8373ac5083dfeb6fe4,DS2__wQHDyYTorAU,10.0227,300,29.932,0,DS2__wQHDyYTorAU,0,300,10.0227
DS2__lJA97o7eT1Y,/Users/rafiabhista/Documents/code/apple/c1_audio/emomv_2/aria/media/minhdanh/5e31d1e3-0187-4837-8530-60bbac61578f1/home/minhdanh/Documents/EmoMV/Dataset2/DS2_train_match/lJA97o7eT1Y.mp4,exciting,0,DS2,match,f27cbb101d56ba0888a20f9000a10fe7078591da84fe9396c0d3793ff0e96d5e,DS2__lJA97o7eT1Y,10.0,250,25.0,0,DS2__lJA97o7eT1Y,0,250,10.0
DS2__0AGqAT1z7sQ,/Users/rafiabhista/Documents/code/apple/c1_audio/emomv_2/aria/media/minhdanh/5e31d1e3-0187-4837-8530-60bbac61578f1/home/minhdanh/Documents/EmoMV/Dataset2/DS2_train_match/0AGqAT1z7sQ.mp4,exciting,0,DS2,match,2eff4c68f49e84375989605007fbd6aacfcc719bf6314c356cae7b585fa274bd,DS2__0AGqAT1z7sQ,10.01,300,29.97,0,DS2__0AGqAT1z7sQ,0,300,10.01
DS2__hxtieE9UO_s,/Users/rafiabhista/Documents/code/apple/c1_audio/emomv_2/aria/media/minhdanh/5e31d1e3-0187-4837-8530-60bbac61578f1/home/minhdanh/Documents/EmoMV/Dataset2/DS2_train_match/hxtieE9UO_s.mp4,exciting,0,DS2,match,56dae16c49432f92a2c966de4b13d9036fe6c39f6c3fba5aec03b7b21a99bcc0,DS2__hxtieE9UO_s,9.7333,146,15.0,0,DS2__hxtieE9UO_s,0,146,9.7333
DS2__tJ5rEbRsT14,/Users/rafiabhista/Documents/code/apple/c1_audio/emomv_2/aria/media/minhdanh/5e31d1e3-0187-4837-8530-60bbac61578f1/home/minhdanh/Documents/EmoMV/Dataset2/DS2_train_match/tJ5rEbRsT14.mp4,exciting,0,DS2,match,d3eaac7152117ece1a94f15be5c9d1b71a7c0ae92cb9f529e390e25b06569129,DS2__tJ5rEbRsT14,10.01,300,29.97,0,DS2__tJ5rEbRsT14,0,300,10.01
DS2__1FT03eq18-k,/Users/rafiabhista/Documents/code/apple/c1_audio/emomv_2/aria/media/minhdanh/5e31d1e3-0187-4837-8530-60bbac61578f1/home/minhdanh/Documents/EmoMV/Dataset2/DS2_train_match/1FT03eq18-k.mp4,exciting,0,DS2,match,09f5fbedf925646047431bbf7dc5e21ecd9b68ee270ab53e8b1139d453eddb58,DS2__1FT03eq18-k,10.01,240,23.976,0,DS2__1FT03eq18-k,0,240,10.01
DS2__92uaPV1KDv4,/Users/rafiabhista/Documents/code/apple/c1_audio/emomv_2/aria/media/minhdanh/5e31d1e3-0187-4837-8530-60bbac61578f1/home/minhdanh/Documents/EmoMV/Dataset2/DS2_train_match/92uaPV1KDv4.mp4,exciting,0,DS2,match,d5fb151838f127b1c9790927fc64ba66e27d25cf22e75d59d805b5c5cdff0db1,DS2__92uaPV1KDv4,10.0,300,30.0,0,DS2__92uaPV1KDv4,0,300,10.0
DS2__ap1NTPHD_O8,/Users/rafiabhista/Documents/code/apple/c1_audio/emomv_2/aria/media/minhdanh/5e31d1e3-0187-4837-8530-60bbac61578f1/home/minhdanh/Documents/EmoMV/Dataset2/DS2_train_match/ap1NTPHD_O8.mp4,exciting,0,DS2,match,570671808d244023ae72fc0860d9e6ece4b9606a094619d8e3e71976425f524f,DS2__ap1NTPHD_O8,10.0,250,25.0,0,DS2__ap1NTPHD_O8,0,250,10.0
DS2__6iS9NkRaRcc,/Users/rafiabhista/Documents/code/apple/c1_audio/emomv_2/aria/media/minhdanh/5e31d1e3-0187-4837-8530-60bbac61578f1/home/minhdanh/Documents/EmoMV/Dataset2/DS2_train_match/6iS9NkRaRcc.mp4,exciting,0,DS2,match,99101d6e9d101d035b920099bdaabcc5b01666df0f44df2af0fe9081b5bd3721,DS2__6iS9NkRaRcc,10.0,300,30.0,0,DS2__6iS9NkRaRcc,0,300,10.0
DS2__VSAbMy1Rlio,/Users/rafiabhista/Documents/code/apple/c1_audio/emomv_2/aria/media/minhdanh/5e31d1e3-0187-4837-8530-60bbac61578f1/home/minhdanh/Documents/EmoMV/Dataset2/DS2_train_match/VSAbMy1Rlio.mp4,exciting,0,DS2,match,a4324ef8cd80f0d5c9b1f32a564ea4b0ad58a5995a18e1d4e72a3ed645d1670f,DS2__VSAbMy1Rlio,10.0,250,25.0,0,DS2__VSAbMy1Rlio,0,250,10.0
DS2__T79zSkUGfxo,/Users/rafiabhista/Documents/code/apple/c1_audio/emomv_2/aria/media/minhdanh/5e31d1e3-0187-4837-8530-60bbac61578f1/home/minhdanh/Documents/EmoMV/Dataset2/DS2_train_match/T79zSkUGfxo.mp4,exciting,0,DS2,match,6f041d5a5f6f50c20ae90f91f6a78123f71810601590eaa96194e3d54eebfc8c,DS2__T79zSkUGfxo,10.0,300,30.0,0,DS2__T79zSkUGfxo,0,300,10.0
DS2__GUkZkPDkGXU,/Users/rafiabhista/Documents/code/apple/c1_audio/emomv_2/aria/media/minhdanh/5e31d1e3-0187-4837-8530-60bbac61578f1/home/minhdanh/Documents/EmoMV/Dataset2/DS2_train_match/GUkZkPDkGXU.mp4,exciting,0,DS2,match,e39ce54cc5e8e04df863bc21162d128e9d754ba16a287dad36c5cb496a9fa610,DS2__GUkZkPDkGXU,10.01,300,29.97,0,DS2__GUkZkPDkGXU,0,300,10.01
DS2__0xLZzasWcFA,/Users/rafiabhista/Documents/code/apple/c1_audio/emomv_2/aria/media/minhdanh/5e31d1e3-0187-4837-8530-60bbac61578f1/home/minhdanh/Documents/EmoMV/Dataset2/DS2_train_match/0xLZzasWcFA.mp4,exciting,0,DS2,match,52846e2de56efffcbcfe52f52271f881fbc821199fe34158c78d53568da1c6ea,DS2__0xLZzasWcFA,9.5095,285,29.97,0,DS2__0xLZzasWcFA,0,285,9.5095
DS2__pARuJISpbc0,/Users/rafiabhista/Documents/code/apple/c1_audio/emomv_2/aria/media/minhdanh/5e31d1e3-0187-4837-8530-60bbac61578f1/home/minhdanh/Documents/EmoMV/Dataset2/DS2_train_match/pARuJISpbc0.mp4,exciting,0,DS2,match,2744290e8f0d60f3dd4934152334ba567a1f15c427b533167e57e27782069266,DS2__pARuJISpbc0,10.0032,250,24.992,0,DS2__pARuJISpbc0,0,250,10.0032
DS2__1oHyKBC_C2U,/Users/rafiabhista/Documents/code/apple/c1_audio/emomv_2/aria/media/minhdanh/5e31d1e3-0187-4837-8530-60bbac61578f1/home/minhdanh/Documents/EmoMV/Dataset2/DS2_train_match/1oHyKBC_C2U.mp4,exciting,0,DS2,match,0901fdab29cbc86502fcb668e0ba2792da8ab4dc7c0a4164fd08fba648b0bae3,DS2__1oHyKBC_C2U,10.0,250,25.0,0,DS2__1oHyKBC_C2U,0,250,10.0
DS2__0ikRfEtSG3s,/Users/rafiabhista/Documents/code/apple/c1_audio/emomv_2/aria/media/minhdanh/5e31d1e3-0187-4837-8530-60bbac61578f1/home/minhdanh/Documents/EmoMV/Dataset2/DS2_train_match/0ikRfEtSG3s.mp4,exciting,0,DS2,match,e732780f42d705baf90c3091d07712ca2e611a000d91da10b3fcb0f464368644,DS2__0ikRfEtSG3s,10.01,300,29.97,0,DS2__0ikRfEtSG3s,0,300,10.01
DS2__i14HN6zn3hU,/Users/rafiabhista/Documents/code/apple/c1_audio/emomv_2/aria/media/minhdanh/5e31d1e3-0187-4837-8530-60bbac61578f1/home/minhdanh/Documents/EmoMV/Dataset2/DS2_train_match/i14HN6zn3hU.mp4,exciting,0,DS2,match,97c819f03fdf8315128bd43786777919d3f4172b4710959150ed542cb123a8ac,DS2__i14HN6zn3hU,10.01,240,23.976,0,DS2__i14HN6zn3hU,0,240,10.01
DS2__9zSysbi_M3c,/Users/rafiabhista/Documents/code/apple/c1_audio/emomv_2/aria/media/minhdanh/5e31d1e3-0187-4837-8530-60bbac61578f1/home/minhdanh/Documents/EmoMV/Dataset2/DS2_train_match/9zSysbi_M3c.mp4,exciting,0,DS2,match,4fb8b45cfc75458607cbc545f0da01eb8daaee57b9c9d97629f2bbcbe22f9eae,DS2__9zSysbi_M3c,10.0,300,30.0,0,DS2__9zSysbi_M3c,0,300,10.0
DS2__0dCfWPKzx8o,/Users/rafiabhista/Documents/code/apple/c1_audio/emomv_2/aria/media/minhdanh/5e31d1e3-0187-4837-8530-60bbac61578f1/home/minhdanh/Documents/EmoMV/Dataset2/DS2_train_match/0dCfWPKzx8o.mp4,exciting,0,DS2,match,fbcfeb30fcc488151c685e2e10516176d7290f1f1cfd2395a572f6075783af9a,DS2__0dCfWPKzx8o,10.0,250,25.0,0,DS2__0dCfWPKzx8o,0,250,10.0
DS2__D0RnkzC5lJ0,/Users/rafiabhista/Documents/code/apple/c1_audio/emomv_2/aria/media/minhdanh/5e31d1e3-0187-4837-8530-60bbac61578f1/home/minhdanh/Documents/EmoMV/Dataset2/DS2_train_match/D0RnkzC5lJ0.mp4,exciting,0,DS2,match,92e2cc8da1161a13925bca3b8523b0ae2d407e0fb081551466307568a0b75741,DS2__D0RnkzC5lJ0,10.0,250,25.0,0,DS2__D0RnkzC5lJ0,0,250,10.0
DS2__M42Vj1nkIcw,/Users/rafiabhista/Documents/code/apple/c1_audio/emomv_2/aria/media/minhdanh/5e31d1e3-0187-4837-8530-60bbac61578f1/home/minhdanh/Documents/EmoMV/Dataset2/DS2_train_match/M42Vj1nkIcw.mp4,exciting,0,DS2,match,7ba3efac36f361da7292742b93b6222caaadf644dabdfaba1b5dd6dc58aab593,DS2__M42Vj1nkIcw,10.01,300,29.97,0,DS2__M42Vj1nkIcw,0,300,10.01
DS2__61BVkHzgDcI,/Users/rafiabhista/Documents/code/apple/c1_audio/emomv_2/aria/media/minhdanh/5e31d1e3-0187-4837-8530-60bbac61578f1/home/minhdanh/Documents/EmoMV/Dataset2/DS2_train_match/61BVkHzgDcI.mp4,exciting,0,DS2,match,99e7dd6b46a6e105359649339fd623a9ee23753d9b67dd7e19f5143c8f041069,DS2__61BVkHzgDcI,10.01,300,29.97,0,DS2__61BVkHzgDcI,0,300,10.01
DS2__lFvclBS73Xg,/Users/rafiabhista/Documents/code/apple/c1_audio/emomv_2/aria/media/minhdanh/5e31d1e3-0187-4837-8530-60bbac61578f1/home/minhdanh/Documents/EmoMV/Dataset2/DS2_train_match/lFvclBS73Xg.mp4,exciting,0,DS2,match,340fc7bc98cbb8ee4595c196bdb384253b93abfc8859f93b8ce1f8e187e4fc91,DS2__lFvclBS73Xg,10.0,250,25.0,0,DS2__lFvclBS73Xg,0,250,10.0
DS2__-4G_29Yl7P4,/Users/rafiabhista/Documents/code/apple/c1_audio/emomv_2/aria/media/minhdanh/5e31d1e3-0187-4837-8530-60bbac61578f1/home/minhdanh/Documents/EmoMV/Dataset2/DS2_train_match/-4G_29Yl7P4.mp4,exciting,0,DS2,match,645721cc075f6283bcb79424b47db06f43a55d2f50467fab9a4bc095837403df,DS2__-4G_29Yl7P4,10.0,240,24.0,0,DS2__-4G_29Yl7P4,0,240,10.0
DS2__abQF6cZVoW8,/Users/rafiabhista/Documents/code/apple/c1_audio/emomv_2/aria/media/minhdanh/5e31d1e3-0187-4837-8530-60bbac61578f1/home/minhdanh/Documents/EmoMV/Dataset2/DS2_train_match/abQF6cZVoW8.mp4,exciting,0,DS2,match,83e7e484f18e78c95afc257ae4565bca6074fa893a05db5e5f056ac7dc70c7ee,DS2__abQF6cZVoW8,10.01,300,29.97,0,DS2__abQF6cZVoW8,0,300,10.01
DS2__6ZbRZ0cEUR8,/Users/rafiabhista/Documents/code/apple/c1_audio/emomv_2/aria/media/minhdanh/5e31d1e3-0187-4837-8530-60bbac61578f1/home/minhdanh/Documents/EmoMV/Dataset2/DS2_train_match/6ZbRZ0cEUR8.mp4,exciting,0,DS2,match,ddd750c73f06e9fe7d1a058c7e4fab6eadb2b1ae4b89dc5f316fd4e14229a81b,DS2__6ZbRZ0cEUR8,10.0,250,25.0,0,DS2__6ZbRZ0cEUR8,0,250,10.0
DS2__0PFQRzYtZ70,/Users/rafiabhista/Documents/code/apple/c1_audio/emomv_2/aria/media/minhdanh/5e31d1e3-0187-4837-8530-60bbac61578f1/home/minhdanh/Documents/EmoMV/Dataset2/DS2_train_match/0PFQRzYtZ70.mp4,exciting,0,DS2,match,f342fb92bd98975ea0000c30ea11f46bf82f14ec944f111bf75a1e729210f5fa,DS2__0PFQRzYtZ70,10.0,300,30.0,0,DS2__0PFQRzYtZ70,0,300,10.0
DS2__mZtSrYNXTd8,/Users/rafiabhista/Documents/code/apple/c1_audio/emomv_2/aria/media/minhdanh/5e31d1e3-0187-4837-8530-60bbac61578f1/home/minhdanh/Documents/EmoMV/Dataset2/DS2_train_match/mZtSrYNXTd8.mp4,fear,1,DS2,match,371e12c337cf0e60a0744a9235be4d955da401a6d8016ecfc6f612165aa6d94b,DS2__mZtSrYNXTd8,10.01,240,23.976,0,DS2__mZtSrYNXTd8,0,240,10.01
DS2__m1XdpDlKJCQ,/Users/rafiabhista/Documents/code/apple/c1_audio/emomv_2/aria/media/minhdanh/5e31d1e3-0187-4837-8530-60bbac61578f1/home/minhdanh/Documents/EmoMV/Dataset2/DS2_train_match/m1XdpDlKJCQ.mp4,fear,1,DS2,match,ce8bb00150cc6633961f484fe7899cd68c275ead38e591285beaa7a1985c82bf,DS2__m1XdpDlKJCQ,10.0,300,30.0,0,DS2__m1XdpDlKJCQ,0,300,10.0
DS2__B8U7sK5BGpU,/Users/rafiabhista/Documents/code/apple/c1_audio/emomv_2/aria/media/minhdanh/5e31d1e3-0187-4837-8530-60bbac61578f1/home/minhdanh/Documents/EmoMV/Dataset2/DS2_train_match/B8U7sK5BGpU.mp4,fear,1,DS2,match,a506af558dc2ca2446e38f2c7944160d0b3f1cc0a6297040a1f63a29b4d89625,DS2__B8U7sK5BGpU,10.0,250,25.0,0,DS2__B8U7sK5BGpU,0,250,10.0
DS2__LpqOULl-jqI,/Users/rafiabhista/Documents/code/apple/c1_audio/emomv_2/aria/media/minhdanh/5e31d1e3-0187-4837-8530-60bbac61578f1/home/minhdanh/Documents/EmoMV/Dataset2/DS2_train_match/LpqOULl-jqI.mp4,fear,1,DS2,match,bad9e9eb85d54a58f612197a423b019d6b4dbb6a77f052cc58c4e5208283134f,DS2__LpqOULl-jqI,10.01,300,29.97,0,DS2__LpqOULl-jqI,0,300,10.01
DS2__FzG8ZQAhKrE,/Users/rafiabhista/Documents/code/apple/c1_audio/emomv_2/aria/media/minhdanh/5e31d1e3-0187-4837-8530-60bbac61578f1/home/minhdanh/Documents/EmoMV/Dataset2/DS2_train_match/FzG8ZQAhKrE.mp4,fear,1,DS2,match,1ee247409ec1445a3ab0395c3fedfb9e2e9e2ee7d5b127dc6f39b8b489fa7358,DS2__FzG8ZQAhKrE,10.01,300,29.97,0,DS2__FzG8ZQAhKrE,0,300,10.01
DS2__hXP6PG5KJWs,/Users/rafiabhista/Documents/code/apple/c1_audio/emomv_2/aria/media/minhdanh/5e31d1e3-0187-4837-8530-60bbac61578f1/home/minhdanh/Documents/EmoMV/Dataset2/DS2_train_match/hXP6PG5KJWs.mp4,fear,1,DS2,match,6ff98ceacd7c80c832ed9929ceac223a007c0e8e4de32d8503ff303bb9ec00ab,DS2__hXP6PG5KJWs,10.0,240,24.0,0,DS2__hXP6PG5KJWs,0,240,10.0
DS2__ypn4EQzWt-U,/Users/rafiabhista/Documents/code/apple/c1_audio/emomv_2/aria/media/minhdanh/5e31d1e3-0187-4837-8530-60bbac61578f1/home/minhdanh/Documents/EmoMV/Dataset2/DS2_train_match/ypn4EQzWt-U.mp4,fear,1,DS2,match,4148b70be502ad1e8f28328363417031f51689dbbbf737fba9abf546f2fd0fe0,DS2__ypn4EQzWt-U,10.0007,150,14.999,0,DS2__ypn4EQzWt-U,0,150,10.0007
DS2__kU1Y2eSDNuI,/Users/rafiabhista/Documents/code/apple/c1_audio/emomv_2/aria/media/minhdanh/5e31d1e3-0187-4837-8530-60bbac61578f1/home/minhdanh/Documents/EmoMV/Dataset2/DS2_train_match/kU1Y2eSDNuI.mp4,fear,1,DS2,match,bbe2f432bfa9666f28ced8be194014e7ae62e7ea25f54da37ea209d6526c24bc,DS2__kU1Y2eSDNuI,10.0,300,30.0,0,DS2__kU1Y2eSDNuI,0,300,10.0
DS2__MfKSVJIcDK0,/Users/rafiabhista/Documents/code/apple/c1_audio/emomv_2/aria/media/minhdanh/5e31d1e3-0187-4837-8530-60bbac61578f1/home/minhdanh/Documents/EmoMV/Dataset2/DS2_train_match/MfKSVJIcDK0.mp4,fear,1,DS2,match,95555cd9618cdb28cce2a52c72178d2d269e9d9d37935a2aac30aec762280aee,DS2__MfKSVJIcDK0,10.01,300,29.97,0,DS2__MfKSVJIcDK0,0,300,10.01
DS2__7R_5a8zvLRw,/Users/rafiabhista/Documents/code/apple/c1_audio/emomv_2/aria/media/minhdanh/5e31d1e3-0187-4837-8530-60bbac61578f1/home/minhdanh/Documents/EmoMV/Dataset2/DS2_train_match/7R_5a8zvLRw.mp4,fear,1,DS2,match,96b44e408c2ed1f3e39bcd0db2d66b0de4850a45680bc7253427dca9472a7fe7,DS2__7R_5a8zvLRw,10.01,300,29.97,0,DS2__7R_5a8zvLRw,0,300,10.01
DS2__C7OIuhWSbjU,/Users/rafiabhista/Documents/code/apple/c1_audio/emomv_2/aria/media/minhdanh/5e31d1e3-0187-4837-8530-60bbac61578f1/home/minhdanh/Documents/EmoMV/Dataset2/DS2_train_match/C7OIuhWSbjU.mp4,fear,1,DS2,match,07560a782944d42559ab46978af40ef3c68b49d5202a3c34958ddbcca9ba9934,DS2__C7OIuhWSbjU,10.0174,248,24.757,0,DS2__C7OIuhWSbjU,0,248,10.0174
DS2__hj7VJnNq6A4,/Users/rafiabhista/Documents/code/apple/c1_audio/emomv_2/aria/media/minhdanh/5e31d1e3-0187-4837-8530-60bbac61578f1/home/minhdanh/Documents/EmoMV/Dataset2/DS2_train_match/hj7VJnNq6A4.mp4,fear,1,DS2,match,15e8bcafd47e38554f518326973a46a2730758ab6d0ff2175d66d17f9962de10,DS2__hj7VJnNq6A4,10.0,250,25.0,0,DS2__hj7VJnNq6A4,0,250,10.0
DS2__VN-s-32q9yE,/Users/rafiabhista/Documents/code/apple/c1_audio/emomv_2/aria/media/minhdanh/5e31d1e3-0187-4837-8530-60bbac61578f1/home/minhdanh/Documents/EmoMV/Dataset2/DS2_train_match/VN-s-32q9yE.mp4,fear,1,DS2,match,0e93cc11f6046de31884308c9a40fe89657ed6d88f96712c916825027376a1e8,DS2__VN-s-32q9yE,10.01,300,29.97,0,DS2__VN-s-32q9yE,0,300,10.01
DS2__LOuxJmtsC_Y,/Users/rafiabhista/Documents/code/apple/c1_audio/emomv_2/aria/media/minhdanh/5e31d1e3-0187-4837-8530-60bbac61578f1/home/minhdanh/Documents/EmoMV/Dataset2/DS2_train_match/LOuxJmtsC_Y.mp4,tense,2,DS2,match,40a327a9399af7e7f21e3dc9af6cf6a921dc421882f913402123465bc37fac9e,DS2__LOuxJmtsC_Y,10.0,250,25.0,0,DS2__LOuxJmtsC_Y,0,250,10.0
DS2__BRNIRn1Our4,/Users/rafiabhista/Documents/code/apple/c1_audio/emomv_2/aria/media/minhdanh/5e31d1e3-0187-4837-8530-60bbac61578f1/home/minhdanh/Documents/EmoMV/Dataset2/DS2_train_match/BRNIRn1Our4.mp4,tense,2,DS2,match,14358b0332a55d7cf020991c77c3d4d53b11ce831c1c4350590df52cf74e9d92,DS2__BRNIRn1Our4,9.64,241,25.0,0,DS2__BRNIRn1Our4,0,241,9.64
DS2__MdsRmMxkF4k,/Users/rafiabhista/Documents/code/apple/c1_audio/emomv_2/aria/media/minhdanh/5e31d1e3-0187-4837-8530-60bbac61578f1/home/minhdanh/Documents/EmoMV/Dataset2/DS2_train_match/MdsRmMxkF4k.mp4,tense,2,DS2,match,5d05b5b6a2e518c1ee4bf7d527079deabb401e09f2e7e2e5ce2c5477009e9e83,DS2__MdsRmMxkF4k,10.01,300,29.97,0,DS2__MdsRmMxkF4k,0,300,10.01
DS2__5_Z7Bb5U2PI,/Users/rafiabhista/Documents/code/apple/c1_audio/emomv_2/aria/media/minhdanh/5e31d1e3-0187-4837-8530-60bbac61578f1/home/minhdanh/Documents/EmoMV/Dataset2/DS2_train_match/5_Z7Bb5U2PI.mp4,tense,2,DS2,match,356d91326ddd977d2aa0f47147131530663e797b0ab3a3907009e7b17f815755,DS2__5_Z7Bb5U2PI,10.01,240,23.976,0,DS2__5_Z7Bb5U2PI,0,240,10.01
DS2__-qiNM9bOBhY,/Users/rafiabhista/Documents/code/apple/c1_audio/emomv_2/aria/media/minhdanh/5e31d1e3-0187-4837-8530-60bbac61578f1/home/minhdanh/Documents/EmoMV/Dataset2/DS2_train_match/-qiNM9bOBhY.mp4,tense,2,DS2,match,d1cb7d0714f3a03dda494b6dc0267636e0b1b467ae03e71fe8d8274f01976b35,DS2__-qiNM9bOBhY,9.9433,298,29.97,0,DS2__-qiNM9bOBhY,0,298,9.9433
DS2__y48Vasg7HDo,/Users/rafiabhista/Documents/code/apple/c1_audio/emomv_2/aria/media/minhdanh/5e31d1e3-0187-4837-8530-60bbac61578f1/home/minhdanh/Documents/EmoMV/Dataset2/DS2_train_match/y48Vasg7HDo.mp4,tense,2,DS2,match,2efd93064fe8ca5c591dbe29934e4c606df65522439ccbf525dd56efa7a0c6f8,DS2__y48Vasg7HDo,10.01,300,29.97,0,DS2__y48Vasg7HDo,0,300,10.01
DS2__uoBVev0mKvE,/Users/rafiabhista/Documents/code/apple/c1_audio/emomv_2/aria/media/minhdanh/5e31d1e3-0187-4837-8530-60bbac61578f1/home/minhdanh/Documents/EmoMV/Dataset2/DS2_train_match/uoBVev0mKvE.mp4,tense,2,DS2,match,10f25d866dcc40e9a605c3374ecada1b07c24ef21ac775cdb3330a5b467b2269,DS2__uoBVev0mKvE,10.0,300,30.0,0,DS2__uoBVev0mKvE,0,300,10.0
DS2__kJieyUS30y4,/Users/rafiabhista/Documents/code/apple/c1_audio/emomv_2/aria/media/minhdanh/5e31d1e3-0187-4837-8530-60bbac61578f1/home/minhdanh/Documents/EmoMV/Dataset2/DS2_train_match/kJieyUS30y4.mp4,tense,2,DS2,match,b144b42859df99c6b0b3d7950afdaf28876491e30fe55e9ce38d08f504f05669,DS2__kJieyUS30y4,10.01,300,29.97,0,DS2__kJieyUS30y4,0,300,10.01
DS2__3d5s8XmgRoM,/Users/rafiabhista/Documents/code/apple/c1_audio/emomv_2/aria/media/minhdanh/5e31d1e3-0187-4837-8530-60bbac61578f1/home/minhdanh/Documents/EmoMV/Dataset2/DS2_train_match/3d5s8XmgRoM.mp4,tense,2,DS2,match,965035255aba52cb1fc855b78a736c1e13e2b1b5362412b8798364484beced71,DS2__3d5s8XmgRoM,10.01,300,29.97,0,DS2__3d5s8XmgRoM,0,300,10.01
DS2__BT4env-Tw2o,/Users/rafiabhista/Documents/code/apple/c1_audio/emomv_2/aria/media/minhdanh/5e31d1e3-0187-4837-8530-60bbac61578f1/home/minhdanh/Documents/EmoMV/Dataset2/DS2_train_match/BT4env-Tw2o.mp4,tense,2,DS2,match,65402f03dee3edbf075a3783ac52fea5bd750138a87b75d1237cd24cdae5fa9b,DS2__BT4env-Tw2o,10.01,240,23.976,0,DS2__BT4env-Tw2o,0,240,10.01
DS2__7gi1Gsgj2QE,/Users/rafiabhista/Documents/code/apple/c1_audio/emomv_2/aria/media/minhdanh/5e31d1e3-0187-4837-8530-60bbac61578f1/home/minhdanh/Documents/EmoMV/Dataset2/DS2_train_match/7gi1Gsgj2QE.mp4,tense,2,DS2,match,2e3af9dd6419d0d2a7327a4e39b916004a50b81816fd4c9cd2f0892c5dd58e16,DS2__7gi1Gsgj2QE,10.01,300,29.97,0,DS2__7gi1Gsgj2QE,0,300,10.01
DS2__BpYRH3lQv9E,/Users/rafiabhista/Documents/code/apple/c1_audio/emomv_2/aria/media/minhdanh/5e31d1e3-0187-4837-8530-60bbac61578f1/home/minhdanh/Documents/EmoMV/Dataset2/DS2_train_match/BpYRH3lQv9E.mp4,tense,2,DS2,match,d1fb49c134d0dab7e2137b611d9ef3bdc333fe7c44529767ba805dce154cdb43,DS2__BpYRH3lQv9E,10.0,250,25.0,0,DS2__BpYRH3lQv9E,0,250,10.0
DS2__DX7QMBONX8M,/Users/rafiabhista/Documents/code/apple/c1_audio/emomv_2/aria/media/minhdanh/5e31d1e3-0187-4837-8530-60bbac61578f1/home/minhdanh/Documents/EmoMV/Dataset2/DS2_train_match/DX7QMBONX8M.mp4,tense,2,DS2,match,6d7a650107d262064b4982f05cc7ec51b1217e33f524c95b5652e571557f6393,DS2__DX7QMBONX8M,10.01,300,29.97,0,DS2__DX7QMBONX8M,0,300,10.01
DS2__Le4aGNS8e0c,/Users/rafiabhista/Documents/code/apple/c1_audio/emomv_2/aria/media/minhdanh/5e31d1e3-0187-4837-8530-60bbac61578f1/home/minhdanh/Documents/EmoMV/Dataset2/DS2_train_match/Le4aGNS8e0c.mp4,tense,2,DS2,match,b3555f3e778baa4d912ac2c4970492a7844610468af12622a78af573a1f8a1d1,DS2__Le4aGNS8e0c,10.0,250,25.0,0,DS2__Le4aGNS8e0c,0,250,10.0
DS2__RFUsxEZuq0k,/Users/rafiabhista/Documents/code/apple/c1_audio/emomv_2/aria/media/minhdanh/5e31d1e3-0187-4837-8530-60bbac61578f1/home/minhdanh/Documents/EmoMV/Dataset2/DS2_train_match/RFUsxEZuq0k.mp4,tense,2,DS2,match,f43bce05bc43362738daf1a0749ff8f9fc60d4f7c73500417401171b759a126a,DS2__RFUsxEZuq0k,10.0,250,25.0,0,DS2__RFUsxEZuq0k,0,250,10.0
DS2__d6nJpw11cWw,/Users/rafiabhista/Documents/code/apple/c1_audio/emomv_2/aria/media/minhdanh/5e31d1e3-0187-4837-8530-60bbac61578f1/home/minhdanh/Documents/EmoMV/Dataset2/DS2_train_match/d6nJpw11cWw.mp4,tense,2,DS2,match,9c2f10c43e5b665befff15ecc8ab81d4eaa7dadef3f26526585b966514bde1f2,DS2__d6nJpw11cWw,10.0,250,25.0,0,DS2__d6nJpw11cWw,0,250,10.0
DS2__q96HnRg8qsc,/Users/rafiabhista/Documents/code/apple/c1_audio/emomv_2/aria/media/minhdanh/5e31d1e3-0187-4837-8530-60bbac61578f1/home/minhdanh/Documents/EmoMV/Dataset2/DS2_train_match/q96HnRg8qsc.mp4,tense,2,DS2,match,964451efe181b59a39e334630c514bb09bfdbf7889b8fc561cc56acd6f9f9397,DS2__q96HnRg8qsc,10.01,240,23.976,0,DS2__q96HnRg8qsc,0,240,10.01
DS2__7QdcrqCJ-fA,/Users/rafiabhista/Documents/code/apple/c1_audio/emomv_2/aria/media/minhdanh/5e31d1e3-0187-4837-8530-60bbac61578f1/home/minhdanh/Documents/EmoMV/Dataset2/DS2_train_match/7QdcrqCJ-fA.mp4,tense,2,DS2,match,9bbe5e45e5f1141d139f9502459658cfaf841e25661d9e1bfb1aedd4d742a23a,DS2__7QdcrqCJ-fA,10.01,300,29.97,0,DS2__7QdcrqCJ-fA,0,300,10.01
DS2__gWaha2ka7AQ,/Users/rafiabhista/Documents/code/apple/c1_audio/emomv_2/aria/media/minhdanh/5e31d1e3-0187-4837-8530-60bbac61578f1/home/minhdanh/Documents/EmoMV/Dataset2/DS2_train_match/gWaha2ka7AQ.mp4,tense,2,DS2,match,63d6ea9a56b0b6cca2a34239393f7a9a3db67b81147fa76747b38fca7e5be998,DS2__gWaha2ka7AQ,10.01,240,23.976,0,DS2__gWaha2ka7AQ,0,240,10.01
DS2__3K3SiEB0J1o,/Users/rafiabhista/Documents/code/apple/c1_audio/emomv_2/aria/media/minhdanh/5e31d1e3-0187-4837-8530-60bbac61578f1/home/minhdanh/Documents/EmoMV/Dataset2/DS2_train_match/3K3SiEB0J1o.mp4,sad,3,DS2,match,4ea5521683c0161624634d005fac0fbd94b77cad2d82fc56fff8ff1693f24915,DS2__3K3SiEB0J1o,10.0,300,30.0,0,DS2__3K3SiEB0J1o,0,300,10.0
DS2__5lHZ5zNodiE,/Users/rafiabhista/Documents/code/apple/c1_audio/emomv_2/aria/media/minhdanh/5e31d1e3-0187-4837-8530-60bbac61578f1/home/minhdanh/Documents/EmoMV/Dataset2/DS2_train_match/5lHZ5zNodiE.mp4,sad,3,DS2,match,3f20ab43a78f0626594e42838fac2d32b9c7280f140a78c9efb1bb09046b832a,DS2__5lHZ5zNodiE,10.01,300,29.97,0,DS2__5lHZ5zNodiE,0,300,10.01
DS2__PYZVa4PAEEU,/Users/rafiabhista/Documents/code/apple/c1_audio/emomv_2/aria/media/minhdanh/5e31d1e3-0187-4837-8530-60bbac61578f1/home/minhdanh/Documents/EmoMV/Dataset2/DS2_train_match/PYZVa4PAEEU.mp4,sad,3,DS2,match,59335668ecdb32310aa00b391f839f7b00823b269c0ee8da30fff7430c05098c,DS2__PYZVa4PAEEU,10.01,300,29.97,0,DS2__PYZVa4PAEEU,0,300,10.01
DS2__eV5O4DV_AaI,/Users/rafiabhista/Documents/code/apple/c1_audio/emomv_2/aria/media/minhdanh/5e31d1e3-0187-4837-8530-60bbac61578f1/home/minhdanh/Documents/EmoMV/Dataset2/DS2_train_match/eV5O4DV_AaI.mp4,sad,3,DS2,match,87eec3a15339b1663b362c037ef8e6bc3dd868c345e552f6a391cc1570a17505,DS2__eV5O4DV_AaI,10.0,250,25.0,0,DS2__eV5O4DV_AaI,0,250,10.0
DS2__9aE33JEIGOg,/Users/rafiabhista/Documents/code/apple/c1_audio/emomv_2/aria/media/minhdanh/5e31d1e3-0187-4837-8530-60bbac61578f1/home/minhdanh/Documents/EmoMV/Dataset2/DS2_train_match/9aE33JEIGOg.mp4,sad,3,DS2,match,807a640b14b498f24e729c1e7ccff2818f24b6220fda66154b72ddfb7e62d600,DS2__9aE33JEIGOg,10.0,300,30.0,0,DS2__9aE33JEIGOg,0,300,10.0
DS2__yNIZaqTHUnc,/Users/rafiabhista/Documents/code/apple/c1_audio/emomv_2/aria/media/minhdanh/5e31d1e3-0187-4837-8530-60bbac61578f1/home/minhdanh/Documents/EmoMV/Dataset2/DS2_train_match/yNIZaqTHUnc.mp4,sad,3,DS2,match,3f01c8ae651f82ae21d2a4fe51006f3da591bd53cea26c9c26bbeac65b4de608,DS2__yNIZaqTHUnc,10.0,180,18.0,0,DS2__yNIZaqTHUnc,0,180,10.0
DS2__EAIKWjZ7__U,/Users/rafiabhista/Documents/code/apple/c1_audio/emomv_2/aria/media/minhdanh/5e31d1e3-0187-4837-8530-60bbac61578f1/home/minhdanh/Documents/EmoMV/Dataset2/DS2_train_match/EAIKWjZ7__U.mp4,sad,3,DS2,match,adfb3d1f628cd6ec6f155b951ebbd718f4d82c3d311796d63f164d992ec2d047,DS2__EAIKWjZ7__U,10.0,250,25.0,0,DS2__EAIKWjZ7__U,0,250,10.0
DS2__QahF1G1I7Kk,/Users/rafiabhista/Documents/code/apple/c1_audio/emomv_2/aria/media/minhdanh/5e31d1e3-0187-4837-8530-60bbac61578f1/home/minhdanh/Documents/EmoMV/Dataset2/DS2_train_match/QahF1G1I7Kk.mp4,sad,3,DS2,match,55739da20591cec6c5cc4109f7636ae71f2fb283f1cb5f7048d7a13cb71d23e7,DS2__QahF1G1I7Kk,10.01,300,29.97,0,DS2__QahF1G1I7Kk,0,300,10.01
DS2__HsPVG_wtVKA,/Users/rafiabhista/Documents/code/apple/c1_audio/emomv_2/aria/media/minhdanh/5e31d1e3-0187-4837-8530-60bbac61578f1/home/minhdanh/Documents/EmoMV/Dataset2/DS2_train_match/HsPVG_wtVKA.mp4,sad,3,DS2,match,2ef6795f7527b1a2c292692494343831598b64b526d7f9e71dad6a6dd851ab15,DS2__HsPVG_wtVKA,10.0,250,25.0,0,DS2__HsPVG_wtVKA,0,250,10.0
DS2__5S_yCdCZhVM,/Users/rafiabhista/Documents/code/apple/c1_audio/emomv_2/aria/media/minhdanh/5e31d1e3-0187-4837-8530-60bbac61578f1/home/minhdanh/Documents/EmoMV/Dataset2/DS2_train_match/5S_yCdCZhVM.mp4,sad,3,DS2,match,97d6f8b7ca64efc36a4bc5b8f28bfa73d6fe1aaa39c67a98fa8975066343232b,DS2__5S_yCdCZhVM,10.0,300,30.0,0,DS2__5S_yCdCZhVM,0,300,10.0
DS2__0K55wwPK5M4,/Users/rafiabhista/Documents/code/apple/c1_audio/emomv_2/aria/media/minhdanh/5e31d1e3-0187-4837-8530-60bbac61578f1/home/minhdanh/Documents/EmoMV/Dataset2/DS2_train_match/0K55wwPK5M4.mp4,sad,3,DS2,match,f45fbc0f6c177f863b82a8fbe48c089bab7fdaf755a722e09312e3956df37eec,DS2__0K55wwPK5M4,10.0,250,25.0,0,DS2__0K55wwPK5M4,0,250,10.0
DS2__Gcbg0adzkZE,/Users/rafiabhista/Documents/code/apple/c1_audio/emomv_2/aria/media/minhdanh/5e31d1e3-0187-4837-8530-60bbac61578f1/home/minhdanh/Documents/EmoMV/Dataset2/DS2_train_match/Gcbg0adzkZE.mp4,sad,3,DS2,match,c1012cadd36cb3747bd5edddd79b1aa07aeac33b2b2260050b9faec1d3b78b2c,DS2__Gcbg0adzkZE,10.01,300,29.97,0,DS2__Gcbg0adzkZE,0,300,10.01
DS2__E1qGzssAAlw,/Users/rafiabhista/Documents/code/apple/c1_audio/emomv_2/aria/media/minhdanh/5e31d1e3-0187-4837-8530-60bbac61578f1/home/minhdanh/Documents/EmoMV/Dataset2/DS2_train_match/E1qGzssAAlw.mp4,sad,3,DS2,match,c902830f8441f4addd67c395dcb8811b13d3c0688d65e7dde54b023939ceb280,DS2__E1qGzssAAlw,10.01,300,29.97,0,DS2__E1qGzssAAlw,0,300,10.01
DS2__FKAB31rm7xA,/Users/rafiabhista/Documents/code/apple/c1_audio/emomv_2/aria/media/minhdanh/5e31d1e3-0187-4837-8530-60bbac61578f1/home/minhdanh/Documents/EmoMV/Dataset2/DS2_train_match/FKAB31rm7xA.mp4,sad,3,DS2,match,8cbab5c33bfda15de336fe58d3156ff63032fbdd423a4a4dc704244fbb3549cd,DS2__FKAB31rm7xA,10.01,300,29.97,0,DS2__FKAB31rm7xA,0,300,10.01
DS2__00qMXu5Msg8,/Users/rafiabhista/Documents/code/apple/c1_audio/emomv_2/aria/media/minhdanh/5e31d1e3-0187-4837-8530-60bbac61578f1/home/minhdanh/Documents/EmoMV/Dataset2/DS2_train_match/00qMXu5Msg8.mp4,sad,3,DS2,match,dff570d82d79766823bcaeba795c906e43ee86040481b0e603da00112719f645,DS2__00qMXu5Msg8,10.01,300,29.97,0,DS2__00qMXu5Msg8,0,300,10.01
DS2__0kY1isykrrs,/Users/rafiabhista/Documents/code/apple/c1_audio/emomv_2/aria/media/minhdanh/5e31d1e3-0187-4837-8530-60bbac61578f1/home/minhdanh/Documents/EmoMV/Dataset2/DS2_train_match/0kY1isykrrs.mp4,sad,3,DS2,match,e991614aef5cb59aaf1ddcd7f60cff470a3d9968bd2f93d50c588fadcb5ac7de,DS2__0kY1isykrrs,10.01,240,23.976,0,DS2__0kY1isykrrs,0,240,10.01
DS2__6c71KZXCYIU,/Users/rafiabhista/Documents/code/apple/c1_audio/emomv_2/aria/media/minhdanh/5e31d1e3-0187-4837-8530-60bbac61578f1/home/minhdanh/Documents/EmoMV/Dataset2/DS2_train_match/6c71KZXCYIU.mp4,sad,3,DS2,match,f942ac64d4c87c05956e21f428bd2a581751301e7e6cb3333e110443655a0b4e,DS2__6c71KZXCYIU,10.0,250,25.0,0,DS2__6c71KZXCYIU,0,250,10.0
DS2__z4InRHlwpJY,/Users/rafiabhista/Documents/code/apple/c1_audio/emomv_2/aria/media/minhdanh/5e31d1e3-0187-4837-8530-60bbac61578f1/home/minhdanh/Documents/EmoMV/Dataset2/DS2_train_match/z4InRHlwpJY.mp4,sad,3,DS2,match,87be19fe4878294367f8f616875fce237a8826808a3bd9b8cbb9e952db57004c,DS2__z4InRHlwpJY,10.01,300,29.97,0,DS2__z4InRHlwpJY,0,300,10.01
DS2__ux-ERt7V_TA,/Users/rafiabhista/Documents/code/apple/c1_audio/emomv_2/aria/media/minhdanh/5e31d1e3-0187-4837-8530-60bbac61578f1/home/minhdanh/Documents/EmoMV/Dataset2/DS2_train_match/ux-ERt7V_TA.mp4,sad,3,DS2,match,f855245600922e1bf8d2878d998d44ec96bc4f225446e4f21b5e0cc9dd186993,DS2__ux-ERt7V_TA,10.0,300,30.0,0,DS2__ux-ERt7V_TA,0,300,10.0
DS2__IAs3TNtYSCM,/Users/rafiabhista/Documents/code/apple/c1_audio/emomv_2/aria/media/minhdanh/5e31d1e3-0187-4837-8530-60bbac61578f1/home/minhdanh/Documents/EmoMV/Dataset2/DS2_train_match/IAs3TNtYSCM.mp4,sad,3,DS2,match,33896e30adf4d322d523f9aa26adce39480b666e77f33f8094b1bbbe3982a79a,DS2__IAs3TNtYSCM,10.01,300,29.97,0,DS2__IAs3TNtYSCM,0,300,10.01
DS2__DZpuq9lyVN8,/Users/rafiabhista/Documents/code/apple/c1_audio/emomv_2/aria/media/minhdanh/5e31d1e3-0187-4837-8530-60bbac61578f1/home/minhdanh/Documents/EmoMV/Dataset2/DS2_train_match/DZpuq9lyVN8.mp4,sad,3,DS2,match,3117a65cdd85eba20f947871358cb099c0e99e7858d4ae0743401848872e3cb7,DS2__DZpuq9lyVN8,10.0163,240,23.961,0,DS2__DZpuq9lyVN8,0,240,10.0163
DS2__uuA0wXsdGyc,/Users/rafiabhista/Documents/code/apple/c1_audio/emomv_2/aria/media/minhdanh/5e31d1e3-0187-4837-8530-60bbac61578f1/home/minhdanh/Documents/EmoMV/Dataset2/DS2_train_match/uuA0wXsdGyc.mp4,sad,3,DS2,match,e06e2333edbbd5b8ec2a3783267a51d09559e6d76cef27716ec780e24e0b9d4b,DS2__uuA0wXsdGyc,10.01,300,29.97,0,DS2__uuA0wXsdGyc,0,300,10.01
DS2__0Y5HGmG7JQA,/Users/rafiabhista/Documents/code/apple/c1_audio/emomv_2/aria/media/minhdanh/5e31d1e3-0187-4837-8530-60bbac61578f1/home/minhdanh/Documents/EmoMV/Dataset2/DS2_train_match/0Y5HGmG7JQA.mp4,sad,3,DS2,match,77ad91d0674bf4eb4c486225fbb37e04ef165bc5e8e79eb1065ed63adc91cd4a,DS2__0Y5HGmG7JQA,10.0,240,24.0,0,DS2__0Y5HGmG7JQA,0,240,10.0
DS2__0QTqte-nSC8,/Users/rafiabhista/Documents/code/apple/c1_audio/emomv_2/aria/media/minhdanh/5e31d1e3-0187-4837-8530-60bbac61578f1/home/minhdanh/Documents/EmoMV/Dataset2/DS2_train_match/0QTqte-nSC8.mp4,sad,3,DS2,match,8bea816e6417477442e75a737202c4249ceadd8498bfbe54e22b031fd0586c0a,DS2__0QTqte-nSC8,10.01,300,29.97,0,DS2__0QTqte-nSC8,0,300,10.01
DS2__-FJz1nOE2bs,/Users/rafiabhista/Documents/code/apple/c1_audio/emomv_2/aria/media/minhdanh/5e31d1e3-0187-4837-8530-60bbac61578f1/home/minhdanh/Documents/EmoMV/Dataset2/DS2_train_match/-FJz1nOE2bs.mp4,sad,3,DS2,match,a2f01cfb3e846b25183ed474580f2315578ccb52aa8f0bb13082ea335b81d7ee,DS2__-FJz1nOE2bs,10.0,250,25.0,0,DS2__-FJz1nOE2bs,0,250,10.0
DS2__yvNgBH-ZvDs,/Users/rafiabhista/Documents/code/apple/c1_audio/emomv_2/aria/media/minhdanh/5e31d1e3-0187-4837-8530-60bbac61578f1/home/minhdanh/Documents/EmoMV/Dataset2/DS2_train_match/yvNgBH-ZvDs.mp4,sad,3,DS2,match,e13f249f61c4c37cbeebf3c7577080cf76dfb1ef6ed55d728e9b6a30703b9794,DS2__yvNgBH-ZvDs,10.0,300,30.0,0,DS2__yvNgBH-ZvDs,0,300,10.0
DS2__Mkjygj3D4IA,/Users/rafiabhista/Documents/code/apple/c1_audio/emomv_2/aria/media/minhdanh/5e31d1e3-0187-4837-8530-60bbac61578f1/home/minhdanh/Documents/EmoMV/Dataset2/DS2_train_match/Mkjygj3D4IA.mp4,sad,3,DS2,match,9d115c0ba4432199223381ae0668815cc8f5768cdd4aa9eadf48a1f9a4989b60,DS2__Mkjygj3D4IA,10.0,300,30.0,0,DS2__Mkjygj3D4IA,0,300,10.0
DS2__xPLm0hM7QNQ,/Users/rafiabhista/Documents/code/apple/c1_audio/emomv_2/aria/media/minhdanh/5e31d1e3-0187-4837-8530-60bbac61578f1/home/minhdanh/Documents/EmoMV/Dataset2/DS2_train_match/xPLm0hM7QNQ.mp4,sad,3,DS2,match,b183587101d4d54475ec29dc453c38d7abd33d20f5725c40b33a8ec620a67360,DS2__xPLm0hM7QNQ,10.0113,300,29.966,0,DS2__xPLm0hM7QNQ,0,300,10.0113
DS2__4SEjO_HdBqc,/Users/rafiabhista/Documents/code/apple/c1_audio/emomv_2/aria/media/minhdanh/5e31d1e3-0187-4837-8530-60bbac61578f1/home/minhdanh/Documents/EmoMV/Dataset2/DS2_train_match/4SEjO_HdBqc.mp4,sad,3,DS2,match,be5da4e8d058da17f0f8997488b759f0ba298e8ccda73bce20c3144e9882e3f5,DS2__4SEjO_HdBqc,10.01,240,23.976,0,DS2__4SEjO_HdBqc,0,240,10.01
DS2__5lwBL2nLV0w,/Users/rafiabhista/Documents/code/apple/c1_audio/emomv_2/aria/media/minhdanh/5e31d1e3-0187-4837-8530-60bbac61578f1/home/minhdanh/Documents/EmoMV/Dataset2/DS2_train_match/5lwBL2nLV0w.mp4,sad,3,DS2,match,b2df3dfd0c05640c68a734323853097b0b03f8d4c6833d37b624bb5124a4c6cd,DS2__5lwBL2nLV0w,10.0,250,25.0,0,DS2__5lwBL2nLV0w,0,250,10.0
DS2__-ajNocsXoKM,/Users/rafiabhista/Documents/code/apple/c1_audio/emomv_2/aria/media/minhdanh/5e31d1e3-0187-4837-8530-60bbac61578f1/home/minhdanh/Documents/EmoMV/Dataset2/DS2_train_match/-ajNocsXoKM.mp4,relax,4,DS2,match,c392e937e18569d2b69efed2faeb4c4d21f2b22cc53970ea02d21727bca6fa50,DS2__-ajNocsXoKM,10.0,250,25.0,0,DS2__-ajNocsXoKM,0,250,10.0
DS2__0_hH79HnEdo,/Users/rafiabhista/Documents/code/apple/c1_audio/emomv_2/aria/media/minhdanh/5e31d1e3-0187-4837-8530-60bbac61578f1/home/minhdanh/Documents/EmoMV/Dataset2/DS2_train_match/0_hH79HnEdo.mp4,relax,4,DS2,match,aab7c0cd62c334c3d3569700964a89e38df4df905079d5742104b358f2415011,DS2__0_hH79HnEdo,10.0,250,25.0,0,DS2__0_hH79HnEdo,0,250,10.0
DS2__NtPv2mCQDYM,/Users/rafiabhista/Documents/code/apple/c1_audio/emomv_2/aria/media/minhdanh/5e31d1e3-0187-4837-8530-60bbac61578f1/home/minhdanh/Documents/EmoMV/Dataset2/DS2_train_match/NtPv2mCQDYM.mp4,relax,4,DS2,match,8fdd3b24dd96dd02d772eb3e43430f7fe4ec34f28ebf440c9590f2a9040252e4,DS2__NtPv2mCQDYM,10.01,300,29.97,0,DS2__NtPv2mCQDYM,0,300,10.01
DS2__6d57cNtGC20,/Users/rafiabhista/Documents/code/apple/c1_audio/emomv_2/aria/media/minhdanh/5e31d1e3-0187-4837-8530-60bbac61578f1/home/minhdanh/Documents/EmoMV/Dataset2/DS2_train_match/6d57cNtGC20.mp4,relax,4,DS2,match,cfbc1bdb1f4268bba3843847ac9df4513c0058068e2e93742f4a73d2808f16b4,DS2__6d57cNtGC20,10.01,300,29.97,0,DS2__6d57cNtGC20,0,300,10.01
DS2__-LkQwKq5l98,/Users/rafiabhista/Documents/code/apple/c1_audio/emomv_2/aria/media/minhdanh/5e31d1e3-0187-4837-8530-60bbac61578f1/home/minhdanh/Documents/EmoMV/Dataset2/DS2_train_match/-LkQwKq5l98.mp4,relax,4,DS2,match,d86f6fefc67fe50b4dd980de13202f0e241e6bf93739b720604340e78fc83707,DS2__-LkQwKq5l98,9.9944,299,29.9167,0,DS2__-LkQwKq5l98,0,299,9.9944
DS2__1A1HDiyUjMA,/Users/rafiabhista/Documents/code/apple/c1_audio/emomv_2/aria/media/minhdanh/5e31d1e3-0187-4837-8530-60bbac61578f1/home/minhdanh/Documents/EmoMV/Dataset2/DS2_train_match/1A1HDiyUjMA.mp4,relax,4,DS2,match,3ecf48c6948b42cc812c8afe22b3ac26b916807fcf063edb3874f0b048ace436,DS2__1A1HDiyUjMA,10.01,300,29.97,0,DS2__1A1HDiyUjMA,0,300,10.01
DS2__1e3YAajUKBY,/Users/rafiabhista/Documents/code/apple/c1_audio/emomv_2/aria/media/minhdanh/5e31d1e3-0187-4837-8530-60bbac61578f1/home/minhdanh/Documents/EmoMV/Dataset2/DS2_train_match/1e3YAajUKBY.mp4,relax,4,DS2,match,09e522a19c0b8c4878499caaa32ba350e88c8055b6e46f373cb049c7ac46b97c,DS2__1e3YAajUKBY,10.01,300,29.97,0,DS2__1e3YAajUKBY,0,300,10.01
DS2__1_eeURlfq_w,/Users/rafiabhista/Documents/code/apple/c1_audio/emomv_2/aria/media/minhdanh/5e31d1e3-0187-4837-8530-60bbac61578f1/home/minhdanh/Documents/EmoMV/Dataset2/DS2_train_match/1_eeURlfq_w.mp4,relax,4,DS2,match,400b7bd03ee213eecf4ef3abface6fa377aa2664cbb3a34c425657bd8c36054e,DS2__1_eeURlfq_w,10.01,300,29.97,0,DS2__1_eeURlfq_w,0,300,10.01
DS2__7Ou4u41IIfA,/Users/rafiabhista/Documents/code/apple/c1_audio/emomv_2/aria/media/minhdanh/5e31d1e3-0187-4837-8530-60bbac61578f1/home/minhdanh/Documents/EmoMV/Dataset2/DS2_train_match/7Ou4u41IIfA.mp4,relax,4,DS2,match,e59f34cf80b0e54e7fde951cb409503159f83d3d15dd897fc7ce512aabf89908,DS2__7Ou4u41IIfA,10.01,240,23.976,0,DS2__7Ou4u41IIfA,0,240,10.01
DS2__-0PcwE9DJRE,/Users/rafiabhista/Documents/code/apple/c1_audio/emomv_2/aria/media/minhdanh/5e31d1e3-0187-4837-8530-60bbac61578f1/home/minhdanh/Documents/EmoMV/Dataset2/DS2_train_match/-0PcwE9DJRE.mp4,relax,4,DS2,match,649cce999030ff7863019c014f06728c0dd0fd2f69aa8a9ef430767719bac8d0,DS2__-0PcwE9DJRE,10.01,240,23.976,0,DS2__-0PcwE9DJRE,0,240,10.01
DS2__qZ_-5JplSVg,/Users/rafiabhista/Documents/code/apple/c1_audio/emomv_2/aria/media/minhdanh/5e31d1e3-0187-4837-8530-60bbac61578f1/home/minhdanh/Documents/EmoMV/Dataset2/DS2_train_match/qZ_-5JplSVg.mp4,relax,4,DS2,match,494fa60b1bc86144e4ddd354f33116f636702587bcc7b4193fa6185ace8680ae,DS2__qZ_-5JplSVg,10.01,300,29.97,0,DS2__qZ_-5JplSVg,0,300,10.01
DS2__0EgKlq8QtuI,/Users/rafiabhista/Documents/code/apple/c1_audio/emomv_2/aria/media/minhdanh/5e31d1e3-0187-4837-8530-60bbac61578f1/home/minhdanh/Documents/EmoMV/Dataset2/DS2_train_match/0EgKlq8QtuI.mp4,relax,4,DS2,match,815f385558cf7af813649a86347d21224b7266a4e8ce78fcaba276b6819f1a00,DS2__0EgKlq8QtuI,10.01,300,29.97,0,DS2__0EgKlq8QtuI,0,300,10.01
DS2__056MQCc_0bk,/Users/rafiabhista/Documents/code/apple/c1_audio/emomv_2/aria/media/minhdanh/5e31d1e3-0187-4837-8530-60bbac61578f1/home/minhdanh/Documents/EmoMV/Dataset2/DS2_train_match/056MQCc_0bk.mp4,relax,4,DS2,match,ce7caccd68d2aef4895a13d8249e5057bff63e4e8e6a9bb88d27e44b306a8d24,DS2__056MQCc_0bk,10.0,250,25.0,0,DS2__056MQCc_0bk,0,250,10.0
DS2__2GZSOKZd2dc,/Users/rafiabhista/Documents/code/apple/c1_audio/emomv_2/aria/media/minhdanh/5e31d1e3-0187-4837-8530-60bbac61578f1/home/minhdanh/Documents/EmoMV/Dataset2/DS2_train_match/2GZSOKZd2dc.mp4,relax,4,DS2,match,e488a2b2eee098d75b29fcae62783f907eef2bd0c14fa4773e10ca3cff02a9ca,DS2__2GZSOKZd2dc,10.0,250,25.0,0,DS2__2GZSOKZd2dc,0,250,10.0
DS2__54GYK6FGcZ4,/Users/rafiabhista/Documents/code/apple/c1_audio/emomv_2/aria/media/minhdanh/5e31d1e3-0187-4837-8530-60bbac61578f1/home/minhdanh/Documents/EmoMV/Dataset2/DS2_train_match/54GYK6FGcZ4.mp4,relax,4,DS2,match,bc9fff2c070513d43be6cdedc7f553d3401485fab2a4a4e8710565b3753cd745,DS2__54GYK6FGcZ4,10.0,250,25.0,0,DS2__54GYK6FGcZ4,0,250,10.0
DS2____Xfqlc7GbI,/Users/rafiabhista/Documents/code/apple/c1_audio/emomv_2/aria/media/minhdanh/5e31d1e3-0187-4837-8530-60bbac61578f1/home/minhdanh/Documents/EmoMV/Dataset2/DS2_train_match/__Xfqlc7GbI.mp4,relax,4,DS2,match,bef81fdb5a7dc1d75b61409fd2e327d1d6ffc36b15c9ba0eb2be067a58e70d04,DS2____Xfqlc7GbI,10.0,250,25.0,0,DS2____Xfqlc7GbI,0,250,10.0
DS2__C59rXPDLoVc,/Users/rafiabhista/Documents/code/apple/c1_audio/emomv_2/aria/media/minhdanh/5e31d1e3-0187-4837-8530-60bbac61578f1/home/minhdanh/Documents/EmoMV/Dataset2/DS2_train_match/C59rXPDLoVc.mp4,relax,4,DS2,match,8f5c111f7f248f1b068144d8d70e5461b9d28091479ecf3ad51e8265aa147246,DS2__C59rXPDLoVc,10.0,250,25.0,0,DS2__C59rXPDLoVc,0,250,10.0
DS2__MROotmz8a-U,/Users/rafiabhista/Documents/code/apple/c1_audio/emomv_2/aria/media/minhdanh/5e31d1e3-0187-4837-8530-60bbac61578f1/home/minhdanh/Documents/EmoMV/Dataset2/DS2_train_match/MROotmz8a-U.mp4,relax,4,DS2,match,13ac46d5f99fe255085f86b4698b177b938ca03119869d979aaeb1c741639020,DS2__MROotmz8a-U,10.0279,300,29.9167,0,DS2__MROotmz8a-U,0,300,10.0279
DS2__Ln37zl8-LEc,/Users/rafiabhista/Documents/code/apple/c1_audio/emomv_2/aria/media/minhdanh/5e31d1e3-0187-4837-8530-60bbac61578f1/home/minhdanh/Documents/EmoMV/Dataset2/DS2_train_match/Ln37zl8-LEc.mp4,relax,4,DS2,match,195f6f50709f3115082ace8b5874fcff7c02a1c9db11e7e3f8f8639f6d8dea54,DS2__Ln37zl8-LEc,10.01,240,23.976,0,DS2__Ln37zl8-LEc,0,240,10.01
DS2__9qGo-7UALp0,/Users/rafiabhista/Documents/code/apple/c1_audio/emomv_2/aria/media/minhdanh/5e31d1e3-0187-4837-8530-60bbac61578f1/home/minhdanh/Documents/EmoMV/Dataset2/DS2_train_match/9qGo-7UALp0.mp4,relax,4,DS2,match,b07e0afa41304747e1c28373db653f36a823d8ed6ba5b234ae726136263e62f7,DS2__9qGo-7UALp0,10.01,300,29.97,0,DS2__9qGo-7UALp0,0,300,10.01
DS2__287xcxZptdw,/Users/rafiabhista/Documents/code/apple/c1_audio/emomv_2/aria/media/minhdanh/5e31d1e3-0187-4837-8530-60bbac61578f1/home/minhdanh/Documents/EmoMV/Dataset2/DS2_train_match/287xcxZptdw.mp4,relax,4,DS2,match,fbfae802d0eb68b823e6129cf894a18575d477f76f29b02a7f4a09b713753c7c,DS2__287xcxZptdw,10.0,300,30.0,0,DS2__287xcxZptdw,0,300,10.0
DS2__49N_SaqRt50,/Users/rafiabhista/Documents/code/apple/c1_audio/emomv_2/aria/media/minhdanh/5e31d1e3-0187-4837-8530-60bbac61578f1/home/minhdanh/Documents/EmoMV/Dataset2/DS2_train_match/49N_SaqRt50.mp4,relax,4,DS2,match,ba11597b42117b8d0f2ce621606cdf93f50de925381214dbe592c2fe435b2db7,DS2__49N_SaqRt50,10.0,300,30.0,0,DS2__49N_SaqRt50,0,300,10.0
DS2__0-ztab6kSnY,/Users/rafiabhista/Documents/code/apple/c1_audio/emomv_2/aria/media/minhdanh/5e31d1e3-0187-4837-8530-60bbac61578f1/home/minhdanh/Documents/EmoMV/Dataset2/DS2_train_match/0-ztab6kSnY.mp4,relax,4,DS2,match,1e2e7067fe43541862b4a5752cf7164f5aa77cae6b0e03e65b7d5d082ff202e5,DS2__0-ztab6kSnY,10.0,250,25.0,0,DS2__0-ztab6kSnY,0,250,10.0
DS2__1m8kwUbOUCU,/Users/rafiabhista/Documents/code/apple/c1_audio/emomv_2/aria/media/minhdanh/5e31d1e3-0187-4837-8530-60bbac61578f1/home/minhdanh/Documents/EmoMV/Dataset2/DS2_train_match/1m8kwUbOUCU.mp4,relax,4,DS2,match,f3bf547222b40ce94d3b00b9446c0e48589e11bdfc274863e9a3c87c9610ba3e,DS2__1m8kwUbOUCU,10.01,300,29.97,0,DS2__1m8kwUbOUCU,0,300,10.01
DS2__PxHIzlDA1IY,/Users/rafiabhista/Documents/code/apple/c1_audio/emomv_2/aria/media/minhdanh/5e31d1e3-0187-4837-8530-60bbac61578f1/home/minhdanh/Documents/EmoMV/Dataset2/DS2_train_match/PxHIzlDA1IY.mp4,relax,4,DS2,match,d7c9f622e595fd7a1cfc69e7b882a9cabdd43ae574a31a29bc05e233512c8b70,DS2__PxHIzlDA1IY,10.01,300,29.97,0,DS2__PxHIzlDA1IY,0,300,10.01
DS2__HGtPGKsqEeA,/Users/rafiabhista/Documents/code/apple/c1_audio/emomv_2/aria/media/minhdanh/5e31d1e3-0187-4837-8530-60bbac61578f1/home/minhdanh/Documents/EmoMV/Dataset2/DS2_train_match/HGtPGKsqEeA.mp4,relax,4,DS2,match,855945e4875d95c35169ca3dce8da68aaa4f4ee649556b84d30a20fc03f30b27,DS2__HGtPGKsqEeA,10.0125,240,23.97,0,DS2__HGtPGKsqEeA,0,240,10.0125
DS2__xNn2UdI-kvA,/Users/rafiabhista/Documents/code/apple/c1_audio/emomv_2/aria/media/minhdanh/5e31d1e3-0187-4837-8530-60bbac61578f1/home/minhdanh/Documents/EmoMV/Dataset2/DS2_train_match/xNn2UdI-kvA.mp4,relax,4,DS2,match,03098a0b0b75c0a89e3ce49fe13307a0c649e3eadf58ca9bdfa2053c1fd34bac,DS2__xNn2UdI-kvA,10.0,250,25.0,0,DS2__xNn2UdI-kvA,0,250,10.0
DS2__4F5FXnNH8Bg,/Users/rafiabhista/Documents/code/apple/c1_audio/emomv_2/aria/media/minhdanh/5e31d1e3-0187-4837-8530-60bbac61578f1/home/minhdanh/Documents/EmoMV/Dataset2/DS2_train_match/4F5FXnNH8Bg.mp4,relax,4,DS2,match,91386d7728b128c55850e29f18048c23e9ec443597bdad322c8ad0c23e3facc6,DS2__4F5FXnNH8Bg,10.0,250,25.0,0,DS2__4F5FXnNH8Bg,0,250,10.0
DS2__K42WPWzcFPE,/Users/rafiabhista/Documents/code/apple/c1_audio/emomv_2/aria/media/minhdanh/5e31d1e3-0187-4837-8530-60bbac61578f1/home/minhdanh/Documents/EmoMV/Dataset2/DS2_train_match/K42WPWzcFPE.mp4,relax,4,DS2,match,8ff17a9f6763d3c7bf0f6e1e555223ad3e61f9c130c7d87479dbed5be4b4cbb5,DS2__K42WPWzcFPE,10.0277,300,29.917,0,DS2__K42WPWzcFPE,0,300,10.0277
DS2__-FFBqC8voeI,/Users/rafiabhista/Documents/code/apple/c1_audio/emomv_2/aria/media/minhdanh/5e31d1e3-0187-4837-8530-60bbac61578f1/home/minhdanh/Documents/EmoMV/Dataset2/DS2_train_match/-FFBqC8voeI.mp4,relax,4,DS2,match,bbcbefe10e4b28ee680b7ad796f47e28b65a2fa6cfb9045bac1a281c3ddf749c,DS2__-FFBqC8voeI,10.0,300,30.0,0,DS2__-FFBqC8voeI,0,300,10.0
DS2__18I0QC9mEuc,/Users/rafiabhista/Documents/code/apple/c1_audio/emomv_2/aria/media/minhdanh/5e31d1e3-0187-4837-8530-60bbac61578f1/home/minhdanh/Documents/EmoMV/Dataset2/DS2_train_match/18I0QC9mEuc.mp4,relax,4,DS2,match,46fa66925ca69a5e6a9ccf76b727cc06a90bd343fb3156716c2e5e2afc074c0d,DS2__18I0QC9mEuc,10.01,300,29.97,0,DS2__18I0QC9mEuc,0,300,10.01
DS2__7ZIKT6L83ak,/Users/rafiabhista/Documents/code/apple/c1_audio/emomv_2/aria/media/minhdanh/5e31d1e3-0187-4837-8530-60bbac61578f1/home/minhdanh/Documents/EmoMV/Dataset2/DS2_val_match/7ZIKT6L83ak.mp4,exciting,0,DS2,match,d9a81796638a74cf7aa8fae1593ff9797173b3189ff512678fb248bad8d5dcf5,DS2__7ZIKT6L83ak,10.0,250,25.0,0,DS2__7ZIKT6L83ak,0,250,10.0
DS2__4b5mkwahaP0,/Users/rafiabhista/Documents/code/apple/c1_audio/emomv_2/aria/media/minhdanh/5e31d1e3-0187-4837-8530-60bbac61578f1/home/minhdanh/Documents/EmoMV/Dataset2/DS2_val_match/4b5mkwahaP0.mp4,exciting,0,DS2,match,7c8391c32a27b7951e8219044b0825ad33dd1dc8d607b4078454c28a608de452,DS2__4b5mkwahaP0,10.0,120,12.0,0,DS2__4b5mkwahaP0,0,120,10.0
DS2__nsQ2LT_l9NI,/Users/rafiabhista/Documents/code/apple/c1_audio/emomv_2/aria/media/minhdanh/5e31d1e3-0187-4837-8530-60bbac61578f1/home/minhdanh/Documents/EmoMV/Dataset2/DS2_val_match/nsQ2LT_l9NI.mp4,exciting,0,DS2,match,ac2bd5ece1ae11e706ee0a34dcc4d8d2f6f23c7dedbeb068b87b976f4201b9a3,DS2__nsQ2LT_l9NI,10.0,250,25.0,0,DS2__nsQ2LT_l9NI,0,250,10.0
DS2__7Hbm8ciz3YE,/Users/rafiabhista/Documents/code/apple/c1_audio/emomv_2/aria/media/minhdanh/5e31d1e3-0187-4837-8530-60bbac61578f1/home/minhdanh/Documents/EmoMV/Dataset2/DS2_val_match/7Hbm8ciz3YE.mp4,exciting,0,DS2,match,36de7f205ec3953ee48d49241069989a6f71ccc9d43f077598a2da14f0ad4755,DS2__7Hbm8ciz3YE,10.01,300,29.97,0,DS2__7Hbm8ciz3YE,0,300,10.01
DS2__gRVl92ora7s,/Users/rafiabhista/Documents/code/apple/c1_audio/emomv_2/aria/media/minhdanh/5e31d1e3-0187-4837-8530-60bbac61578f1/home/minhdanh/Documents/EmoMV/Dataset2/DS2_val_match/gRVl92ora7s.mp4,exciting,0,DS2,match,925a31a429a7fd98977b5e66e82964bb979b4696a5a5e75cd85d315f2b463208,DS2__gRVl92ora7s,10.0277,300,29.917,0,DS2__gRVl92ora7s,0,300,10.0277
DS2__XiTm6X2rNm4,/Users/rafiabhista/Documents/code/apple/c1_audio/emomv_2/aria/media/minhdanh/5e31d1e3-0187-4837-8530-60bbac61578f1/home/minhdanh/Documents/EmoMV/Dataset2/DS2_val_match/XiTm6X2rNm4.mp4,exciting,0,DS2,match,03edf9873e3f2d44054c5fc475bed2390bedd678a559c0f4a75b17b343fbe196,DS2__XiTm6X2rNm4,10.01,300,29.97,0,DS2__XiTm6X2rNm4,0,300,10.01
DS2__cYPlcY74cTs,/Users/rafiabhista/Documents/code/apple/c1_audio/emomv_2/aria/media/minhdanh/5e31d1e3-0187-4837-8530-60bbac61578f1/home/minhdanh/Documents/EmoMV/Dataset2/DS2_val_match/cYPlcY74cTs.mp4,exciting,0,DS2,match,cb84823ec7b44fd852dc119f6bd6c29cf41fe3c4e9253ef08c20b7daf3051505,DS2__cYPlcY74cTs,10.0396,251,25.001,0,DS2__cYPlcY74cTs,0,251,10.0396
DS2__U23V9cPIWcY,/Users/rafiabhista/Documents/code/apple/c1_audio/emomv_2/aria/media/minhdanh/5e31d1e3-0187-4837-8530-60bbac61578f1/home/minhdanh/Documents/EmoMV/Dataset2/DS2_val_match/U23V9cPIWcY.mp4,exciting,0,DS2,match,0a6b1d85bf0da4a898ae7b405bc0c7b299d75effbcef101bdfecbc501a78a07b,DS2__U23V9cPIWcY,10.0,250,25.0,0,DS2__U23V9cPIWcY,0,250,10.0
DS2__1KDLpKMI0OI,/Users/rafiabhista/Documents/code/apple/c1_audio/emomv_2/aria/media/minhdanh/5e31d1e3-0187-4837-8530-60bbac61578f1/home/minhdanh/Documents/EmoMV/Dataset2/DS2_val_match/1KDLpKMI0OI.mp4,exciting,0,DS2,match,446badb858b6226d5aca652a62cd4568b6c7e27139b2d69cf4f8cd8b67a8bce4,DS2__1KDLpKMI0OI,10.0,250,25.0,0,DS2__1KDLpKMI0OI,0,250,10.0
DS2__-uHT9riKVg8,/Users/rafiabhista/Documents/code/apple/c1_audio/emomv_2/aria/media/minhdanh/5e31d1e3-0187-4837-8530-60bbac61578f1/home/minhdanh/Documents/EmoMV/Dataset2/DS2_val_match/-uHT9riKVg8.mp4,exciting,0,DS2,match,7fecfcb1d9482becac5091c59bc9104e0da9391df1da6775fe21fe3bf9e698f2,DS2__-uHT9riKVg8,10.0,250,25.0,0,DS2__-uHT9riKVg8,0,250,10.0
DS2__1TYyG3L6bKI,/Users/rafiabhista/Documents/code/apple/c1_audio/emomv_2/aria/media/minhdanh/5e31d1e3-0187-4837-8530-60bbac61578f1/home/minhdanh/Documents/EmoMV/Dataset2/DS2_val_match/1TYyG3L6bKI.mp4,exciting,0,DS2,match,e0b8ad854c6763c4a3c60659d562496ff9d2f8f0cabcf0128fdbfe0cf91da79e,DS2__1TYyG3L6bKI,10.0,240,24.0,0,DS2__1TYyG3L6bKI,0,240,10.0
DS2__1svrOfS6bkI,/Users/rafiabhista/Documents/code/apple/c1_audio/emomv_2/aria/media/minhdanh/5e31d1e3-0187-4837-8530-60bbac61578f1/home/minhdanh/Documents/EmoMV/Dataset2/DS2_val_match/1svrOfS6bkI.mp4,exciting,0,DS2,match,3624ec3bc9a064a1a6536e246d810af9de61789f7e9a9579811ba9972629155b,DS2__1svrOfS6bkI,10.01,300,29.97,0,DS2__1svrOfS6bkI,0,300,10.01
DS2__2x4694ExyCU,/Users/rafiabhista/Documents/code/apple/c1_audio/emomv_2/aria/media/minhdanh/5e31d1e3-0187-4837-8530-60bbac61578f1/home/minhdanh/Documents/EmoMV/Dataset2/DS2_val_match/2x4694ExyCU.mp4,fear,1,DS2,match,089732554a86ec4245028c9d0cf3f5b6bb4474b62a41ce8adb197f8a1c4717da,DS2__2x4694ExyCU,10.01,240,23.976,0,DS2__2x4694ExyCU,0,240,10.01
DS2__UHZh9OBEg2s,/Users/rafiabhista/Documents/code/apple/c1_audio/emomv_2/aria/media/minhdanh/5e31d1e3-0187-4837-8530-60bbac61578f1/home/minhdanh/Documents/EmoMV/Dataset2/DS2_val_match/UHZh9OBEg2s.mp4,fear,1,DS2,match,6c4dbdc4f359f1ad3a3af88794563e69e6e05d0aed4abbbd33b1df2eb920c076,DS2__UHZh9OBEg2s,10.0117,300,29.965,0,DS2__UHZh9OBEg2s,0,300,10.0117
DS2__bePPIm7r2a4,/Users/rafiabhista/Documents/code/apple/c1_audio/emomv_2/aria/media/minhdanh/5e31d1e3-0187-4837-8530-60bbac61578f1/home/minhdanh/Documents/EmoMV/Dataset2/DS2_val_match/bePPIm7r2a4.mp4,fear,1,DS2,match,5d7b34723946651d31a0f4c3f3b3b198bf6b660bfc157c6ce875afc506775638,DS2__bePPIm7r2a4,10.01,300,29.97,0,DS2__bePPIm7r2a4,0,300,10.01
DS2__-7HGp-S8FHM,/Users/rafiabhista/Documents/code/apple/c1_audio/emomv_2/aria/media/minhdanh/5e31d1e3-0187-4837-8530-60bbac61578f1/home/minhdanh/Documents/EmoMV/Dataset2/DS2_val_match/-7HGp-S8FHM.mp4,fear,1,DS2,match,bb0920a5166f5cc0b0871bcb6aaa428507bb190fb29ccb805ce4e6411825bd45,DS2__-7HGp-S8FHM,10.0,240,24.0,0,DS2__-7HGp-S8FHM,0,240,10.0
DS2__oVhhEku6ECA,/Users/rafiabhista/Documents/code/apple/c1_audio/emomv_2/aria/media/minhdanh/5e31d1e3-0187-4837-8530-60bbac61578f1/home/minhdanh/Documents/EmoMV/Dataset2/DS2_val_match/oVhhEku6ECA.mp4,fear,1,DS2,match,3a2466c3738f76beb6e7ef458c0862bfe7f8425d9e64617ea301538e3ffa0ff0,DS2__oVhhEku6ECA,10.0,150,15.0,0,DS2__oVhhEku6ECA,0,150,10.0
DS2__-fA_oNSeikM,/Users/rafiabhista/Documents/code/apple/c1_audio/emomv_2/aria/media/minhdanh/5e31d1e3-0187-4837-8530-60bbac61578f1/home/minhdanh/Documents/EmoMV/Dataset2/DS2_val_match/-fA_oNSeikM.mp4,tense,2,DS2,match,99f87a64f36916f338566fe9439674f3d9022353e71f796d86182df0bc812cf3,DS2__-fA_oNSeikM,10.0,150,15.0,0,DS2__-fA_oNSeikM,0,150,10.0
DS2__mtU470r2w7M,/Users/rafiabhista/Documents/code/apple/c1_audio/emomv_2/aria/media/minhdanh/5e31d1e3-0187-4837-8530-60bbac61578f1/home/minhdanh/Documents/EmoMV/Dataset2/DS2_val_match/mtU470r2w7M.mp4,tense,2,DS2,match,d77734601cfce08fb14fac29a6e20541ceeec7f981e832aa1ab4b2f8fe483d6e,DS2__mtU470r2w7M,10.0,300,30.0,0,DS2__mtU470r2w7M,0,300,10.0
DS2__00682mVVDE8,/Users/rafiabhista/Documents/code/apple/c1_audio/emomv_2/aria/media/minhdanh/5e31d1e3-0187-4837-8530-60bbac61578f1/home/minhdanh/Documents/EmoMV/Dataset2/DS2_val_match/00682mVVDE8.mp4,tense,2,DS2,match,1323bbeac28fbd7552bad3eab5588eb37da5fc9013cc0be2ea7c4d0f59c39dd6,DS2__00682mVVDE8,10.01,240,23.976,0,DS2__00682mVVDE8,0,240,10.01
DS2__6ayzMaXDJjM,/Users/rafiabhista/Documents/code/apple/c1_audio/emomv_2/aria/media/minhdanh/5e31d1e3-0187-4837-8530-60bbac61578f1/home/minhdanh/Documents/EmoMV/Dataset2/DS2_val_match/6ayzMaXDJjM.mp4,sad,3,DS2,match,c74378234dc8f4fd61a0318357cce7585b73d541880f1be0a21f4230b8a6762d,DS2__6ayzMaXDJjM,10.0,250,25.0,0,DS2__6ayzMaXDJjM,0,250,10.0
DS2__K5bdRqkx9ow,/Users/rafiabhista/Documents/code/apple/c1_audio/emomv_2/aria/media/minhdanh/5e31d1e3-0187-4837-8530-60bbac61578f1/home/minhdanh/Documents/EmoMV/Dataset2/DS2_val_match/K5bdRqkx9ow.mp4,sad,3,DS2,match,34376b04e609ba9985126a8ba8b188367e5a7322efedf7657dfb806894251f56,DS2__K5bdRqkx9ow,10.0,250,25.0,0,DS2__K5bdRqkx9ow,0,250,10.0
DS2__PfH8jLcdAyI,/Users/rafiabhista/Documents/code/apple/c1_audio/emomv_2/aria/media/minhdanh/5e31d1e3-0187-4837-8530-60bbac61578f1/home/minhdanh/Documents/EmoMV/Dataset2/DS2_val_match/PfH8jLcdAyI.mp4,sad,3,DS2,match,8332d205f7c3899022b9a521a45a5f8a353d6ef032d4ad55b935b352ab554754,DS2__PfH8jLcdAyI,10.01,300,29.97,0,DS2__PfH8jLcdAyI,0,300,10.01
DS2__l9mhx35E3F0,/Users/rafiabhista/Documents/code/apple/c1_audio/emomv_2/aria/media/minhdanh/5e31d1e3-0187-4837-8530-60bbac61578f1/home/minhdanh/Documents/EmoMV/Dataset2/DS2_val_match/l9mhx35E3F0.mp4,sad,3,DS2,match,1b3ff6f1456e41c8a0eb655dd3bf50905733d9e97dc5c1ece37e67023faf2714,DS2__l9mhx35E3F0,10.0,250,25.0,0,DS2__l9mhx35E3F0,0,250,10.0
DS2__lmrzR9cSMRY,/Users/rafiabhista/Documents/code/apple/c1_audio/emomv_2/aria/media/minhdanh/5e31d1e3-0187-4837-8530-60bbac61578f1/home/minhdanh/Documents/EmoMV/Dataset2/DS2_val_match/lmrzR9cSMRY.mp4,sad,3,DS2,match,1b1126d79ab336d05d0ae9f3daa18463dec307648c01770106a1491dd3a1b8af,DS2__lmrzR9cSMRY,10.01,300,29.97,0,DS2__lmrzR9cSMRY,0,300,10.01
DS2__dvCTjqu3uLg,/Users/rafiabhista/Documents/code/apple/c1_audio/emomv_2/aria/media/minhdanh/5e31d1e3-0187-4837-8530-60bbac61578f1/home/minhdanh/Documents/EmoMV/Dataset2/DS2_val_match/dvCTjqu3uLg.mp4,sad,3,DS2,match,7c9a92b9cdf5bb83f1b9397fe583f2a67142b320f99c4bd1f59b4f204c92bcd1,DS2__dvCTjqu3uLg,10.01,300,29.97,0,DS2__dvCTjqu3uLg,0,300,10.01
DS2___1T2uagaTuw,/Users/rafiabhista/Documents/code/apple/c1_audio/emomv_2/aria/media/minhdanh/5e31d1e3-0187-4837-8530-60bbac61578f1/home/minhdanh/Documents/EmoMV/Dataset2/DS2_val_match/_1T2uagaTuw.mp4,sad,3,DS2,match,3c6a24fb270accfc5ca1d2e6dcf0b9349cf9884038f6c9b8391c67b3fe03d174,DS2___1T2uagaTuw,10.0,250,25.0,0,DS2___1T2uagaTuw,0,250,10.0
DS2__LdxCMOYWw78,/Users/rafiabhista/Documents/code/apple/c1_audio/emomv_2/aria/media/minhdanh/5e31d1e3-0187-4837-8530-60bbac61578f1/home/minhdanh/Documents/EmoMV/Dataset2/DS2_val_match/LdxCMOYWw78.mp4,sad,3,DS2,match,d4cc9c239aae021df038cf420895530174369e4519757a7c78e9e4940a5138c2,DS2__LdxCMOYWw78,10.01,300,29.97,0,DS2__LdxCMOYWw78,0,300,10.01
DS2__Tb1gc_XsNf8,/Users/rafiabhista/Documents/code/apple/c1_audio/emomv_2/aria/media/minhdanh/5e31d1e3-0187-4837-8530-60bbac61578f1/home/minhdanh/Documents/EmoMV/Dataset2/DS2_val_match/Tb1gc_XsNf8.mp4,relax,4,DS2,match,afba6c80da42deed83a67bce9149efe8096545ca47bfaab3bd686dd343de8f3c,DS2__Tb1gc_XsNf8,10.01,300,29.97,0,DS2__Tb1gc_XsNf8,0,300,10.01
DS2__2SNS2zNOPcw,/Users/rafiabhista/Documents/code/apple/c1_audio/emomv_2/aria/media/minhdanh/5e31d1e3-0187-4837-8530-60bbac61578f1/home/minhdanh/Documents/EmoMV/Dataset2/DS2_val_match/2SNS2zNOPcw.mp4,relax,4,DS2,match,a1d6f4888a95f54a6af98d999837556eea8a9e343fb046cb4d10f9197e251aad,DS2__2SNS2zNOPcw,10.0,300,30.0,0,DS2__2SNS2zNOPcw,0,300,10.0
DS2__3UmUXqBtH_U,/Users/rafiabhista/Documents/code/apple/c1_audio/emomv_2/aria/media/minhdanh/5e31d1e3-0187-4837-8530-60bbac61578f1/home/minhdanh/Documents/EmoMV/Dataset2/DS2_val_match/3UmUXqBtH_U.mp4,relax,4,DS2,match,53042da0f9849450249c9bd49d7c61ded5cdea4851dbaa5419911cdcb1a11903,DS2__3UmUXqBtH_U,10.0,250,25.0,0,DS2__3UmUXqBtH_U,0,250,10.0
DS2__wysPd3EXY1w,/Users/rafiabhista/Documents/code/apple/c1_audio/emomv_2/aria/media/minhdanh/5e31d1e3-0187-4837-8530-60bbac61578f1/home/minhdanh/Documents/EmoMV/Dataset2/DS2_val_match/wysPd3EXY1w.mp4,relax,4,DS2,match,2402d074cc5dddffce0ac84f93e17d7ef92c3127c579d2e8fdede071574cfe25,DS2__wysPd3EXY1w,10.0,250,25.0,0,DS2__wysPd3EXY1w,0,250,10.0
DS2__-1Wp8TqoK9U,/Users/rafiabhista/Documents/code/apple/c1_audio/emomv_2/aria/media/minhdanh/5e31d1e3-0187-4837-8530-60bbac61578f1/home/minhdanh/Documents/EmoMV/Dataset2/DS2_val_match/-1Wp8TqoK9U.mp4,relax,4,DS2,match,b739b1b7a0f3eae5ddf7899c3a71bb08078525f40fae2c079aab26ebb6fd2580,DS2__-1Wp8TqoK9U,10.01,300,29.97,0,DS2__-1Wp8TqoK9U,0,300,10.01
DS2__yjQ6qhsFeUs,/Users/rafiabhista/Documents/code/apple/c1_audio/emomv_2/aria/media/minhdanh/5e31d1e3-0187-4837-8530-60bbac61578f1/home/minhdanh/Documents/EmoMV/Dataset2/DS2_val_match/yjQ6qhsFeUs.mp4,relax,4,DS2,match,dd78cccffd01195ac7fd47590768028987f5673b5f9ce848e12c77641438aab9,DS2__yjQ6qhsFeUs,10.01,300,29.97,0,DS2__yjQ6qhsFeUs,0,300,10.01
DS2__05LmY4ktjD0,/Users/rafiabhista/Documents/code/apple/c1_audio/emomv_2/aria/media/minhdanh/5e31d1e3-0187-4837-8530-60bbac61578f1/home/minhdanh/Documents/EmoMV/Dataset2/DS2_val_match/05LmY4ktjD0.mp4,relax,4,DS2,match,679b5a3b5ab396d1cd7eaf80558ce5cb3812fb2e27692d2b3cdd0cc6704a1b64,DS2__05LmY4ktjD0,10.01,300,29.97,0,DS2__05LmY4ktjD0,0,300,10.01
DS2__4Vnofl4bcNE,/Users/rafiabhista/Documents/code/apple/c1_audio/emomv_2/aria/media/minhdanh/5e31d1e3-0187-4837-8530-60bbac61578f1/home/minhdanh/Documents/EmoMV/Dataset2/DS2_val_match/4Vnofl4bcNE.mp4,relax,4,DS2,match,873c5e2c00a5dae2f4c11a6d47926d49d936e431e16d27710deaee7cbc1daa99,DS2__4Vnofl4bcNE,9.0,216,24.0,0,DS2__4Vnofl4bcNE,0,216,9.0
DS2__-rnCey81yk0,/Users/rafiabhista/Documents/code/apple/c1_audio/emomv_2/aria/media/minhdanh/5e31d1e3-0187-4837-8530-60bbac61578f1/home/minhdanh/Documents/EmoMV/Dataset2/DS2_val_match/-rnCey81yk0.mp4,relax,4,DS2,match,a933a7f4b616b6f877a4cbd581cd3d84f20774cde607da645dc7c72c4d145254,DS2__-rnCey81yk0,10.01,240,23.976,0,DS2__-rnCey81yk0,0,240,10.01
DS2__XcbzLLQskEs,/Users/rafiabhista/Documents/code/apple/c1_audio/emomv_2/aria/media/minhdanh/5e31d1e3-0187-4837-8530-60bbac61578f1/home/minhdanh/Documents/EmoMV/Dataset2/DS2_val_match/XcbzLLQskEs.mp4,relax,4,DS2,match,768d4183d0d0ae777c6a574bb913212692b60141b6e1d7ea57188d7c19ccdeff,DS2__XcbzLLQskEs,10.0,250,25.0,0,DS2__XcbzLLQskEs,0,250,10.0
DS2__5q_3VgaivBk,/Users/rafiabhista/Documents/code/apple/c1_audio/emomv_2/aria/media/minhdanh/5e31d1e3-0187-4837-8530-60bbac61578f1/home/minhdanh/Documents/EmoMV/Dataset2/DS2_val_match/5q_3VgaivBk.mp4,relax,4,DS2,match,be1b5d74020c3d6a0056e17b552158e30bae3b7a385d0c16b5a9b71cd8106c2e,DS2__5q_3VgaivBk,10.01,300,29.97,0,DS2__5q_3VgaivBk,0,300,10.01
DS2__4eondfl6w1g,/Users/rafiabhista/Documents/code/apple/c1_audio/emomv_2/aria/media/minhdanh/5e31d1e3-0187-4837-8530-60bbac61578f1/home/minhdanh/Documents/EmoMV/Dataset2/DS2_val_match/4eondfl6w1g.mp4,relax,4,DS2,match,f14ceaa83f96c8ae33d268c1c545ae3014129fa1b6fe20d8f6cee718f05a9d69,DS2__4eondfl6w1g,10.0,250,25.0,0,DS2__4eondfl6w1g,0,250,10.0
DS3__rp1lHx8vCgc_02,/Users/rafiabhista/Documents/code/apple/c1_audio/emomv_2/aria/media/minhdanh/5e31d1e3-0187-4837-8530-60bbac61578f1/home/minhdanh/Documents/EmoMV/Dataset3/DS3_train_match/rp1lHx8vCgc_02.mp4,exciting,0,DS3,match,91e03f3806180b26d177cc88c2c2744279ea4af804979271e60706c228193406,DS3__rp1lHx8vCgc,29.9966,899,29.97,0,DS3__rp1lHx8vCgc_02,0,899,29.9966
DS3__gP3zuuGav-Y_01,/Users/rafiabhista/Documents/code/apple/c1_audio/emomv_2/aria/media/minhdanh/5e31d1e3-0187-4837-8530-60bbac61578f1/home/minhdanh/Documents/EmoMV/Dataset3/DS3_train_match/gP3zuuGav-Y_01.mp4,exciting,0,DS3,match,deec9500e38b5d47cff6028e7ce1de76582d3eaa1286016e748ffce070a054a5,DS3__gP3zuuGav-Y,30.0,900,30.0,0,DS3__gP3zuuGav-Y_01,0,900,30.0
DS3__aXJhDltzYVQ_05,/Users/rafiabhista/Documents/code/apple/c1_audio/emomv_2/aria/media/minhdanh/5e31d1e3-0187-4837-8530-60bbac61578f1/home/minhdanh/Documents/EmoMV/Dataset3/DS3_train_match/aXJhDltzYVQ_05.mp4,exciting,0,DS3,match,5d0e82a65a16c9bea08a14ab38e7fcf98187054a2fef12cf41a828233f7704cb,DS3__aXJhDltzYVQ,29.9883,719,23.976,0,DS3__aXJhDltzYVQ_05,0,719,29.9883
DS3__ltrMfT4Qz5Y_03,/Users/rafiabhista/Documents/code/apple/c1_audio/emomv_2/aria/media/minhdanh/5e31d1e3-0187-4837-8530-60bbac61578f1/home/minhdanh/Documents/EmoMV/Dataset3/DS3_train_match/ltrMfT4Qz5Y_03.mp4,exciting,0,DS3,match,fbcdc28c498713392d9ec66ff248ab9118345e3780b9ead595bf74abf501a663,DS3__ltrMfT4Qz5Y,29.9966,899,29.97,0,DS3__ltrMfT4Qz5Y_03,0,899,29.9966
DS3__1ZOozDHL0LA_03,/Users/rafiabhista/Documents/code/apple/c1_audio/emomv_2/aria/media/minhdanh/5e31d1e3-0187-4837-8530-60bbac61578f1/home/minhdanh/Documents/EmoMV/Dataset3/DS3_train_match/1ZOozDHL0LA_03.mp4,exciting,0,DS3,match,befab9ec5b0e492492fef0a21db3b99c5464d61d0ccc150d32971be9f432dde9,DS3__1ZOozDHL0LA,30.0,750,25.0,0,DS3__1ZOozDHL0LA_03,0,750,30.0
DS3__dQkrLpwj1vk_06,/Users/rafiabhista/Documents/code/apple/c1_audio/emomv_2/aria/media/minhdanh/5e31d1e3-0187-4837-8530-60bbac61578f1/home/minhdanh/Documents/EmoMV/Dataset3/DS3_train_match/dQkrLpwj1vk_06.mp4,exciting,0,DS3,match,56f0129d0475013dda277bf32eb2089354be6e785801bb40b742d8efff41d6fd,DS3__dQkrLpwj1vk,29.9966,899,29.97,0,DS3__dQkrLpwj1vk_06,0,899,29.9966
DS3___uDiGAr_WKs_05,/Users/rafiabhista/Documents/code/apple/c1_audio/emomv_2/aria/media/minhdanh/5e31d1e3-0187-4837-8530-60bbac61578f1/home/minhdanh/Documents/EmoMV/Dataset3/DS3_train_match/_uDiGAr_WKs_05.mp4,exciting,0,DS3,match,8be9d2cff423a6f9128948e66ef075a1b5cfa53318651ecf82d1fc38eb4153ff,DS3___uDiGAr_WKs,29.9966,899,29.97,0,DS3___uDiGAr_WKs_05,0,899,29.9966
DS3__sTUU4JqFykM_04,/Users/rafiabhista/Documents/code/apple/c1_audio/emomv_2/aria/media/minhdanh/5e31d1e3-0187-4837-8530-60bbac61578f1/home/minhdanh/Documents/EmoMV/Dataset3/DS3_train_match/sTUU4JqFykM_04.mp4,exciting,0,DS3,match,5de6af2bac92ea6167fd8371ba1e8b082f6e5dd7be73073d3bcdedfe18cd08e3,DS3__sTUU4JqFykM,29.9966,899,29.97,0,DS3__sTUU4JqFykM_04,0,899,29.9966
DS3__Cy10pGVmc20_00,/Users/rafiabhista/Documents/code/apple/c1_audio/emomv_2/aria/media/minhdanh/5e31d1e3-0187-4837-8530-60bbac61578f1/home/minhdanh/Documents/EmoMV/Dataset3/DS3_train_match/Cy10pGVmc20_00.mp4,exciting,0,DS3,match,5a249aa0e5f0ae593f9732d7dc4c9933a1e5d4d8fcf16205a0ef40d074f1c311,DS3__Cy10pGVmc20,30.03,900,29.97,0,DS3__Cy10pGVmc20_00,0,900,30.03
DS3__ChhCpSVrjvU_09,/Users/rafiabhista/Documents/code/apple/c1_audio/emomv_2/aria/media/minhdanh/5e31d1e3-0187-4837-8530-60bbac61578f1/home/minhdanh/Documents/EmoMV/Dataset3/DS3_train_match/ChhCpSVrjvU_09.mp4,exciting,0,DS3,match,1dae963d9137802a02700c180830579f47d9caa780bed3ff5c404e264accda9f,DS3__ChhCpSVrjvU,30.03,900,29.97,0,DS3__ChhCpSVrjvU_09,0,900,30.03
DS3__p_sMX4RysC8_05,/Users/rafiabhista/Documents/code/apple/c1_audio/emomv_2/aria/media/minhdanh/5e31d1e3-0187-4837-8530-60bbac61578f1/home/minhdanh/Documents/EmoMV/Dataset3/DS3_train_match/p_sMX4RysC8_05.mp4,exciting,0,DS3,match,77d8bd8a71dcad7227da9a57f641ba7f041d23570ac7375fff71e7f445c0202e,DS3__p_sMX4RysC8,30.0,750,25.0,0,DS3__p_sMX4RysC8_05,0,750,30.0
DS3__iOTcr9wKC-o_02,/Users/rafiabhista/Documents/code/apple/c1_audio/emomv_2/aria/media/minhdanh/5e31d1e3-0187-4837-8530-60bbac61578f1/home/minhdanh/Documents/EmoMV/Dataset3/DS3_train_match/iOTcr9wKC-o_02.mp4,exciting,0,DS3,match,8a1443e2a2956d0166bfd5885af448b2d89e7b6353b074c2a6dc0eb7c87792f6,DS3__iOTcr9wKC-o,29.9966,899,29.97,0,DS3__iOTcr9wKC-o_02,0,899,29.9966
DS3__RQa7SvVCdZk_07,/Users/rafiabhista/Documents/code/apple/c1_audio/emomv_2/aria/media/minhdanh/5e31d1e3-0187-4837-8530-60bbac61578f1/home/minhdanh/Documents/EmoMV/Dataset3/DS3_train_match/RQa7SvVCdZk_07.mp4,exciting,0,DS3,match,0a0f4ae81972ea870a8e8fd950e7c87765c68e81885f21587059544591d9ad10,DS3__RQa7SvVCdZk,30.03,720,23.976,0,DS3__RQa7SvVCdZk_07,0,720,30.03
DS3__ldgFcZ4tcnw_02,/Users/rafiabhista/Documents/code/apple/c1_audio/emomv_2/aria/media/minhdanh/5e31d1e3-0187-4837-8530-60bbac61578f1/home/minhdanh/Documents/EmoMV/Dataset3/DS3_train_match/ldgFcZ4tcnw_02.mp4,exciting,0,DS3,match,c288aa1e56da1abba1771b0edc1542bd0d7d0217e92fde1b460d9202e6ed61e9,DS3__ldgFcZ4tcnw,30.0,750,25.0,0,DS3__ldgFcZ4tcnw_02,0,750,30.0
DS3__fPO76Jlnz6c_03,/Users/rafiabhista/Documents/code/apple/c1_audio/emomv_2/aria/media/minhdanh/5e31d1e3-0187-4837-8530-60bbac61578f1/home/minhdanh/Documents/EmoMV/Dataset3/DS3_train_match/fPO76Jlnz6c_03.mp4,exciting,0,DS3,match,72df563620e5253161552447b4e48774d3e04a3950e3473c9bcf2c583fb4b6e3,DS3__fPO76Jlnz6c,29.9966,899,29.97,0,DS3__fPO76Jlnz6c_03,0,899,29.9966
DS3__fiBLgEx6svA_05,/Users/rafiabhista/Documents/code/apple/c1_audio/emomv_2/aria/media/minhdanh/5e31d1e3-0187-4837-8530-60bbac61578f1/home/minhdanh/Documents/EmoMV/Dataset3/DS3_train_match/fiBLgEx6svA_05.mp4,exciting,0,DS3,match,883e2d7fa5421e077cf6561b21513bbd259c0794c771d563b2da222a619861e6,DS3__fiBLgEx6svA,29.9966,899,29.97,0,DS3__fiBLgEx6svA_05,0,899,29.9966
DS3__k_JnCWT-_O8_04,/Users/rafiabhista/Documents/code/apple/c1_audio/emomv_2/aria/media/minhdanh/5e31d1e3-0187-4837-8530-60bbac61578f1/home/minhdanh/Documents/EmoMV/Dataset3/DS3_train_match/k_JnCWT-_O8_04.mp4,exciting,0,DS3,match,578e71b5d08e96735da6eb7faeb1954f85b06dd5c68da570726811d8d3d30276,DS3__k_JnCWT-_O8,29.9883,719,23.976,0,DS3__k_JnCWT-_O8_04,0,719,29.9883
DS3__c5BL4RNFr58_03,/Users/rafiabhista/Documents/code/apple/c1_audio/emomv_2/aria/media/minhdanh/5e31d1e3-0187-4837-8530-60bbac61578f1/home/minhdanh/Documents/EmoMV/Dataset3/DS3_train_match/c5BL4RNFr58_03.mp4,exciting,0,DS3,match,07c5d436db0cebd57b895da1a704d3862870862d95538c4eb75f1de0509a5ad3,DS3__c5BL4RNFr58,29.9966,899,29.97,0,DS3__c5BL4RNFr58_03,0,899,29.9966
DS3__mwhwGmoYv1s_06,/Users/rafiabhista/Documents/code/apple/c1_audio/emomv_2/aria/media/minhdanh/5e31d1e3-0187-4837-8530-60bbac61578f1/home/minhdanh/Documents/EmoMV/Dataset3/DS3_train_match/mwhwGmoYv1s_06.mp4,exciting,0,DS3,match,f772adcd9f46a59dd763fc66324877f84d843b71103f91309b0673a1055ea117,DS3__mwhwGmoYv1s,29.9966,899,29.97,0,DS3__mwhwGmoYv1s_06,0,899,29.9966
DS3__DQjkCLuJE_E_03,/Users/rafiabhista/Documents/code/apple/c1_audio/emomv_2/aria/media/minhdanh/5e31d1e3-0187-4837-8530-60bbac61578f1/home/minhdanh/Documents/EmoMV/Dataset3/DS3_train_match/DQjkCLuJE_E_03.mp4,exciting,0,DS3,match,3fb8005fe521edd0f0b3d3061007f8b0c588bd52f2152919171e6fd1791f6bb3,DS3__DQjkCLuJE_E,30.0,900,30.0,0,DS3__DQjkCLuJE_E_03,0,900,30.0
DS3__2vjPBrBU-TM_01,/Users/rafiabhista/Documents/code/apple/c1_audio/emomv_2/aria/media/minhdanh/5e31d1e3-0187-4837-8530-60bbac61578f1/home/minhdanh/Documents/EmoMV/Dataset3/DS3_train_match/2vjPBrBU-TM_01.mp4,exciting,0,DS3,match,64d4a37334ae1d308f277ada091f8e8be5575e66d4bf2e2e7de4d7388f459042,DS3__2vjPBrBU-TM,29.9883,719,23.976,0,DS3__2vjPBrBU-TM_01,0,719,29.9883
DS3___Jtpf8N5IDE_06,/Users/rafiabhista/Documents/code/apple/c1_audio/emomv_2/aria/media/minhdanh/5e31d1e3-0187-4837-8530-60bbac61578f1/home/minhdanh/Documents/EmoMV/Dataset3/DS3_train_match/_Jtpf8N5IDE_06.mp4,exciting,0,DS3,match,629bca15fee309b990dc44edf2ec0a54e382a1e59f28ce64e12524d55561c905,DS3___Jtpf8N5IDE,30.0,900,30.0,0,DS3___Jtpf8N5IDE_06,0,900,30.0
DS3__llfjDUB66Z4_01,/Users/rafiabhista/Documents/code/apple/c1_audio/emomv_2/aria/media/minhdanh/5e31d1e3-0187-4837-8530-60bbac61578f1/home/minhdanh/Documents/EmoMV/Dataset3/DS3_train_match/llfjDUB66Z4_01.mp4,exciting,0,DS3,match,9da62ba8f6742c14556eafba8cc1f60a3cbb4bdec5cab52079237a440c0ea1f7,DS3__llfjDUB66Z4,29.9966,899,29.97,0,DS3__llfjDUB66Z4_01,0,899,29.9966
DS3__llfjDUB66Z4_03,/Users/rafiabhista/Documents/code/apple/c1_audio/emomv_2/aria/media/minhdanh/5e31d1e3-0187-4837-8530-60bbac61578f1/home/minhdanh/Documents/EmoMV/Dataset3/DS3_train_match/llfjDUB66Z4_03.mp4,exciting,0,DS3,match,efd18010c1ac04fffb54c82aea4f92d3e01da603ae06b8c706c02f8746ba3642,DS3__llfjDUB66Z4,29.9966,899,29.97,0,DS3__llfjDUB66Z4_03,0,899,29.9966
DS3__79DijItQXMM_03,/Users/rafiabhista/Documents/code/apple/c1_audio/emomv_2/aria/media/minhdanh/5e31d1e3-0187-4837-8530-60bbac61578f1/home/minhdanh/Documents/EmoMV/Dataset3/DS3_train_match/79DijItQXMM_03.mp4,exciting,0,DS3,match,81f1f9219b00712a87f629f1f34a442e580b58944d93d2d1273ccc505091e1a6,DS3__79DijItQXMM,30.03,720,23.976,0,DS3__79DijItQXMM_03,0,720,30.03
DS3___TGU35i8czo_03,/Users/rafiabhista/Documents/code/apple/c1_audio/emomv_2/aria/media/minhdanh/5e31d1e3-0187-4837-8530-60bbac61578f1/home/minhdanh/Documents/EmoMV/Dataset3/DS3_train_match/_TGU35i8czo_03.mp4,exciting,0,DS3,match,ba8205b8ac8ed4ac7978450c261950f4e9f5ee327caa43d01ae0e7eda47a6f83,DS3___TGU35i8czo,30.0,750,25.0,0,DS3___TGU35i8czo_03,0,750,30.0
DS3__ChhCpSVrjvU_07,/Users/rafiabhista/Documents/code/apple/c1_audio/emomv_2/aria/media/minhdanh/5e31d1e3-0187-4837-8530-60bbac61578f1/home/minhdanh/Documents/EmoMV/Dataset3/DS3_train_match/ChhCpSVrjvU_07.mp4,exciting,0,DS3,match,bb152a3afa71a3ff99e49b524c52eae1b1fcb22fd5acb0b9684a36cfc700ac03,DS3__ChhCpSVrjvU,29.9966,899,29.97,0,DS3__ChhCpSVrjvU_07,0,899,29.9966
DS3__fiBLgEx6svA_02,/Users/rafiabhista/Documents/code/apple/c1_audio/emomv_2/aria/media/minhdanh/5e31d1e3-0187-4837-8530-60bbac61578f1/home/minhdanh/Documents/EmoMV/Dataset3/DS3_train_match/fiBLgEx6svA_02.mp4,exciting,0,DS3,match,02e274a5cd10d2493d768d2361c371179d157a95c5d7ffec496aa6c897300cd1,DS3__fiBLgEx6svA,29.9966,899,29.97,0,DS3__fiBLgEx6svA_02,0,899,29.9966
DS3__MVhBEtTSEcE_05,/Users/rafiabhista/Documents/code/apple/c1_audio/emomv_2/aria/media/minhdanh/5e31d1e3-0187-4837-8530-60bbac61578f1/home/minhdanh/Documents/EmoMV/Dataset3/DS3_train_match/MVhBEtTSEcE_05.mp4,exciting,0,DS3,match,1d83f8f913dce105f5011281f3580cc88885b6bb15f66e18ad9d320ec375542e,DS3__MVhBEtTSEcE,29.9966,899,29.97,0,DS3__MVhBEtTSEcE_05,0,899,29.9966
DS3__osuYQ96XOZI_01,/Users/rafiabhista/Documents/code/apple/c1_audio/emomv_2/aria/media/minhdanh/5e31d1e3-0187-4837-8530-60bbac61578f1/home/minhdanh/Documents/EmoMV/Dataset3/DS3_train_match/osuYQ96XOZI_01.mp4,exciting,0,DS3,match,100a8879d9b2ab7df106a7091b040bff8858458217256c1b674131bb7cb1067a,DS3__osuYQ96XOZI,29.9883,719,23.976,0,DS3__osuYQ96XOZI_01,0,719,29.9883
DS3__1ZOozDHL0LA_09,/Users/rafiabhista/Documents/code/apple/c1_audio/emomv_2/aria/media/minhdanh/5e31d1e3-0187-4837-8530-60bbac61578f1/home/minhdanh/Documents/EmoMV/Dataset3/DS3_train_match/1ZOozDHL0LA_09.mp4,exciting,0,DS3,match,494730248a4e7c128cdd84e84d87023e7b11c6bc4982f30c6b705a23e12c8ef9,DS3__1ZOozDHL0LA,30.0,750,25.0,0,DS3__1ZOozDHL0LA_09,0,750,30.0
DS3__RvzUq6O8zS0_03,/Users/rafiabhista/Documents/code/apple/c1_audio/emomv_2/aria/media/minhdanh/5e31d1e3-0187-4837-8530-60bbac61578f1/home/minhdanh/Documents/EmoMV/Dataset3/DS3_train_match/RvzUq6O8zS0_03.mp4,exciting,0,DS3,match,3508803dd490700be4171b522276cc6cab57dc20bc46cef018f5f1457b40e89e,DS3__RvzUq6O8zS0,30.03,720,23.976,0,DS3__RvzUq6O8zS0_03,0,720,30.03
DS3__pj6k-EFxqAI_04,/Users/rafiabhista/Documents/code/apple/c1_audio/emomv_2/aria/media/minhdanh/5e31d1e3-0187-4837-8530-60bbac61578f1/home/minhdanh/Documents/EmoMV/Dataset3/DS3_train_match/pj6k-EFxqAI_04.mp4,exciting,0,DS3,match,1ff0bc924e61d2a69365ed46b0ae62a943f05e7ef0e239c68921d9f0b00aa311,DS3__pj6k-EFxqAI,29.9883,719,23.976,0,DS3__pj6k-EFxqAI_04,0,719,29.9883
DS3__nLAWPrCUQQ0_04,/Users/rafiabhista/Documents/code/apple/c1_audio/emomv_2/aria/media/minhdanh/5e31d1e3-0187-4837-8530-60bbac61578f1/home/minhdanh/Documents/EmoMV/Dataset3/DS3_train_match/nLAWPrCUQQ0_04.mp4,exciting,0,DS3,match,932f7c26ca8969f6f4bcdb4758ede36b7cf5a2efd27302b1c2b6944a57c1a842,DS3__nLAWPrCUQQ0,30.0,750,25.0,0,DS3__nLAWPrCUQQ0_04,0,750,30.0
DS3__Kc71KZG87X4_02,/Users/rafiabhista/Documents/code/apple/c1_audio/emomv_2/aria/media/minhdanh/5e31d1e3-0187-4837-8530-60bbac61578f1/home/minhdanh/Documents/EmoMV/Dataset3/DS3_train_match/Kc71KZG87X4_02.mp4,exciting,0,DS3,match,93d6189cbacacdf6e58b2b885b0eeebf03361cc1063dfb11252179a3f24555bf,DS3__Kc71KZG87X4,29.9966,899,29.97,0,DS3__Kc71KZG87X4_02,0,899,29.9966
DS3__G7q_N240luA_07,/Users/rafiabhista/Documents/code/apple/c1_audio/emomv_2/aria/media/minhdanh/5e31d1e3-0187-4837-8530-60bbac61578f1/home/minhdanh/Documents/EmoMV/Dataset3/DS3_train_match/G7q_N240luA_07.mp4,exciting,0,DS3,match,349e2125c01a0d5bc9d96f1f0de937d8b9943e992780b241a036e635e842ab62,DS3__G7q_N240luA,29.9966,899,29.97,0,DS3__G7q_N240luA_07,0,899,29.9966
DS3__osuYQ96XOZI_00,/Users/rafiabhista/Documents/code/apple/c1_audio/emomv_2/aria/media/minhdanh/5e31d1e3-0187-4837-8530-60bbac61578f1/home/minhdanh/Documents/EmoMV/Dataset3/DS3_train_match/osuYQ96XOZI_00.mp4,exciting,0,DS3,match,26f925ce9ca55eeaefc1cc821aaefeb7d0bbbb0e79fca21701d6ed5d718ef234,DS3__osuYQ96XOZI,30.03,720,23.976,0,DS3__osuYQ96XOZI_00,0,720,30.03
DS3__eGLSPyGszjo_07,/Users/rafiabhista/Documents/code/apple/c1_audio/emomv_2/aria/media/minhdanh/5e31d1e3-0187-4837-8530-60bbac61578f1/home/minhdanh/Documents/EmoMV/Dataset3/DS3_train_match/eGLSPyGszjo_07.mp4,exciting,0,DS3,match,90a61c8998f28c901c59aec3f2035721b5bc2bdba9e5d9c78ec74175a57b7793,DS3__eGLSPyGszjo,30.03,720,23.976,0,DS3__eGLSPyGszjo_07,0,720,30.03
DS3__s25OMP4Ww6Y_06,/Users/rafiabhista/Documents/code/apple/c1_audio/emomv_2/aria/media/minhdanh/5e31d1e3-0187-4837-8530-60bbac61578f1/home/minhdanh/Documents/EmoMV/Dataset3/DS3_train_match/s25OMP4Ww6Y_06.mp4,exciting,0,DS3,match,3c3633713117c84d3b61d05f189624f6f6a2d70b01a042034260f7663d4644e2,DS3__s25OMP4Ww6Y,29.9966,899,29.97,0,DS3__s25OMP4Ww6Y_06,0,899,29.9966
DS3__c5BL4RNFr58_04,/Users/rafiabhista/Documents/code/apple/c1_audio/emomv_2/aria/media/minhdanh/5e31d1e3-0187-4837-8530-60bbac61578f1/home/minhdanh/Documents/EmoMV/Dataset3/DS3_train_match/c5BL4RNFr58_04.mp4,exciting,0,DS3,match,7129443d94a5e80ad052bb3330831459cc58e6c96634737c2de1202744c7b0d8,DS3__c5BL4RNFr58,29.9966,899,29.97,0,DS3__c5BL4RNFr58_04,0,899,29.9966
DS3__c6rP-YP4c5I_03,/Users/rafiabhista/Documents/code/apple/c1_audio/emomv_2/aria/media/minhdanh/5e31d1e3-0187-4837-8530-60bbac61578f1/home/minhdanh/Documents/EmoMV/Dataset3/DS3_train_match/c6rP-YP4c5I_03.mp4,exciting,0,DS3,match,e9d48836b3e6da5a6d15f1a32b1c2f49a758b888abf6734a02dbdfeaf13451ce,DS3__c6rP-YP4c5I,30.03,720,23.976,0,DS3__c6rP-YP4c5I_03,0,720,30.03
DS3__Cy10pGVmc20_01,/Users/rafiabhista/Documents/code/apple/c1_audio/emomv_2/aria/media/minhdanh/5e31d1e3-0187-4837-8530-60bbac61578f1/home/minhdanh/Documents/EmoMV/Dataset3/DS3_train_match/Cy10pGVmc20_01.mp4,exciting,0,DS3,match,386628198bbaac546f46bc5c9a8d9063b55df9ca2c33839ffd1c5407a21c23b3,DS3__Cy10pGVmc20,29.9966,899,29.97,0,DS3__Cy10pGVmc20_01,0,899,29.9966
DS3___uDiGAr_WKs_02,/Users/rafiabhista/Documents/code/apple/c1_audio/emomv_2/aria/media/minhdanh/5e31d1e3-0187-4837-8530-60bbac61578f1/home/minhdanh/Documents/EmoMV/Dataset3/DS3_train_match/_uDiGAr_WKs_02.mp4,exciting,0,DS3,match,21d54bee3cc14e3e2870eda8186a9ae29306bb97157836efb2f7257cf1464ffd,DS3___uDiGAr_WKs,29.9966,899,29.97,0,DS3___uDiGAr_WKs_02,0,899,29.9966
DS3__DP3PYz-Zpb4_08,/Users/rafiabhista/Documents/code/apple/c1_audio/emomv_2/aria/media/minhdanh/5e31d1e3-0187-4837-8530-60bbac61578f1/home/minhdanh/Documents/EmoMV/Dataset3/DS3_train_match/DP3PYz-Zpb4_08.mp4,exciting,0,DS3,match,da7f6ac9c72cc92ed2389d6c502ef64c6f7b3dd0b1e297b7b2c9c7bd00582239,DS3__DP3PYz-Zpb4,29.9883,719,23.976,0,DS3__DP3PYz-Zpb4_08,0,719,29.9883
DS3__cAQSZhazYk8_00,/Users/rafiabhista/Documents/code/apple/c1_audio/emomv_2/aria/media/minhdanh/5e31d1e3-0187-4837-8530-60bbac61578f1/home/minhdanh/Documents/EmoMV/Dataset3/DS3_train_match/cAQSZhazYk8_00.mp4,exciting,0,DS3,match,5d503dbf435e2c83cf8d9428fef3b50434d42babbeec99365d1afacfa76368b7,DS3__cAQSZhazYk8,30.03,720,23.976,0,DS3__cAQSZhazYk8_00,0,720,30.03
DS3__DZHJFPKveUw_04,/Users/rafiabhista/Documents/code/apple/c1_audio/emomv_2/aria/media/minhdanh/5e31d1e3-0187-4837-8530-60bbac61578f1/home/minhdanh/Documents/EmoMV/Dataset3/DS3_train_match/DZHJFPKveUw_04.mp4,exciting,0,DS3,match,e4b777995421ca64bc76c575bf941f852ce71953876e7b94aeaed2294b129d62,DS3__DZHJFPKveUw,30.0,900,30.0,0,DS3__DZHJFPKveUw_04,0,900,30.0
DS3__l_E1SIayy9U_04,/Users/rafiabhista/Documents/code/apple/c1_audio/emomv_2/aria/media/minhdanh/5e31d1e3-0187-4837-8530-60bbac61578f1/home/minhdanh/Documents/EmoMV/Dataset3/DS3_train_match/l_E1SIayy9U_04.mp4,exciting,0,DS3,match,2a56d78d9e800ef99908d018ed257b1639496bb693fe967d70cbc34eaee57bcf,DS3__l_E1SIayy9U,30.0,750,25.0,0,DS3__l_E1SIayy9U_04,0,750,30.0
DS3__bo_efYhYU2A_05,/Users/rafiabhista/Documents/code/apple/c1_audio/emomv_2/aria/media/minhdanh/5e31d1e3-0187-4837-8530-60bbac61578f1/home/minhdanh/Documents/EmoMV/Dataset3/DS3_train_match/bo_efYhYU2A_05.mp4,exciting,0,DS3,match,f1b9506b588f5fbe162808967735735faba9d10ddcf3cb961abd6c52b61b92ed,DS3__bo_efYhYU2A,29.9883,719,23.976,0,DS3__bo_efYhYU2A_05,0,719,29.9883
DS3__gP3zuuGav-Y_00,/Users/rafiabhista/Documents/code/apple/c1_audio/emomv_2/aria/media/minhdanh/5e31d1e3-0187-4837-8530-60bbac61578f1/home/minhdanh/Documents/EmoMV/Dataset3/DS3_train_match/gP3zuuGav-Y_00.mp4,exciting,0,DS3,match,0608856e80c93dcefd5e4a535ba27fcf5ea51ce6511def850a0e14cd4a3a81d4,DS3__gP3zuuGav-Y,30.0,900,30.0,0,DS3__gP3zuuGav-Y_00,0,900,30.0
DS3__eGLSPyGszjo_04,/Users/rafiabhista/Documents/code/apple/c1_audio/emomv_2/aria/media/minhdanh/5e31d1e3-0187-4837-8530-60bbac61578f1/home/minhdanh/Documents/EmoMV/Dataset3/DS3_train_match/eGLSPyGszjo_04.mp4,exciting,0,DS3,match,09c56521e6f2e5b05947f7cefe2820e2c76f6c3f83712d78afe00ab4da82b248,DS3__eGLSPyGszjo,29.9883,719,23.976,0,DS3__eGLSPyGszjo_04,0,719,29.9883
DS3__jqQwzgixHAM_03,/Users/rafiabhista/Documents/code/apple/c1_audio/emomv_2/aria/media/minhdanh/5e31d1e3-0187-4837-8530-60bbac61578f1/home/minhdanh/Documents/EmoMV/Dataset3/DS3_train_match/jqQwzgixHAM_03.mp4,fear,1,DS3,match,bf464fdfae08d18d75ce7dbbb72d0387c0ea0f84f3dd3a70f6c0645687aebb3e,DS3__jqQwzgixHAM,30.03,720,23.976,0,DS3__jqQwzgixHAM_03,0,720,30.03
DS3__dn3j6-yQKWQ_01,/Users/rafiabhista/Documents/code/apple/c1_audio/emomv_2/aria/media/minhdanh/5e31d1e3-0187-4837-8530-60bbac61578f1/home/minhdanh/Documents/EmoMV/Dataset3/DS3_train_match/dn3j6-yQKWQ_01.mp4,fear,1,DS3,match,3ae16b3326e40ab1eb1ff29fb46250df38d9619638da047966f9b7eb4c40e878,DS3__dn3j6-yQKWQ,29.9883,719,23.976,0,DS3__dn3j6-yQKWQ_01,0,719,29.9883
DS3__ulOLYnOthIw_06,/Users/rafiabhista/Documents/code/apple/c1_audio/emomv_2/aria/media/minhdanh/5e31d1e3-0187-4837-8530-60bbac61578f1/home/minhdanh/Documents/EmoMV/Dataset3/DS3_train_match/ulOLYnOthIw_06.mp4,fear,1,DS3,match,ec59d5945ea6b2c66528e71e644cc82ad80b44f7b83f7b89e0032baa723f4612,DS3__ulOLYnOthIw,29.9883,719,23.976,0,DS3__ulOLYnOthIw_06,0,719,29.9883
DS3__jqQwzgixHAM_02,/Users/rafiabhista/Documents/code/apple/c1_audio/emomv_2/aria/media/minhdanh/5e31d1e3-0187-4837-8530-60bbac61578f1/home/minhdanh/Documents/EmoMV/Dataset3/DS3_train_match/jqQwzgixHAM_02.mp4,fear,1,DS3,match,8952746117da63a162fc90ee11b53f5fc22128ca16d30732f6743b6a5226eec2,DS3__jqQwzgixHAM,29.9883,719,23.976,0,DS3__jqQwzgixHAM_02,0,719,29.9883
DS3__9rB_x4VSZpU_03,/Users/rafiabhista/Documents/code/apple/c1_audio/emomv_2/aria/media/minhdanh/5e31d1e3-0187-4837-8530-60bbac61578f1/home/minhdanh/Documents/EmoMV/Dataset3/DS3_train_match/9rB_x4VSZpU_03.mp4,fear,1,DS3,match,2158747bd1a6aff92ab58991fbda949459707297359e966b1785b7fc75dfb4b1,DS3__9rB_x4VSZpU,29.9966,899,29.97,0,DS3__9rB_x4VSZpU_03,0,899,29.9966
DS3__5pzBs8jiIuI_01,/Users/rafiabhista/Documents/code/apple/c1_audio/emomv_2/aria/media/minhdanh/5e31d1e3-0187-4837-8530-60bbac61578f1/home/minhdanh/Documents/EmoMV/Dataset3/DS3_train_match/5pzBs8jiIuI_01.mp4,fear,1,DS3,match,dc50f2fac4e61df9074b73f242cf0b67e04ccaef9aa0999d4db1199956bed8aa,DS3__5pzBs8jiIuI,30.0,750,25.0,0,DS3__5pzBs8jiIuI_01,0,750,30.0
DS3__V-WGkADkVnM_10,/Users/rafiabhista/Documents/code/apple/c1_audio/emomv_2/aria/media/minhdanh/5e31d1e3-0187-4837-8530-60bbac61578f1/home/minhdanh/Documents/EmoMV/Dataset3/DS3_train_match/V-WGkADkVnM_10.mp4,fear,1,DS3,match,b71ce1cd005a0d42c8f334ef0bb032f9430c26b029cfc8b8f765292a415eaccb,DS3__V-WGkADkVnM,30.0,900,30.0,0,DS3__V-WGkADkVnM_10,0,900,30.0
DS3__7-4no0aMa8k_02,/Users/rafiabhista/Documents/code/apple/c1_audio/emomv_2/aria/media/minhdanh/5e31d1e3-0187-4837-8530-60bbac61578f1/home/minhdanh/Documents/EmoMV/Dataset3/DS3_train_match/7-4no0aMa8k_02.mp4,fear,1,DS3,match,340a6d7a0feebbefb0b6c437ad59c3d0fcd6346c6461164082d2829586e7f38d,DS3__7-4no0aMa8k,30.0,900,30.0,0,DS3__7-4no0aMa8k_02,0,900,30.0
DS3__1M4FG1UXH5w_05,/Users/rafiabhista/Documents/code/apple/c1_audio/emomv_2/aria/media/minhdanh/5e31d1e3-0187-4837-8530-60bbac61578f1/home/minhdanh/Documents/EmoMV/Dataset3/DS3_train_match/1M4FG1UXH5w_05.mp4,fear,1,DS3,match,132acaba0193e3c35472e261c15a6688b509ffc673c9776361969e9cf7bbbd0d,DS3__1M4FG1UXH5w,29.9966,899,29.97,0,DS3__1M4FG1UXH5w_05,0,899,29.9966
DS3__7-4no0aMa8k_03,/Users/rafiabhista/Documents/code/apple/c1_audio/emomv_2/aria/media/minhdanh/5e31d1e3-0187-4837-8530-60bbac61578f1/home/minhdanh/Documents/EmoMV/Dataset3/DS3_train_match/7-4no0aMa8k_03.mp4,fear,1,DS3,match,daada9b59999db61731d0a8060b7e48c8f0a0c9a189b4c16a9ff13076d64549e,DS3__7-4no0aMa8k,30.0,900,30.0,0,DS3__7-4no0aMa8k_03,0,900,30.0
DS3__1plPyJdXKIY_02,/Users/rafiabhista/Documents/code/apple/c1_audio/emomv_2/aria/media/minhdanh/5e31d1e3-0187-4837-8530-60bbac61578f1/home/minhdanh/Documents/EmoMV/Dataset3/DS3_train_match/1plPyJdXKIY_02.mp4,fear,1,DS3,match,cface22efa8e8ba4def496d525a2ed6265cbeddefedf9cb31f89e5a8a6e21416,DS3__1plPyJdXKIY,29.9883,719,23.976,0,DS3__1plPyJdXKIY_02,0,719,29.9883
DS3__VlbaJA7aO9M_01,/Users/rafiabhista/Documents/code/apple/c1_audio/emomv_2/aria/media/minhdanh/5e31d1e3-0187-4837-8530-60bbac61578f1/home/minhdanh/Documents/EmoMV/Dataset3/DS3_train_match/VlbaJA7aO9M_01.mp4,fear,1,DS3,match,f12fa6d7b361d2a11fed2e89c7e9dde67a0779409d423a4c18f285e69b9518c9,DS3__VlbaJA7aO9M,29.9966,899,29.97,0,DS3__VlbaJA7aO9M_01,0,899,29.9966
DS3__KWZGAExj-es_07,/Users/rafiabhista/Documents/code/apple/c1_audio/emomv_2/aria/media/minhdanh/5e31d1e3-0187-4837-8530-60bbac61578f1/home/minhdanh/Documents/EmoMV/Dataset3/DS3_train_match/KWZGAExj-es_07.mp4,fear,1,DS3,match,c0dc1a50353fa25548f4882a7a917bf8d79c700a923e782d9800438628e6438a,DS3__KWZGAExj-es,30.03,720,23.976,0,DS3__KWZGAExj-es_07,0,720,30.03
DS3__0qanF-91aJo_01,/Users/rafiabhista/Documents/code/apple/c1_audio/emomv_2/aria/media/minhdanh/5e31d1e3-0187-4837-8530-60bbac61578f1/home/minhdanh/Documents/EmoMV/Dataset3/DS3_train_match/0qanF-91aJo_01.mp4,fear,1,DS3,match,c9f1de728869986c9d6eb2f29e6a817e58a461aa5f4a635da4332ea769104bd9,DS3__0qanF-91aJo,29.9966,899,29.97,0,DS3__0qanF-91aJo_01,0,899,29.9966
DS3__5WPbqYoz9HA_05,/Users/rafiabhista/Documents/code/apple/c1_audio/emomv_2/aria/media/minhdanh/5e31d1e3-0187-4837-8530-60bbac61578f1/home/minhdanh/Documents/EmoMV/Dataset3/DS3_train_match/5WPbqYoz9HA_05.mp4,tense,2,DS3,match,fd6519dd2b07218042dddf4eca6419c904514dad5e92ef3b0801b670a4527140,DS3__5WPbqYoz9HA,29.9966,899,29.97,0,DS3__5WPbqYoz9HA_05,0,899,29.9966
DS3__RvzUq6O8zS0_05,/Users/rafiabhista/Documents/code/apple/c1_audio/emomv_2/aria/media/minhdanh/5e31d1e3-0187-4837-8530-60bbac61578f1/home/minhdanh/Documents/EmoMV/Dataset3/DS3_train_match/RvzUq6O8zS0_05.mp4,tense,2,DS3,match,2fbb42e95b0f72ad5eeb2e5e81687c4a73dfe199a0e4643179fb4d66118636a5,DS3__RvzUq6O8zS0,29.9883,719,23.976,0,DS3__RvzUq6O8zS0_05,0,719,29.9883
DS3__5s7_WbiR79E_10,/Users/rafiabhista/Documents/code/apple/c1_audio/emomv_2/aria/media/minhdanh/5e31d1e3-0187-4837-8530-60bbac61578f1/home/minhdanh/Documents/EmoMV/Dataset3/DS3_train_match/5s7_WbiR79E_10.mp4,tense,2,DS3,match,27985bd56fac6edfa12a0a11caaa5f1e83be2c7ab3cf0ecc6e467d06ff57c66e,DS3__5s7_WbiR79E,29.9966,899,29.97,0,DS3__5s7_WbiR79E_10,0,899,29.9966
DS3__0qanF-91aJo_02,/Users/rafiabhista/Documents/code/apple/c1_audio/emomv_2/aria/media/minhdanh/5e31d1e3-0187-4837-8530-60bbac61578f1/home/minhdanh/Documents/EmoMV/Dataset3/DS3_train_match/0qanF-91aJo_02.mp4,tense,2,DS3,match,1b01a4f6b9a4863ad476a98e8303935c07dc127b9fe9d194881775e6162326d0,DS3__0qanF-91aJo,29.9966,899,29.97,0,DS3__0qanF-91aJo_02,0,899,29.9966
DS3__qi-KCd0guJI_02,/Users/rafiabhista/Documents/code/apple/c1_audio/emomv_2/aria/media/minhdanh/5e31d1e3-0187-4837-8530-60bbac61578f1/home/minhdanh/Documents/EmoMV/Dataset3/DS3_train_match/qi-KCd0guJI_02.mp4,tense,2,DS3,match,18c9cb5d161e28dd4d4640857f62c7b7d2b10466025ff43ef28a7f2e530425a4,DS3__qi-KCd0guJI,29.9883,719,23.976,0,DS3__qi-KCd0guJI_02,0,719,29.9883
DS3__9rB_x4VSZpU_05,/Users/rafiabhista/Documents/code/apple/c1_audio/emomv_2/aria/media/minhdanh/5e31d1e3-0187-4837-8530-60bbac61578f1/home/minhdanh/Documents/EmoMV/Dataset3/DS3_train_match/9rB_x4VSZpU_05.mp4,tense,2,DS3,match,89683fbe4755f130c79252d8b6bcbee49b2c7a426ee4677d110821f880fc8409,DS3__9rB_x4VSZpU,29.9966,899,29.97,0,DS3__9rB_x4VSZpU_05,0,899,29.9966
DS3__jYi381lJoeQ_04,/Users/rafiabhista/Documents/code/apple/c1_audio/emomv_2/aria/media/minhdanh/5e31d1e3-0187-4837-8530-60bbac61578f1/home/minhdanh/Documents/EmoMV/Dataset3/DS3_train_match/jYi381lJoeQ_04.mp4,tense,2,DS3,match,4be0bfdbff44d9d51ed75c134a61c32bdd93c5d3c3edae02a0b68fc509fe3981,DS3__jYi381lJoeQ,30.0,900,30.0,0,DS3__jYi381lJoeQ_04,0,900,30.0
DS3__JkK8g6FMEXE_07,/Users/rafiabhista/Documents/code/apple/c1_audio/emomv_2/aria/media/minhdanh/5e31d1e3-0187-4837-8530-60bbac61578f1/home/minhdanh/Documents/EmoMV/Dataset3/DS3_train_match/JkK8g6FMEXE_07.mp4,tense,2,DS3,match,1ac265461ffd3843eae09b427ebef10165d2ab5efc9214486a9db84c2677cd13,DS3__JkK8g6FMEXE,30.03,720,23.976,0,DS3__JkK8g6FMEXE_07,0,720,30.03
DS3__fPO76Jlnz6c_05,/Users/rafiabhista/Documents/code/apple/c1_audio/emomv_2/aria/media/minhdanh/5e31d1e3-0187-4837-8530-60bbac61578f1/home/minhdanh/Documents/EmoMV/Dataset3/DS3_train_match/fPO76Jlnz6c_05.mp4,tense,2,DS3,match,010e5a8653e3812f312a23536cbbab8fc942a999a3abbf96ef9e4378115ae377,DS3__fPO76Jlnz6c,29.9966,899,29.97,0,DS3__fPO76Jlnz6c_05,0,899,29.9966
DS3__ekZTW2r4vb4_00,/Users/rafiabhista/Documents/code/apple/c1_audio/emomv_2/aria/media/minhdanh/5e31d1e3-0187-4837-8530-60bbac61578f1/home/minhdanh/Documents/EmoMV/Dataset3/DS3_train_match/ekZTW2r4vb4_00.mp4,tense,2,DS3,match,d27c70f1079cace9e3a2d59a2ac5ac611ca38abb3954fa58a94ece5984f574d0,DS3__ekZTW2r4vb4,30.03,900,29.97,0,DS3__ekZTW2r4vb4_00,0,900,30.03
DS3__RvnkAtWcKYg_05,/Users/rafiabhista/Documents/code/apple/c1_audio/emomv_2/aria/media/minhdanh/5e31d1e3-0187-4837-8530-60bbac61578f1/home/minhdanh/Documents/EmoMV/Dataset3/DS3_train_match/RvnkAtWcKYg_05.mp4,tense,2,DS3,match,470542c1fc759cb179efd945284769ba611dc83574e3f50fcd0a294197267aab,DS3__RvnkAtWcKYg,29.9883,719,23.976,0,DS3__RvnkAtWcKYg_05,0,719,29.9883
DS3__5s7_WbiR79E_09,/Users/rafiabhista/Documents/code/apple/c1_audio/emomv_2/aria/media/minhdanh/5e31d1e3-0187-4837-8530-60bbac61578f1/home/minhdanh/Documents/EmoMV/Dataset3/DS3_train_match/5s7_WbiR79E_09.mp4,tense,2,DS3,match,4c37b57bdba5d8b44135f7f0468137ea36697097e4424a6672f59e7284305b92,DS3__5s7_WbiR79E,30.03,900,29.97,0,DS3__5s7_WbiR79E_09,0,900,30.03
DS3__5WPbqYoz9HA_01,/Users/rafiabhista/Documents/code/apple/c1_audio/emomv_2/aria/media/minhdanh/5e31d1e3-0187-4837-8530-60bbac61578f1/home/minhdanh/Documents/EmoMV/Dataset3/DS3_train_match/5WPbqYoz9HA_01.mp4,tense,2,DS3,match,4aeef84de6bfcaabb4ba376976daf5887ec4eceb2ab0bf7e98a05c3cf2ad4d1c,DS3__5WPbqYoz9HA,29.9966,899,29.97,0,DS3__5WPbqYoz9HA_01,0,899,29.9966
DS3__V-WGkADkVnM_01,/Users/rafiabhista/Documents/code/apple/c1_audio/emomv_2/aria/media/minhdanh/5e31d1e3-0187-4837-8530-60bbac61578f1/home/minhdanh/Documents/EmoMV/Dataset3/DS3_train_match/V-WGkADkVnM_01.mp4,tense,2,DS3,match,339fa04950032f0cfb045ec2ad17d06e6d2dc015ce5032ab224822a3124fec0a,DS3__V-WGkADkVnM,30.0,900,30.0,0,DS3__V-WGkADkVnM_01,0,900,30.0
DS3__fJ9rUzIMcZQ_09,/Users/rafiabhista/Documents/code/apple/c1_audio/emomv_2/aria/media/minhdanh/5e31d1e3-0187-4837-8530-60bbac61578f1/home/minhdanh/Documents/EmoMV/Dataset3/DS3_train_match/fJ9rUzIMcZQ_09.mp4,tense,2,DS3,match,c64fb825a273ac1b02508eeac7d0679bcdce2d22d7c938ae9f7d214ef38a0086,DS3__fJ9rUzIMcZQ,30.0,750,25.0,0,DS3__fJ9rUzIMcZQ_09,0,750,30.0
DS3__oUFJJNQGwhk_02,/Users/rafiabhista/Documents/code/apple/c1_audio/emomv_2/aria/media/minhdanh/5e31d1e3-0187-4837-8530-60bbac61578f1/home/minhdanh/Documents/EmoMV/Dataset3/DS3_train_match/oUFJJNQGwhk_02.mp4,sad,3,DS3,match,b0f7859b0f2c3752999189ce202e8b243550130c01015b86c39f19940f36fcfc,DS3__oUFJJNQGwhk,30.0,750,25.0,0,DS3__oUFJJNQGwhk_02,0,750,30.0
DS3__hq2KgzKETBw_04,/Users/rafiabhista/Documents/code/apple/c1_audio/emomv_2/aria/media/minhdanh/5e31d1e3-0187-4837-8530-60bbac61578f1/home/minhdanh/Documents/EmoMV/Dataset3/DS3_train_match/hq2KgzKETBw_04.mp4,sad,3,DS3,match,987fc8b09090da7bffdcc7b346ce9de3d691f1b547259b7adcf3dbc68690c0c5,DS3__hq2KgzKETBw,30.0,750,25.0,0,DS3__hq2KgzKETBw_04,0,750,30.0
DS3__2LuGzwNy2ws_06,/Users/rafiabhista/Documents/code/apple/c1_audio/emomv_2/aria/media/minhdanh/5e31d1e3-0187-4837-8530-60bbac61578f1/home/minhdanh/Documents/EmoMV/Dataset3/DS3_train_match/2LuGzwNy2ws_06.mp4,sad,3,DS3,match,9890fa006f02236668c049fb624797d08bc65844a8c8ca79d24acfdc478a6ba3,DS3__2LuGzwNy2ws,29.9966,899,29.97,0,DS3__2LuGzwNy2ws_06,0,899,29.9966
DS3__Lx9rIOcSAXc_02,/Users/rafiabhista/Documents/code/apple/c1_audio/emomv_2/aria/media/minhdanh/5e31d1e3-0187-4837-8530-60bbac61578f1/home/minhdanh/Documents/EmoMV/Dataset3/DS3_train_match/Lx9rIOcSAXc_02.mp4,sad,3,DS3,match,cc8e87c6e3dd267d80ec2ecf2c6eb8c6b3f8c6d55551ba5bc05ca73e418f9eb0,DS3__Lx9rIOcSAXc,29.9883,719,23.976,0,DS3__Lx9rIOcSAXc_02,0,719,29.9883
DS3__pUnLIO5CZ_M_02,/Users/rafiabhista/Documents/code/apple/c1_audio/emomv_2/aria/media/minhdanh/5e31d1e3-0187-4837-8530-60bbac61578f1/home/minhdanh/Documents/EmoMV/Dataset3/DS3_train_match/pUnLIO5CZ_M_02.mp4,sad,3,DS3,match,b56058c6984158731350f7fe27182b246ad13b8edced9d0a23b77d3564c0cf03,DS3__pUnLIO5CZ_M,29.9966,899,29.97,0,DS3__pUnLIO5CZ_M_02,0,899,29.9966
DS3__bFurkDf6WXg_05,/Users/rafiabhista/Documents/code/apple/c1_audio/emomv_2/aria/media/minhdanh/5e31d1e3-0187-4837-8530-60bbac61578f1/home/minhdanh/Documents/EmoMV/Dataset3/DS3_train_match/bFurkDf6WXg_05.mp4,sad,3,DS3,match,e80e4fdfb778478ff2501d20e0d8a15f73332bc525f3c821f6a6a445a250bc28,DS3__bFurkDf6WXg,29.9966,899,29.97,0,DS3__bFurkDf6WXg_05,0,899,29.9966
DS3__5YXVMCHG-Nk_06,/Users/rafiabhista/Documents/code/apple/c1_audio/emomv_2/aria/media/minhdanh/5e31d1e3-0187-4837-8530-60bbac61578f1/home/minhdanh/Documents/EmoMV/Dataset3/DS3_train_match/5YXVMCHG-Nk_06.mp4,sad,3,DS3,match,434f13638db77ef173b6d6a8132c9b69ae5aa6a14905d49837c3e9badd8db611,DS3__5YXVMCHG-Nk,29.9966,899,29.97,0,DS3__5YXVMCHG-Nk_06,0,899,29.9966
DS3__AjWokqBxODs_01,/Users/rafiabhista/Documents/code/apple/c1_audio/emomv_2/aria/media/minhdanh/5e31d1e3-0187-4837-8530-60bbac61578f1/home/minhdanh/Documents/EmoMV/Dataset3/DS3_train_match/AjWokqBxODs_01.mp4,sad,3,DS3,match,9ca3d223915732f107692815a30ea5b89a3d9939062a63a87d96f3f0f7a2c36e,DS3__AjWokqBxODs,29.9883,719,23.976,0,DS3__AjWokqBxODs_01,0,719,29.9883
DS3__mllXxyHTzfg_02,/Users/rafiabhista/Documents/code/apple/c1_audio/emomv_2/aria/media/minhdanh/5e31d1e3-0187-4837-8530-60bbac61578f1/home/minhdanh/Documents/EmoMV/Dataset3/DS3_train_match/mllXxyHTzfg_02.mp4,sad,3,DS3,match,0878e47e16edfc5c1cc9e26167664811e5acf890256436d3ea6b238691214620,DS3__mllXxyHTzfg,29.9883,719,23.976,0,DS3__mllXxyHTzfg_02,0,719,29.9883
DS3__AjWokqBxODs_00,/Users/rafiabhista/Documents/code/apple/c1_audio/emomv_2/aria/media/minhdanh/5e31d1e3-0187-4837-8530-60bbac61578f1/home/minhdanh/Documents/EmoMV/Dataset3/DS3_train_match/AjWokqBxODs_00.mp4,sad,3,DS3,match,3f80d0f65b639c879546139179d079fd148c33f307efc2bee5023cb9139c34dd,DS3__AjWokqBxODs,30.03,720,23.976,0,DS3__AjWokqBxODs_00,0,720,30.03
DS3__17rx92pVvg0_00,/Users/rafiabhista/Documents/code/apple/c1_audio/emomv_2/aria/media/minhdanh/5e31d1e3-0187-4837-8530-60bbac61578f1/home/minhdanh/Documents/EmoMV/Dataset3/DS3_train_match/17rx92pVvg0_00.mp4,sad,3,DS3,match,020e80cc54645cc4d53617f518c5ddbf3376307e543fe82f7882c199c36a43a0,DS3__17rx92pVvg0,30.03,900,29.97,0,DS3__17rx92pVvg0_00,0,900,30.03
DS3__F0DG-T-Lls0_01,/Users/rafiabhista/Documents/code/apple/c1_audio/emomv_2/aria/media/minhdanh/5e31d1e3-0187-4837-8530-60bbac61578f1/home/minhdanh/Documents/EmoMV/Dataset3/DS3_train_match/F0DG-T-Lls0_01.mp4,sad,3,DS3,match,f0c5df864bf824cc57e173f0ff7bb6da5a4e82aaaf461e3867ff321d121d17bd,DS3__F0DG-T-Lls0,30.0,900,30.0,0,DS3__F0DG-T-Lls0_01,0,900,30.0
DS3__oUFJJNQGwhk_05,/Users/rafiabhista/Documents/code/apple/c1_audio/emomv_2/aria/media/minhdanh/5e31d1e3-0187-4837-8530-60bbac61578f1/home/minhdanh/Documents/EmoMV/Dataset3/DS3_train_match/oUFJJNQGwhk_05.mp4,sad,3,DS3,match,d742ad55fdd656f585a3d48cee3d0953e3653bcc3f8f74d07322ba938efeb698,DS3__oUFJJNQGwhk,30.0,750,25.0,0,DS3__oUFJJNQGwhk_05,0,750,30.0
DS3__luVpsM3YAgw_03,/Users/rafiabhista/Documents/code/apple/c1_audio/emomv_2/aria/media/minhdanh/5e31d1e3-0187-4837-8530-60bbac61578f1/home/minhdanh/Documents/EmoMV/Dataset3/DS3_train_match/luVpsM3YAgw_03.mp4,sad,3,DS3,match,24f1d2e04eb1cc4d4344ae32da866663b2bcabef0869e19cafa7912395a553e6,DS3__luVpsM3YAgw,30.0,750,25.0,0,DS3__luVpsM3YAgw_03,0,750,30.0
DS3__RzhAS_GnJIc_00,/Users/rafiabhista/Documents/code/apple/c1_audio/emomv_2/aria/media/minhdanh/5e31d1e3-0187-4837-8530-60bbac61578f1/home/minhdanh/Documents/EmoMV/Dataset3/DS3_train_match/RzhAS_GnJIc_00.mp4,sad,3,DS3,match,dcf935472fcf36c1114939482e72b767b55e77f1a242400157d0d6cde3c91e13,DS3__RzhAS_GnJIc,30.03,720,23.976,0,DS3__RzhAS_GnJIc_00,0,720,30.03
DS3__BboMpayJomw_02,/Users/rafiabhista/Documents/code/apple/c1_audio/emomv_2/aria/media/minhdanh/5e31d1e3-0187-4837-8530-60bbac61578f1/home/minhdanh/Documents/EmoMV/Dataset3/DS3_train_match/BboMpayJomw_02.mp4,sad,3,DS3,match,78143dc4797e40917d08ad707a5950022dcb34285c6f777c516e156ca3f64b15,DS3__BboMpayJomw,29.9883,719,23.976,0,DS3__BboMpayJomw_02,0,719,29.9883
DS3__Rj4Yu9Utdw0_01,/Users/rafiabhista/Documents/code/apple/c1_audio/emomv_2/aria/media/minhdanh/5e31d1e3-0187-4837-8530-60bbac61578f1/home/minhdanh/Documents/EmoMV/Dataset3/DS3_train_match/Rj4Yu9Utdw0_01.mp4,sad,3,DS3,match,33b1d279ede1f696530446ef38fe8709fd25d3ae12f8df462db4e682ba73ef83,DS3__Rj4Yu9Utdw0,30.0,720,24.0,0,DS3__Rj4Yu9Utdw0_01,0,720,30.0
DS3__n4PE6gK2odM_08,/Users/rafiabhista/Documents/code/apple/c1_audio/emomv_2/aria/media/minhdanh/5e31d1e3-0187-4837-8530-60bbac61578f1/home/minhdanh/Documents/EmoMV/Dataset3/DS3_train_match/n4PE6gK2odM_08.mp4,sad,3,DS3,match,38656373af10b4549dac6d268f06ee92bc3a89fceae92460dc9ef6545baf20bd,DS3__n4PE6gK2odM,30.0,900,30.0,0,DS3__n4PE6gK2odM_08,0,900,30.0
DS3__mwhwGmoYv1s_00,/Users/rafiabhista/Documents/code/apple/c1_audio/emomv_2/aria/media/minhdanh/5e31d1e3-0187-4837-8530-60bbac61578f1/home/minhdanh/Documents/EmoMV/Dataset3/DS3_train_match/mwhwGmoYv1s_00.mp4,sad,3,DS3,match,95e120107760380108691cb41d96f29cbdbd3788add87fb16c0d73ece4703bf2,DS3__mwhwGmoYv1s,30.03,900,29.97,0,DS3__mwhwGmoYv1s_00,0,900,30.03
DS3__kHue-HaXXzg_00,/Users/rafiabhista/Documents/code/apple/c1_audio/emomv_2/aria/media/minhdanh/5e31d1e3-0187-4837-8530-60bbac61578f1/home/minhdanh/Documents/EmoMV/Dataset3/DS3_train_match/kHue-HaXXzg_00.mp4,sad,3,DS3,match,cad0711b9f901cd7a4394983bea4b3329f88a34dc29382ece2bd14137eac0b5f,DS3__kHue-HaXXzg,30.03,720,23.976,0,DS3__kHue-HaXXzg_00,0,720,30.03
DS3__rtOvBOTyX00_07,/Users/rafiabhista/Documents/code/apple/c1_audio/emomv_2/aria/media/minhdanh/5e31d1e3-0187-4837-8530-60bbac61578f1/home/minhdanh/Documents/EmoMV/Dataset3/DS3_train_match/rtOvBOTyX00_07.mp4,sad,3,DS3,match,d0488215024cba0ca4c02f50d190ee94b5f4e98aa9f66e1cf18d18a5e38de401,DS3__rtOvBOTyX00,30.03,720,23.976,0,DS3__rtOvBOTyX00_07,0,720,30.03
DS3__LdSKR8EHnXY_03,/Users/rafiabhista/Documents/code/apple/c1_audio/emomv_2/aria/media/minhdanh/5e31d1e3-0187-4837-8530-60bbac61578f1/home/minhdanh/Documents/EmoMV/Dataset3/DS3_train_match/LdSKR8EHnXY_03.mp4,sad,3,DS3,match,065a6b46e06a7a8f9e60ab2d9b68a805c174050605d7d48e22c796be21c01cbc,DS3__LdSKR8EHnXY,30.03,720,23.976,0,DS3__LdSKR8EHnXY_03,0,720,30.03
DS3__Bx51eegLTY8_02,/Users/rafiabhista/Documents/code/apple/c1_audio/emomv_2/aria/media/minhdanh/5e31d1e3-0187-4837-8530-60bbac61578f1/home/minhdanh/Documents/EmoMV/Dataset3/DS3_train_match/Bx51eegLTY8_02.mp4,sad,3,DS3,match,ac56f343dd158eeb2699809be8830198043fca2016bdcf3698d4781ea92ee89f,DS3__Bx51eegLTY8,29.9966,899,29.97,0,DS3__Bx51eegLTY8_02,0,899,29.9966
DS3__NCyUOvWBhJE_01,/Users/rafiabhista/Documents/code/apple/c1_audio/emomv_2/aria/media/minhdanh/5e31d1e3-0187-4837-8530-60bbac61578f1/home/minhdanh/Documents/EmoMV/Dataset3/DS3_train_match/NCyUOvWBhJE_01.mp4,sad,3,DS3,match,bc26a1147c5f25960657b5f1bda5d829cf8247bc41aac20b67da4bbcb0517a59,DS3__NCyUOvWBhJE,29.9966,899,29.97,0,DS3__NCyUOvWBhJE_01,0,899,29.9966
DS3__JxPj3GAYYZ0_02,/Users/rafiabhista/Documents/code/apple/c1_audio/emomv_2/aria/media/minhdanh/5e31d1e3-0187-4837-8530-60bbac61578f1/home/minhdanh/Documents/EmoMV/Dataset3/DS3_train_match/JxPj3GAYYZ0_02.mp4,sad,3,DS3,match,a7cb24bd6fefb9d5382a67e921f7c9274fa091aceca55f319c83528030de6aee,DS3__JxPj3GAYYZ0,29.9883,719,23.976,0,DS3__JxPj3GAYYZ0_02,0,719,29.9883
DS3__gIbw0OkC9po_07,/Users/rafiabhista/Documents/code/apple/c1_audio/emomv_2/aria/media/minhdanh/5e31d1e3-0187-4837-8530-60bbac61578f1/home/minhdanh/Documents/EmoMV/Dataset3/DS3_train_match/gIbw0OkC9po_07.mp4,sad,3,DS3,match,e64bc1f08488422e6d244a097fc9ead0fe11d7a02973d195b66268f642bcf42b,DS3__gIbw0OkC9po,29.9966,899,29.97,0,DS3__gIbw0OkC9po_07,0,899,29.9966
DS3__JxPj3GAYYZ0_08,/Users/rafiabhista/Documents/code/apple/c1_audio/emomv_2/aria/media/minhdanh/5e31d1e3-0187-4837-8530-60bbac61578f1/home/minhdanh/Documents/EmoMV/Dataset3/DS3_train_match/JxPj3GAYYZ0_08.mp4,sad,3,DS3,match,f1b741ce9c256a89831e2e7f0971f9b1f212a921293eeab16d411cbd34a503ae,DS3__JxPj3GAYYZ0,29.9883,719,23.976,0,DS3__JxPj3GAYYZ0_08,0,719,29.9883
DS3__3YDz-ftqr1g_01,/Users/rafiabhista/Documents/code/apple/c1_audio/emomv_2/aria/media/minhdanh/5e31d1e3-0187-4837-8530-60bbac61578f1/home/minhdanh/Documents/EmoMV/Dataset3/DS3_train_match/3YDz-ftqr1g_01.mp4,relax,4,DS3,match,e6671721b99d74973a8e069bd0405bfc35fafcdd45bacf31bdf87c08dc6c8ec2,DS3__3YDz-ftqr1g,30.0,750,25.0,0,DS3__3YDz-ftqr1g_01,0,750,30.0
DS3__Bx51eegLTY8_04,/Users/rafiabhista/Documents/code/apple/c1_audio/emomv_2/aria/media/minhdanh/5e31d1e3-0187-4837-8530-60bbac61578f1/home/minhdanh/Documents/EmoMV/Dataset3/DS3_train_match/Bx51eegLTY8_04.mp4,relax,4,DS3,match,2051ba2085567c7358b2813bb8d48e5f26507dbcff65cd848d861ea9099adb66,DS3__Bx51eegLTY8,29.9966,899,29.97,0,DS3__Bx51eegLTY8_04,0,899,29.9966
DS3__br4_eJMzFA8_01,/Users/rafiabhista/Documents/code/apple/c1_audio/emomv_2/aria/media/minhdanh/5e31d1e3-0187-4837-8530-60bbac61578f1/home/minhdanh/Documents/EmoMV/Dataset3/DS3_train_match/br4_eJMzFA8_01.mp4,relax,4,DS3,match,29ae0b0b2ff154e594b2cd0cf19737d974be816becb22db81e4798824903ba12,DS3__br4_eJMzFA8,29.9966,899,29.97,0,DS3__br4_eJMzFA8_01,0,899,29.9966
DS3__B51hO8McLbs_06,/Users/rafiabhista/Documents/code/apple/c1_audio/emomv_2/aria/media/minhdanh/5e31d1e3-0187-4837-8530-60bbac61578f1/home/minhdanh/Documents/EmoMV/Dataset3/DS3_train_match/B51hO8McLbs_06.mp4,relax,4,DS3,match,323ec26d940d9e25e18199239eeaa6bf93a8eef7a89e39b04606efe96f76f018,DS3__B51hO8McLbs,29.9966,899,29.97,0,DS3__B51hO8McLbs_06,0,899,29.9966
DS3__E7VPdpEV1m0_04,/Users/rafiabhista/Documents/code/apple/c1_audio/emomv_2/aria/media/minhdanh/5e31d1e3-0187-4837-8530-60bbac61578f1/home/minhdanh/Documents/EmoMV/Dataset3/DS3_train_match/E7VPdpEV1m0_04.mp4,relax,4,DS3,match,abbbd08faa7390dc8ddf2d3eded80601dfe877442df44ab47a7a6f39e083c892,DS3__E7VPdpEV1m0,29.9883,719,23.976,0,DS3__E7VPdpEV1m0_04,0,719,29.9883
DS3__3YDz-ftqr1g_03,/Users/rafiabhista/Documents/code/apple/c1_audio/emomv_2/aria/media/minhdanh/5e31d1e3-0187-4837-8530-60bbac61578f1/home/minhdanh/Documents/EmoMV/Dataset3/DS3_train_match/3YDz-ftqr1g_03.mp4,relax,4,DS3,match,0503d345ae9c73892adcdef7eaccd9ffb1e014f5189a56e1b7cc75d3e8eef408,DS3__3YDz-ftqr1g,30.0,750,25.0,0,DS3__3YDz-ftqr1g_03,0,750,30.0
DS3__o7sx32alzeE_00,/Users/rafiabhista/Documents/code/apple/c1_audio/emomv_2/aria/media/minhdanh/5e31d1e3-0187-4837-8530-60bbac61578f1/home/minhdanh/Documents/EmoMV/Dataset3/DS3_train_match/o7sx32alzeE_00.mp4,relax,4,DS3,match,c85162a194eba76ae67cf35366d608c47560b877f81b54e74b0b6852127ece21,DS3__o7sx32alzeE,30.03,900,29.97,0,DS3__o7sx32alzeE_00,0,900,30.03
DS3__E7VPdpEV1m0_03,/Users/rafiabhista/Documents/code/apple/c1_audio/emomv_2/aria/media/minhdanh/5e31d1e3-0187-4837-8530-60bbac61578f1/home/minhdanh/Documents/EmoMV/Dataset3/DS3_train_match/E7VPdpEV1m0_03.mp4,relax,4,DS3,match,545b099443c863ba6e85ad664feed88610a3d311addcabb12e99b2b38e83a272,DS3__E7VPdpEV1m0,30.03,720,23.976,0,DS3__E7VPdpEV1m0_03,0,720,30.03
DS3__AJtDXIazrMo_01,/Users/rafiabhista/Documents/code/apple/c1_audio/emomv_2/aria/media/minhdanh/5e31d1e3-0187-4837-8530-60bbac61578f1/home/minhdanh/Documents/EmoMV/Dataset3/DS3_train_match/AJtDXIazrMo_01.mp4,relax,4,DS3,match,927d90102bdc7dab6811eec6e6bb1f95c696f44f6e609f4288c676e7b8b24712,DS3__AJtDXIazrMo,30.0,750,25.0,0,DS3__AJtDXIazrMo_01,0,750,30.0
DS3__Kz2hwJOQ6lc_00,/Users/rafiabhista/Documents/code/apple/c1_audio/emomv_2/aria/media/minhdanh/5e31d1e3-0187-4837-8530-60bbac61578f1/home/minhdanh/Documents/EmoMV/Dataset3/DS3_train_match/Kz2hwJOQ6lc_00.mp4,relax,4,DS3,match,08eaed5373408cad19e62287a01968e681f4563af993d2c2354b29e568385871,DS3__Kz2hwJOQ6lc,30.0,750,25.0,0,DS3__Kz2hwJOQ6lc_00,0,750,30.0
DS3__mllXxyHTzfg_08,/Users/rafiabhista/Documents/code/apple/c1_audio/emomv_2/aria/media/minhdanh/5e31d1e3-0187-4837-8530-60bbac61578f1/home/minhdanh/Documents/EmoMV/Dataset3/DS3_train_match/mllXxyHTzfg_08.mp4,relax,4,DS3,match,d579137bb4cde39bada88545d333b83e43c4d49120a23bfbf146273f1ed4d947,DS3__mllXxyHTzfg,29.9883,719,23.976,0,DS3__mllXxyHTzfg_08,0,719,29.9883
DS3__Ls0WfopgR9k_04,/Users/rafiabhista/Documents/code/apple/c1_audio/emomv_2/aria/media/minhdanh/5e31d1e3-0187-4837-8530-60bbac61578f1/home/minhdanh/Documents/EmoMV/Dataset3/DS3_train_match/Ls0WfopgR9k_04.mp4,relax,4,DS3,match,bbc7af7ba4b1ea477dfecac5b1dcbe62017d8173d440b8ae732e313524d47f87,DS3__Ls0WfopgR9k,30.0,750,25.0,0,DS3__Ls0WfopgR9k_04,0,750,30.0
DS3__cL4uhaQ58Rk_07,/Users/rafiabhista/Documents/code/apple/c1_audio/emomv_2/aria/media/minhdanh/5e31d1e3-0187-4837-8530-60bbac61578f1/home/minhdanh/Documents/EmoMV/Dataset3/DS3_train_match/cL4uhaQ58Rk_07.mp4,relax,4,DS3,match,9943cec0cda56a047b3856dd29049667c82ef26e2552573c1ea52c08767e154f,DS3__cL4uhaQ58Rk,30.03,720,23.976,0,DS3__cL4uhaQ58Rk_07,0,720,30.03
DS3__S-wSCKaHJ6Y_03,/Users/rafiabhista/Documents/code/apple/c1_audio/emomv_2/aria/media/minhdanh/5e31d1e3-0187-4837-8530-60bbac61578f1/home/minhdanh/Documents/EmoMV/Dataset3/DS3_train_match/S-wSCKaHJ6Y_03.mp4,relax,4,DS3,match,24efc3525668b594fead96bd5e4d2923d225b4548dcc451e3574a265ae0aed77,DS3__S-wSCKaHJ6Y,30.03,720,23.976,0,DS3__S-wSCKaHJ6Y_03,0,720,30.03
DS3__pj6k-EFxqAI_03,/Users/rafiabhista/Documents/code/apple/c1_audio/emomv_2/aria/media/minhdanh/5e31d1e3-0187-4837-8530-60bbac61578f1/home/minhdanh/Documents/EmoMV/Dataset3/DS3_train_match/pj6k-EFxqAI_03.mp4,relax,4,DS3,match,9aff72da39dbbffe5d048b41daea8c745b68fd106b9ec98d1e783bcdd9b2ff12,DS3__pj6k-EFxqAI,30.03,720,23.976,0,DS3__pj6k-EFxqAI_03,0,720,30.03
DS3__BkpNCVOKxf8_03,/Users/rafiabhista/Documents/code/apple/c1_audio/emomv_2/aria/media/minhdanh/5e31d1e3-0187-4837-8530-60bbac61578f1/home/minhdanh/Documents/EmoMV/Dataset3/DS3_train_match/BkpNCVOKxf8_03.mp4,relax,4,DS3,match,85d5497b09c512b130f19d88c671288eb0d1481b7c21d51e6300958e65693d1f,DS3__BkpNCVOKxf8,30.0,750,25.0,0,DS3__BkpNCVOKxf8_03,0,750,30.0
DS3__8wxOVn99FTE_00,/Users/rafiabhista/Documents/code/apple/c1_audio/emomv_2/aria/media/minhdanh/5e31d1e3-0187-4837-8530-60bbac61578f1/home/minhdanh/Documents/EmoMV/Dataset3/DS3_train_match/8wxOVn99FTE_00.mp4,relax,4,DS3,match,0406bfce84971b779a45c2decbb56a6efaeff59db8e00c865c8d3ccac02caf05,DS3__8wxOVn99FTE,30.03,720,23.976,0,DS3__8wxOVn99FTE_00,0,720,30.03
DS3__RhxF9Qg5mOU_02,/Users/rafiabhista/Documents/code/apple/c1_audio/emomv_2/aria/media/minhdanh/5e31d1e3-0187-4837-8530-60bbac61578f1/home/minhdanh/Documents/EmoMV/Dataset3/DS3_train_match/RhxF9Qg5mOU_02.mp4,relax,4,DS3,match,08a38fcdf65de367dbbda4f1179df2233b15554074ae375f67a70a05da9032b7,DS3__RhxF9Qg5mOU,29.9966,899,29.97,0,DS3__RhxF9Qg5mOU_02,0,899,29.9966
DS3__lBcMpq8sI84_01,/Users/rafiabhista/Documents/code/apple/c1_audio/emomv_2/aria/media/minhdanh/5e31d1e3-0187-4837-8530-60bbac61578f1/home/minhdanh/Documents/EmoMV/Dataset3/DS3_train_match/lBcMpq8sI84_01.mp4,relax,4,DS3,match,4e3bf642a15ef458805798e0c963f69af49712f3f741fdfed6f59524e3501581,DS3__lBcMpq8sI84,30.0,750,25.0,0,DS3__lBcMpq8sI84_01,0,750,30.0
DS3__EPmTGFg06zA_07,/Users/rafiabhista/Documents/code/apple/c1_audio/emomv_2/aria/media/minhdanh/5e31d1e3-0187-4837-8530-60bbac61578f1/home/minhdanh/Documents/EmoMV/Dataset3/DS3_train_match/EPmTGFg06zA_07.mp4,relax,4,DS3,match,39c7c7ccbb480338680e1a996bc69e7b0cf6ebc43fb16bf15b2a80b77537ef1a,DS3__EPmTGFg06zA,30.03,720,23.976,0,DS3__EPmTGFg06zA_07,0,720,30.03
DS3__qgi3PkouMxs_05,/Users/rafiabhista/Documents/code/apple/c1_audio/emomv_2/aria/media/minhdanh/5e31d1e3-0187-4837-8530-60bbac61578f1/home/minhdanh/Documents/EmoMV/Dataset3/DS3_train_match/qgi3PkouMxs_05.mp4,relax,4,DS3,match,a1b6b003e99c9b7ffc49ca20a637efc0022759f66c63d02f64cf674f55d54899,DS3__qgi3PkouMxs,30.0,900,30.0,0,DS3__qgi3PkouMxs_05,0,900,30.0
DS3__DnkHf069fvA_06,/Users/rafiabhista/Documents/code/apple/c1_audio/emomv_2/aria/media/minhdanh/5e31d1e3-0187-4837-8530-60bbac61578f1/home/minhdanh/Documents/EmoMV/Dataset3/DS3_train_match/DnkHf069fvA_06.mp4,relax,4,DS3,match,a5cb033749bebbf3dfdb0103a25f179ca8abd7eb4909469bb2a73f0f51a070b1,DS3__DnkHf069fvA,29.9966,899,29.97,0,DS3__DnkHf069fvA_06,0,899,29.9966
DS3__n3RSlUkw9U0_01,/Users/rafiabhista/Documents/code/apple/c1_audio/emomv_2/aria/media/minhdanh/5e31d1e3-0187-4837-8530-60bbac61578f1/home/minhdanh/Documents/EmoMV/Dataset3/DS3_train_match/n3RSlUkw9U0_01.mp4,relax,4,DS3,match,6e8d5b268b41f019e18ab45ad73f8153d192699a0d5e593e32a8bb727927646f,DS3__n3RSlUkw9U0,29.9966,899,29.97,0,DS3__n3RSlUkw9U0_01,0,899,29.9966
DS3__aCZTRNFrwnQ_03,/Users/rafiabhista/Documents/code/apple/c1_audio/emomv_2/aria/media/minhdanh/5e31d1e3-0187-4837-8530-60bbac61578f1/home/minhdanh/Documents/EmoMV/Dataset3/DS3_train_match/aCZTRNFrwnQ_03.mp4,relax,4,DS3,match,bfec3b7051b6f90e0d1511168ab841824c918e7f896bd1813ced845cd349e845,DS3__aCZTRNFrwnQ,29.9966,899,29.97,0,DS3__aCZTRNFrwnQ_03,0,899,29.9966
DS3__EYqSe6DTMHE_05,/Users/rafiabhista/Documents/code/apple/c1_audio/emomv_2/aria/media/minhdanh/5e31d1e3-0187-4837-8530-60bbac61578f1/home/minhdanh/Documents/EmoMV/Dataset3/DS3_train_match/EYqSe6DTMHE_05.mp4,relax,4,DS3,match,ce8822ec6ac121c67d7b4858bad8c508d004c82ff0fabf5254f4237670213787,DS3__EYqSe6DTMHE,29.9966,899,29.97,0,DS3__EYqSe6DTMHE_05,0,899,29.9966
DS3__br4_eJMzFA8_00,/Users/rafiabhista/Documents/code/apple/c1_audio/emomv_2/aria/media/minhdanh/5e31d1e3-0187-4837-8530-60bbac61578f1/home/minhdanh/Documents/EmoMV/Dataset3/DS3_train_match/br4_eJMzFA8_00.mp4,relax,4,DS3,match,e43a58476425b676aa258ebe01040e3ca8876b13751d515356318bab4888df36,DS3__br4_eJMzFA8,30.03,900,29.97,0,DS3__br4_eJMzFA8_00,0,900,30.03
DS3__O3XGynvy_V4_07,/Users/rafiabhista/Documents/code/apple/c1_audio/emomv_2/aria/media/minhdanh/5e31d1e3-0187-4837-8530-60bbac61578f1/home/minhdanh/Documents/EmoMV/Dataset3/DS3_train_match/O3XGynvy_V4_07.mp4,relax,4,DS3,match,2f57a131941e7a7994c1851fc538eb28d8ecaf00f54d0d1cc9a7d6d7b4b450c2,DS3__O3XGynvy_V4,30.0,900,30.0,0,DS3__O3XGynvy_V4_07,0,900,30.0
DS3__AOPMlIIg_38_01,/Users/rafiabhista/Documents/code/apple/c1_audio/emomv_2/aria/media/minhdanh/5e31d1e3-0187-4837-8530-60bbac61578f1/home/minhdanh/Documents/EmoMV/Dataset3/DS3_train_match/AOPMlIIg_38_01.mp4,relax,4,DS3,match,104cbb788e0b1cd025a73ae4d88d98073cc60d3337007a0019337f3ee81f7cfe,DS3__AOPMlIIg_38,30.0,750,25.0,0,DS3__AOPMlIIg_38_01,0,750,30.0
DS3__EYqSe6DTMHE_06,/Users/rafiabhista/Documents/code/apple/c1_audio/emomv_2/aria/media/minhdanh/5e31d1e3-0187-4837-8530-60bbac61578f1/home/minhdanh/Documents/EmoMV/Dataset3/DS3_train_match/EYqSe6DTMHE_06.mp4,relax,4,DS3,match,f14429eff4353ca9f8178f24c3b695760af430d7035528fc3083dd3cea1af46f,DS3__EYqSe6DTMHE,29.9966,899,29.97,0,DS3__EYqSe6DTMHE_06,0,899,29.9966
DS3__n4PE6gK2odM_05,/Users/rafiabhista/Documents/code/apple/c1_audio/emomv_2/aria/media/minhdanh/5e31d1e3-0187-4837-8530-60bbac61578f1/home/minhdanh/Documents/EmoMV/Dataset3/DS3_train_match/n4PE6gK2odM_05.mp4,relax,4,DS3,match,1bda66bddcec4a9daabc4a65008ae5cf7b3df29731990d6c4c6d6d7fd20eb420,DS3__n4PE6gK2odM,30.0,900,30.0,0,DS3__n4PE6gK2odM_05,0,900,30.0
DS3__KD_1Z8iUDho_07,/Users/rafiabhista/Documents/code/apple/c1_audio/emomv_2/aria/media/minhdanh/5e31d1e3-0187-4837-8530-60bbac61578f1/home/minhdanh/Documents/EmoMV/Dataset3/DS3_train_match/KD_1Z8iUDho_07.mp4,relax,4,DS3,match,9aaf829a69732ca557c7a033f5dd73efd65380eef69c925c00ce41ec36c90847,DS3__KD_1Z8iUDho,29.9966,899,29.97,0,DS3__KD_1Z8iUDho_07,0,899,29.9966
DS3__1fr1iyhkyVs_01,/Users/rafiabhista/Documents/code/apple/c1_audio/emomv_2/aria/media/minhdanh/5e31d1e3-0187-4837-8530-60bbac61578f1/home/minhdanh/Documents/EmoMV/Dataset3/DS3_train_match/1fr1iyhkyVs_01.mp4,relax,4,DS3,match,50a6f5bc6b381e8d4d7bc29d6706e782521613d5f049e22e58a067865b69e120,DS3__1fr1iyhkyVs,29.9966,899,29.97,0,DS3__1fr1iyhkyVs_01,0,899,29.9966
DS3__8wxOVn99FTE_01,/Users/rafiabhista/Documents/code/apple/c1_audio/emomv_2/aria/media/minhdanh/5e31d1e3-0187-4837-8530-60bbac61578f1/home/minhdanh/Documents/EmoMV/Dataset3/DS3_train_match/8wxOVn99FTE_01.mp4,relax,4,DS3,match,676fea107ad062b7bea4aec75982169caab4237a244200e83eb7bdc284e0c2f9,DS3__8wxOVn99FTE,29.9883,719,23.976,0,DS3__8wxOVn99FTE_01,0,719,29.9883
DS3__3zUUtf7gOe8_00,/Users/rafiabhista/Documents/code/apple/c1_audio/emomv_2/aria/media/minhdanh/5e31d1e3-0187-4837-8530-60bbac61578f1/home/minhdanh/Documents/EmoMV/Dataset3/DS3_train_match/3zUUtf7gOe8_00.mp4,relax,4,DS3,match,9ed419407d07d10bac5f363aec3c8f34f0672740dea81f47495264f0b08cfce3,DS3__3zUUtf7gOe8,30.03,720,23.976,0,DS3__3zUUtf7gOe8_00,0,720,30.03
DS3__yA9WhYnsD_4_06,/Users/rafiabhista/Documents/code/apple/c1_audio/emomv_2/aria/media/minhdanh/5e31d1e3-0187-4837-8530-60bbac61578f1/home/minhdanh/Documents/EmoMV/Dataset3/DS3_val_match/yA9WhYnsD_4_06.mp4,exciting,0,DS3,match,6c73d39ba3bee51b96d44b7fb470c63d3dc2365df004c0cfa8f514d90342b36f,DS3__yA9WhYnsD_4,29.9883,719,23.976,0,DS3__yA9WhYnsD_4_06,0,719,29.9883
DS3__wBl2QGAIx1s_06,/Users/rafiabhista/Documents/code/apple/c1_audio/emomv_2/aria/media/minhdanh/5e31d1e3-0187-4837-8530-60bbac61578f1/home/minhdanh/Documents/EmoMV/Dataset3/DS3_val_match/wBl2QGAIx1s_06.mp4,exciting,0,DS3,match,8b762e567cb136fa53cd3d416ccde21863e0957979246c82ca3cc0d0723157d8,DS3__wBl2QGAIx1s,29.9883,719,23.976,0,DS3__wBl2QGAIx1s_06,0,719,29.9883
DS3__umeajkNL5Hw_01,/Users/rafiabhista/Documents/code/apple/c1_audio/emomv_2/aria/media/minhdanh/5e31d1e3-0187-4837-8530-60bbac61578f1/home/minhdanh/Documents/EmoMV/Dataset3/DS3_val_match/umeajkNL5Hw_01.mp4,exciting,0,DS3,match,530a4af1a84654eb42447e7ccfe20315912ca0bf7fc83f265a47d38d0d9700c6,DS3__umeajkNL5Hw,29.9966,899,29.97,0,DS3__umeajkNL5Hw_01,0,899,29.9966
DS3__uZD8HKVKneI_02,/Users/rafiabhista/Documents/code/apple/c1_audio/emomv_2/aria/media/minhdanh/5e31d1e3-0187-4837-8530-60bbac61578f1/home/minhdanh/Documents/EmoMV/Dataset3/DS3_val_match/uZD8HKVKneI_02.mp4,exciting,0,DS3,match,97bbedd50d271973de89232ff4270f046bc334f732f3d12c5855dc73683bc843,DS3__uZD8HKVKneI,29.9883,719,23.976,0,DS3__uZD8HKVKneI_02,0,719,29.9883
DS3__Vet6AHmq3_s_00,/Users/rafiabhista/Documents/code/apple/c1_audio/emomv_2/aria/media/minhdanh/5e31d1e3-0187-4837-8530-60bbac61578f1/home/minhdanh/Documents/EmoMV/Dataset3/DS3_val_match/Vet6AHmq3_s_00.mp4,exciting,0,DS3,match,5af79f4af8411dcddeea01ba9b9bbe137a52fb3e3183448e4ef0bc0cffb0dcb5,DS3__Vet6AHmq3_s,30.0,720,24.0,0,DS3__Vet6AHmq3_s_00,0,720,30.0
DS3__TxrwImCJCqk_01,/Users/rafiabhista/Documents/code/apple/c1_audio/emomv_2/aria/media/minhdanh/5e31d1e3-0187-4837-8530-60bbac61578f1/home/minhdanh/Documents/EmoMV/Dataset3/DS3_val_match/TxrwImCJCqk_01.mp4,exciting,0,DS3,match,a5273685fa9256b053dad7b829efa189b3b1f5795eacb50d4b9590679abc5567,DS3__TxrwImCJCqk,29.9966,899,29.97,0,DS3__TxrwImCJCqk_01,0,899,29.9966
DS3__wBl2QGAIx1s_05,/Users/rafiabhista/Documents/code/apple/c1_audio/emomv_2/aria/media/minhdanh/5e31d1e3-0187-4837-8530-60bbac61578f1/home/minhdanh/Documents/EmoMV/Dataset3/DS3_val_match/wBl2QGAIx1s_05.mp4,exciting,0,DS3,match,c9caaa921e321b3d63e1aeff714ef2e138548ff5fbbcd9be3720e9cf71f646ee,DS3__wBl2QGAIx1s,29.9883,719,23.976,0,DS3__wBl2QGAIx1s_05,0,719,29.9883
DS3__ZkW-K5RQdzo_01,/Users/rafiabhista/Documents/code/apple/c1_audio/emomv_2/aria/media/minhdanh/5e31d1e3-0187-4837-8530-60bbac61578f1/home/minhdanh/Documents/EmoMV/Dataset3/DS3_val_match/ZkW-K5RQdzo_01.mp4,fear,1,DS3,match,93d491276962cbc7ef87da78756408ec8bc17e74938dde577123c7817c3e37b0,DS3__ZkW-K5RQdzo,29.9883,719,23.976,0,DS3__ZkW-K5RQdzo_01,0,719,29.9883
DS3__YapV4YaTgEc_05,/Users/rafiabhista/Documents/code/apple/c1_audio/emomv_2/aria/media/minhdanh/5e31d1e3-0187-4837-8530-60bbac61578f1/home/minhdanh/Documents/EmoMV/Dataset3/DS3_val_match/YapV4YaTgEc_05.mp4,fear,1,DS3,match,af9a52fdfa362b200c5d34555aecd3d3dcdb5b032efc1bc8f57ef2f3fac11331,DS3__YapV4YaTgEc,30.0,900,30.0,0,DS3__YapV4YaTgEc_05,0,900,30.0
DS3__ZkW-K5RQdzo_04,/Users/rafiabhista/Documents/code/apple/c1_audio/emomv_2/aria/media/minhdanh/5e31d1e3-0187-4837-8530-60bbac61578f1/home/minhdanh/Documents/EmoMV/Dataset3/DS3_val_match/ZkW-K5RQdzo_04.mp4,tense,2,DS3,match,75b69684a79256ba57f15a593d53459390f06e00629a776ab5296284a292da68,DS3__ZkW-K5RQdzo,29.9883,719,23.976,0,DS3__ZkW-K5RQdzo_04,0,719,29.9883
DS3__Ol87N0nxfVs_03,/Users/rafiabhista/Documents/code/apple/c1_audio/emomv_2/aria/media/minhdanh/5e31d1e3-0187-4837-8530-60bbac61578f1/home/minhdanh/Documents/EmoMV/Dataset3/DS3_val_match/Ol87N0nxfVs_03.mp4,tense,2,DS3,match,b2c73a6ab0599934f80a4371142a146380c134d8853ea544fad70e66bb65347e,DS3__Ol87N0nxfVs,29.9966,899,29.97,0,DS3__Ol87N0nxfVs_03,0,899,29.9966
DS3__VwAnsAUYnw4_05,/Users/rafiabhista/Documents/code/apple/c1_audio/emomv_2/aria/media/minhdanh/5e31d1e3-0187-4837-8530-60bbac61578f1/home/minhdanh/Documents/EmoMV/Dataset3/DS3_val_match/VwAnsAUYnw4_05.mp4,tense,2,DS3,match,5c78658b3a0938b725e1cda4efa0de3e735399fe313054c6a52725eee94b0282,DS3__VwAnsAUYnw4,29.9883,719,23.976,0,DS3__VwAnsAUYnw4_05,0,719,29.9883
DS3__umeajkNL5Hw_03,/Users/rafiabhista/Documents/code/apple/c1_audio/emomv_2/aria/media/minhdanh/5e31d1e3-0187-4837-8530-60bbac61578f1/home/minhdanh/Documents/EmoMV/Dataset3/DS3_val_match/umeajkNL5Hw_03.mp4,tense,2,DS3,match,f867cc687ba6fe74f6adfab4034c76718e6879b9f5b7eeeffec48d6f3e17b0bd,DS3__umeajkNL5Hw,29.9966,899,29.97,0,DS3__umeajkNL5Hw_03,0,899,29.9966
DS3__zON0hoRwqSw_01,/Users/rafiabhista/Documents/code/apple/c1_audio/emomv_2/aria/media/minhdanh/5e31d1e3-0187-4837-8530-60bbac61578f1/home/minhdanh/Documents/EmoMV/Dataset3/DS3_val_match/zON0hoRwqSw_01.mp4,sad,3,DS3,match,e360fafd9f52254b17df96f4428c7ad90033127018f0bea920c11e69804cd109,DS3__zON0hoRwqSw,30.0,750,25.0,0,DS3__zON0hoRwqSw_01,0,750,30.0
DS3__W-w3WfgpcGg_03,/Users/rafiabhista/Documents/code/apple/c1_audio/emomv_2/aria/media/minhdanh/5e31d1e3-0187-4837-8530-60bbac61578f1/home/minhdanh/Documents/EmoMV/Dataset3/DS3_val_match/W-w3WfgpcGg_03.mp4,sad,3,DS3,match,3b66672bdfda11ae4cd39be13c6d249f2b236e637c0e2b4c69b931442667d71f,DS3__W-w3WfgpcGg,30.03,720,23.976,0,DS3__W-w3WfgpcGg_03,0,720,30.03
DS3__TZI5cAV0BOo_01,/Users/rafiabhista/Documents/code/apple/c1_audio/emomv_2/aria/media/minhdanh/5e31d1e3-0187-4837-8530-60bbac61578f1/home/minhdanh/Documents/EmoMV/Dataset3/DS3_val_match/TZI5cAV0BOo_01.mp4,sad,3,DS3,match,1965d2990a6a0d584b9e1fbe06a030e56c4c347148698eb84c8398a57cc92a85,DS3__TZI5cAV0BOo,30.0,900,30.0,0,DS3__TZI5cAV0BOo_01,0,900,30.0
DS3__XwI4zsNteU8_04,/Users/rafiabhista/Documents/code/apple/c1_audio/emomv_2/aria/media/minhdanh/5e31d1e3-0187-4837-8530-60bbac61578f1/home/minhdanh/Documents/EmoMV/Dataset3/DS3_val_match/XwI4zsNteU8_04.mp4,sad,3,DS3,match,e4f1956b6e14449c28485bed694713a85ade4d7007bf0b1c9605889f6efcd137,DS3__XwI4zsNteU8,29.9883,719,23.976,0,DS3__XwI4zsNteU8_04,0,719,29.9883
DS3__YI4m-l2yRZA_03,/Users/rafiabhista/Documents/code/apple/c1_audio/emomv_2/aria/media/minhdanh/5e31d1e3-0187-4837-8530-60bbac61578f1/home/minhdanh/Documents/EmoMV/Dataset3/DS3_val_match/YI4m-l2yRZA_03.mp4,sad,3,DS3,match,9094266b6fb61691c0cd1948f33ec8b27897e3721b249dbe82f9c0f3c637bb81,DS3__YI4m-l2yRZA,29.9966,899,29.97,0,DS3__YI4m-l2yRZA_03,0,899,29.9966
DS3__v_I-z_AJ_4Q_03,/Users/rafiabhista/Documents/code/apple/c1_audio/emomv_2/aria/media/minhdanh/5e31d1e3-0187-4837-8530-60bbac61578f1/home/minhdanh/Documents/EmoMV/Dataset3/DS3_val_match/v_I-z_AJ_4Q_03.mp4,sad,3,DS3,match,ad6b0d6f7c0c4db8d1dbff2795c1d93e1a6bdc386f23b64868db7fa3f408f75d,DS3__v_I-z_AJ_4Q,29.9966,899,29.97,0,DS3__v_I-z_AJ_4Q_03,0,899,29.9966
DS3__vptfm9D6owo_05,/Users/rafiabhista/Documents/code/apple/c1_audio/emomv_2/aria/media/minhdanh/5e31d1e3-0187-4837-8530-60bbac61578f1/home/minhdanh/Documents/EmoMV/Dataset3/DS3_val_match/vptfm9D6owo_05.mp4,sad,3,DS3,match,5524917ac0b218b9a02fb521830388f19679815c7a254f79a8cf6c4d1cdd0807,DS3__vptfm9D6owo,29.9883,719,23.976,0,DS3__vptfm9D6owo_05,0,719,29.9883
DS3__wY473jAptyw_08,/Users/rafiabhista/Documents/code/apple/c1_audio/emomv_2/aria/media/minhdanh/5e31d1e3-0187-4837-8530-60bbac61578f1/home/minhdanh/Documents/EmoMV/Dataset3/DS3_val_match/wY473jAptyw_08.mp4,sad,3,DS3,match,3ecf52826f91dd84d5aab29e28567cd6e8d7bb5775363495b1d4c89b05c5f8a6,DS3__wY473jAptyw,30.0,750,25.0,0,DS3__wY473jAptyw_08,0,750,30.0
DS3__y8AWFf7EAc4_03,/Users/rafiabhista/Documents/code/apple/c1_audio/emomv_2/aria/media/minhdanh/5e31d1e3-0187-4837-8530-60bbac61578f1/home/minhdanh/Documents/EmoMV/Dataset3/DS3_val_match/y8AWFf7EAc4_03.mp4,sad,3,DS3,match,cf5f125228af4d9f79f8f4ba163c689b67ad67c6fa218c9fe78ab70e302a9ffe,DS3__y8AWFf7EAc4,29.9966,899,29.97,0,DS3__y8AWFf7EAc4_03,0,899,29.9966
DS3__wY473jAptyw_01,/Users/rafiabhista/Documents/code/apple/c1_audio/emomv_2/aria/media/minhdanh/5e31d1e3-0187-4837-8530-60bbac61578f1/home/minhdanh/Documents/EmoMV/Dataset3/DS3_val_match/wY473jAptyw_01.mp4,sad,3,DS3,match,e6f061c13177ff1d9ebbc81bf0c5c4d338bd4a0b474adc70e3f660477388c2e4,DS3__wY473jAptyw,30.0,750,25.0,0,DS3__wY473jAptyw_01,0,750,30.0
DS3__yivLt9cTaio_05,/Users/rafiabhista/Documents/code/apple/c1_audio/emomv_2/aria/media/minhdanh/5e31d1e3-0187-4837-8530-60bbac61578f1/home/minhdanh/Documents/EmoMV/Dataset3/DS3_val_match/yivLt9cTaio_05.mp4,relax,4,DS3,match,94259c60d63ad17a608478c1e37bec8a9469f4b88db5a31dd982e414c629dded,DS3__yivLt9cTaio,29.9966,899,29.97,0,DS3__yivLt9cTaio_05,0,899,29.9966
DS3__ZNra8eK0K6k_01,/Users/rafiabhista/Documents/code/apple/c1_audio/emomv_2/aria/media/minhdanh/5e31d1e3-0187-4837-8530-60bbac61578f1/home/minhdanh/Documents/EmoMV/Dataset3/DS3_val_match/ZNra8eK0K6k_01.mp4,relax,4,DS3,match,79479ea879a44d9f70dbad01f51aa39f7d4dcff972968f8fce118b9ae4591095,DS3__ZNra8eK0K6k,29.9883,719,23.976,0,DS3__ZNra8eK0K6k_01,0,719,29.9883
DS3__ZIyYMjI-xFg_03,/Users/rafiabhista/Documents/code/apple/c1_audio/emomv_2/aria/media/minhdanh/5e31d1e3-0187-4837-8530-60bbac61578f1/home/minhdanh/Documents/EmoMV/Dataset3/DS3_val_match/ZIyYMjI-xFg_03.mp4,relax,4,DS3,match,e7493f8561bde0ece9ef1740bca08a6ef391e7fe5a8fe480b70b29df20a4edb3,DS3__ZIyYMjI-xFg,30.03,720,23.976,0,DS3__ZIyYMjI-xFg_03,0,720,30.03
DS3__yge2PqEZZJo_06,/Users/rafiabhista/Documents/code/apple/c1_audio/emomv_2/aria/media/minhdanh/5e31d1e3-0187-4837-8530-60bbac61578f1/home/minhdanh/Documents/EmoMV/Dataset3/DS3_val_match/yge2PqEZZJo_06.mp4,relax,4,DS3,match,4385bbd0788b5542af7be31209180f281bfe5a26ce139c78b1e3a52aa5a20c51,DS3__yge2PqEZZJo,30.0,750,25.0,0,DS3__yge2PqEZZJo_06,0,750,30.0
DS3__siwpn14IE7E_01,/Users/rafiabhista/Documents/code/apple/c1_audio/emomv_2/aria/media/minhdanh/5e31d1e3-0187-4837-8530-60bbac61578f1/home/minhdanh/Documents/EmoMV/Dataset3/DS3_val_match/siwpn14IE7E_01.mp4,relax,4,DS3,match,6c115ff38ed6e3d2782b8148fb4268465c32b781c4555dc045b4c75eaae2d555,DS3__siwpn14IE7E,29.9966,899,29.97,0,DS3__siwpn14IE7E_01,0,899,29.9966
DS3__yge2PqEZZJo_00,/Users/rafiabhista/Documents/code/apple/c1_audio/emomv_2/aria/media/minhdanh/5e31d1e3-0187-4837-8530-60bbac61578f1/home/minhdanh/Documents/EmoMV/Dataset3/DS3_val_match/yge2PqEZZJo_00.mp4,relax,4,DS3,match,75d03bf94c6c1596bd0fcfc37916157103fde5bc4ee13a458db724ec0cd3a8e0,DS3__yge2PqEZZJo,30.0,750,25.0,0,DS3__yge2PqEZZJo_00,0,750,30.0
DS3__SidxJz94Svs_03,/Users/rafiabhista/Documents/code/apple/c1_audio/emomv_2/aria/media/minhdanh/5e31d1e3-0187-4837-8530-60bbac61578f1/home/minhdanh/Documents/EmoMV/Dataset3/DS3_val_match/SidxJz94Svs_03.mp4,relax,4,DS3,match,ecc813641448f4f289b3c8d5666646f30250a1f8aaeebeb52569e9c4a450af05,DS3__SidxJz94Svs,30.0,900,30.0,0,DS3__SidxJz94Svs_03,0,900,30.0
DS3__x55doVYxwbQ_04,/Users/rafiabhista/Documents/code/apple/c1_audio/emomv_2/aria/media/minhdanh/5e31d1e3-0187-4837-8530-60bbac61578f1/home/minhdanh/Documents/EmoMV/Dataset3/DS3_val_match/x55doVYxwbQ_04.mp4,relax,4,DS3,match,366d1283d51c0df3c59c1b10bb15c9b740dd19ae7d68926fb955986b8b7e4af1,DS3__x55doVYxwbQ,30.0,750,25.0,0,DS3__x55doVYxwbQ_04,0,750,30.0
DS3__yO28Z5_Eyls_00,/Users/rafiabhista/Documents/code/apple/c1_audio/emomv_2/aria/media/minhdanh/5e31d1e3-0187-4837-8530-60bbac61578f1/home/minhdanh/Documents/EmoMV/Dataset3/DS3_val_match/yO28Z5_Eyls_00.mp4,relax,4,DS3,match,7b8b89a51e7fe6c689130f658a186004fd27c3b258566fd4852c3d94417abe6b,DS3__yO28Z5_Eyls,30.03,720,23.976,0,DS3__yO28Z5_Eyls_00,0,720,30.03
